============================= test session starts ==============================
platform linux -- Python 3.11.10, pytest-9.1.1, pluggy-1.6.0 -- /tmp/cuvarbase-phase5/venvs/wheel-test/bin/python
rootdir: /workspace/artifact-run
collecting ... collected 1784 items

tests/test_api_freeze.py::test_all_equals_lazy_attrs PASSED              [  0%]
tests/test_api_freeze.py::test_public_name_resolves[BLSBatchMemory] PASSED [  0%]
tests/test_api_freeze.py::test_public_name_resolves[BLSMemory] PASSED    [  0%]
tests/test_api_freeze.py::test_public_name_resolves[ConditionalEntropyAsyncProcess] PASSED [  0%]
tests/test_api_freeze.py::test_public_name_resolves[ConditionalEntropyMemory] PASSED [  0%]
tests/test_api_freeze.py::test_public_name_resolves[GPUAsyncProcess] PASSED [  0%]
tests/test_api_freeze.py::test_public_name_resolves[LombScargleAsyncProcess] PASSED [  0%]
tests/test_api_freeze.py::test_public_name_resolves[LombScargleMemory] PASSED [  0%]
tests/test_api_freeze.py::test_public_name_resolves[NFFTAsyncProcess] PASSED [  0%]
tests/test_api_freeze.py::test_public_name_resolves[NFFTMemory] PASSED   [  0%]
tests/test_api_freeze.py::test_public_name_resolves[PDMAsyncProcess] PASSED [  0%]
tests/test_api_freeze.py::test_public_name_resolves[conditional_entropy] PASSED [  0%]
tests/test_api_freeze.py::test_public_name_resolves[conditional_entropy_fast] PASSED [  0%]
tests/test_api_freeze.py::test_public_name_resolves[lomb_scargle_async] PASSED [  0%]
tests/test_api_freeze.py::test_public_name_resolves[nfft_adjoint_async] PASSED [  0%]
tests/test_api_freeze.py::test_no_accidental_bls_names PASSED            [  0%]
tests/test_api_freeze.py::test_submodules_reachable_as_attributes PASSED [  0%]
tests/test_api_freeze.py::test_nufft_lrt_not_top_level PASSED            [  1%]
tests/test_api_freeze.py::test_star_import_emits_no_experimental_warning PASSED [  1%]
tests/test_api_freeze.py::test_nufft_lrt_warns_at_construction PASSED    [  1%]
tests/test_api_freeze.py::test_core_module_is_deprecated_alias PASSED    [  1%]
tests/test_api_freeze.py::test_no_internal_import_of_core PASSED         [  1%]
tests/test_api_freeze.py::test_bls_allocate_pinned_arrays_warns PASSED   [  1%]
tests/test_api_freeze.py::test_pdm_four_tuple_warning_wording PASSED     [  1%]
tests/test_api_freeze.py::test_gpu_async_process_device_keyword PASSED   [  1%]
tests/test_api_freeze.py::test_utils_weights_is_canonical PASSED         [  1%]
tests/test_api_freeze.py::test_removed_names_are_gone[cuvarbase.tls_stats-pink_noise_correction] PASSED [  1%]
tests/test_api_freeze.py::test_removed_names_are_gone[cuvarbase.tls_grids-estimate_n_evaluations] PASSED [  1%]
tests/test_api_freeze.py::test_removed_names_are_gone[cuvarbase.tls-_next_pow2] PASSED [  1%]
tests/test_api_freeze.py::test_removed_names_are_gone[cuvarbase.utils-tophat_window] PASSED [  1%]
tests/test_api_freeze.py::test_removed_names_are_gone[cuvarbase.utils-gaussian_window] PASSED [  1%]
tests/test_api_freeze.py::test_removed_names_are_gone[cuvarbase.utils-get_autofreqs] PASSED [  1%]
tests/test_api_freeze.py::test_removed_parameters_are_gone PASSED        [  1%]
tests/test_api_freeze.py::test_keyword_only_after_data_arguments[tls_search_gpu] PASSED [  1%]
tests/test_api_freeze.py::test_keyword_only_after_data_arguments[tls_search_batch] PASSED [  1%]
tests/test_api_freeze.py::test_keyword_only_after_data_arguments[tls_transit] PASSED [  2%]
tests/test_api_freeze.py::test_keyword_only_after_data_arguments[eebls_gpu_batch] PASSED [  2%]
tests/test_api_freeze.py::test_keyword_only_after_data_arguments[keplerian_freq_grid] PASSED [  2%]
tests/test_api_freeze.py::test_keyword_only_after_data_arguments[uniform_freq_grid] PASSED [  2%]
tests/test_api_freeze.py::test_keyword_only_after_data_arguments[convert_bls_power] PASSED [  2%]
tests/test_api_freeze.py::test_module_all_is_explicit_and_resolvable[bls] PASSED [  2%]
tests/test_api_freeze.py::test_module_all_is_explicit_and_resolvable[bls_frequencies] PASSED [  2%]
tests/test_api_freeze.py::test_module_all_is_explicit_and_resolvable[ce] PASSED [  2%]
tests/test_api_freeze.py::test_module_all_is_explicit_and_resolvable[cunfft] PASSED [  2%]
tests/test_api_freeze.py::test_module_all_is_explicit_and_resolvable[lombscargle] PASSED [  2%]
tests/test_api_freeze.py::test_module_all_is_explicit_and_resolvable[pdm] PASSED [  2%]
tests/test_api_freeze.py::test_module_all_is_explicit_and_resolvable[tls] PASSED [  2%]
tests/test_api_freeze.py::test_module_all_is_explicit_and_resolvable[tls_grids] PASSED [  2%]
tests/test_api_freeze.py::test_module_all_is_explicit_and_resolvable[tls_models] PASSED [  2%]
tests/test_api_freeze.py::test_module_all_is_explicit_and_resolvable[tls_stats] PASSED [  2%]
tests/test_api_freeze.py::test_module_all_is_explicit_and_resolvable[utils] PASSED [  2%]
tests/test_api_freeze.py::test_module_all_is_explicit_and_resolvable[cufinufft_backend] PASSED [  2%]
tests/test_api_freeze.py::test_module_all_is_explicit_and_resolvable[nufft_lrt] PASSED [  2%]
tests/test_api_freeze.py::test_documented_names_are_in_module_all SKIPPED [  3%]
tests/test_api_freeze.py::test_docstring_defaults_match_signatures PASSED [  3%]
tests/test_api_freeze.py::test_finding_134_sites PASSED                  [  3%]
tests/test_bls.py::TestBLS::test_ignore_positive_sols[args0] PASSED      [  3%]
tests/test_bls.py::TestBLS::test_transit_parameter_consistency[True-1-1-0.2-0.0-0.3] PASSED [  3%]
tests/test_bls.py::TestBLS::test_transit_parameter_consistency[True-1-1-0.2-0.5-0.3] PASSED [  3%]
tests/test_bls.py::TestBLS::test_transit_parameter_consistency[True-1-1--1-0.0-0.3] PASSED [  3%]
tests/test_bls.py::TestBLS::test_transit_parameter_consistency[True-1-1--1-0.5-0.3] PASSED [  3%]
tests/test_bls.py::TestBLS::test_transit_parameter_consistency[True-1-3-0.2-0.0-0.3] PASSED [  3%]
tests/test_bls.py::TestBLS::test_transit_parameter_consistency[True-1-3-0.2-0.5-0.3] PASSED [  3%]
tests/test_bls.py::TestBLS::test_transit_parameter_consistency[True-1-3--1-0.0-0.3] PASSED [  3%]
tests/test_bls.py::TestBLS::test_transit_parameter_consistency[True-1-3--1-0.5-0.3] PASSED [  3%]
tests/test_bls.py::TestBLS::test_transit_parameter_consistency[True-3-1-0.2-0.0-0.3] PASSED [  3%]
tests/test_bls.py::TestBLS::test_transit_parameter_consistency[True-3-1-0.2-0.5-0.3] PASSED [  3%]
tests/test_bls.py::TestBLS::test_transit_parameter_consistency[True-3-1--1-0.0-0.3] PASSED [  3%]
tests/test_bls.py::TestBLS::test_transit_parameter_consistency[True-3-1--1-0.5-0.3] PASSED [  3%]
tests/test_bls.py::TestBLS::test_transit_parameter_consistency[True-3-3-0.2-0.0-0.3] PASSED [  3%]
tests/test_bls.py::TestBLS::test_transit_parameter_consistency[True-3-3-0.2-0.5-0.3] PASSED [  3%]
tests/test_bls.py::TestBLS::test_transit_parameter_consistency[True-3-3--1-0.0-0.3] PASSED [  4%]
tests/test_bls.py::TestBLS::test_transit_parameter_consistency[True-3-3--1-0.5-0.3] PASSED [  4%]
tests/test_bls.py::TestBLS::test_transit_parameter_consistency[True-None-1-0.2-0.0-0.3] PASSED [  4%]
tests/test_bls.py::TestBLS::test_transit_parameter_consistency[True-None-1-0.2-0.5-0.3] PASSED [  4%]
tests/test_bls.py::TestBLS::test_transit_parameter_consistency[True-None-1--1-0.0-0.3] PASSED [  4%]
tests/test_bls.py::TestBLS::test_transit_parameter_consistency[True-None-1--1-0.5-0.3] PASSED [  4%]
tests/test_bls.py::TestBLS::test_transit_parameter_consistency[True-None-3-0.2-0.0-0.3] PASSED [  4%]
tests/test_bls.py::TestBLS::test_transit_parameter_consistency[True-None-3-0.2-0.5-0.3] PASSED [  4%]
tests/test_bls.py::TestBLS::test_transit_parameter_consistency[True-None-3--1-0.0-0.3] PASSED [  4%]
tests/test_bls.py::TestBLS::test_transit_parameter_consistency[True-None-3--1-0.5-0.3] PASSED [  4%]
tests/test_bls.py::TestBLS::test_transit_parameter_consistency[False-1-1-0.2-0.0-0.3] PASSED [  4%]
tests/test_bls.py::TestBLS::test_transit_parameter_consistency[False-1-1-0.2-0.5-0.3] PASSED [  4%]
tests/test_bls.py::TestBLS::test_transit_parameter_consistency[False-1-1--1-0.0-0.3] PASSED [  4%]
tests/test_bls.py::TestBLS::test_transit_parameter_consistency[False-1-1--1-0.5-0.3] PASSED [  4%]
tests/test_bls.py::TestBLS::test_transit_parameter_consistency[False-1-3-0.2-0.0-0.3] PASSED [  4%]
tests/test_bls.py::TestBLS::test_transit_parameter_consistency[False-1-3-0.2-0.5-0.3] PASSED [  4%]
tests/test_bls.py::TestBLS::test_transit_parameter_consistency[False-1-3--1-0.0-0.3] PASSED [  4%]
tests/test_bls.py::TestBLS::test_transit_parameter_consistency[False-1-3--1-0.5-0.3] PASSED [  4%]
tests/test_bls.py::TestBLS::test_transit_parameter_consistency[False-3-1-0.2-0.0-0.3] PASSED [  5%]
tests/test_bls.py::TestBLS::test_transit_parameter_consistency[False-3-1-0.2-0.5-0.3] PASSED [  5%]
tests/test_bls.py::TestBLS::test_transit_parameter_consistency[False-3-1--1-0.0-0.3] PASSED [  5%]
tests/test_bls.py::TestBLS::test_transit_parameter_consistency[False-3-1--1-0.5-0.3] PASSED [  5%]
tests/test_bls.py::TestBLS::test_transit_parameter_consistency[False-3-3-0.2-0.0-0.3] PASSED [  5%]
tests/test_bls.py::TestBLS::test_transit_parameter_consistency[False-3-3-0.2-0.5-0.3] PASSED [  5%]
tests/test_bls.py::TestBLS::test_transit_parameter_consistency[False-3-3--1-0.0-0.3] PASSED [  5%]
tests/test_bls.py::TestBLS::test_transit_parameter_consistency[False-3-3--1-0.5-0.3] PASSED [  5%]
tests/test_bls.py::TestBLS::test_transit_parameter_consistency[False-None-1-0.2-0.0-0.3] PASSED [  5%]
tests/test_bls.py::TestBLS::test_transit_parameter_consistency[False-None-1-0.2-0.5-0.3] PASSED [  5%]
tests/test_bls.py::TestBLS::test_transit_parameter_consistency[False-None-1--1-0.0-0.3] PASSED [  5%]
tests/test_bls.py::TestBLS::test_transit_parameter_consistency[False-None-1--1-0.5-0.3] PASSED [  5%]
tests/test_bls.py::TestBLS::test_transit_parameter_consistency[False-None-3-0.2-0.0-0.3] PASSED [  5%]
tests/test_bls.py::TestBLS::test_transit_parameter_consistency[False-None-3-0.2-0.5-0.3] PASSED [  5%]
tests/test_bls.py::TestBLS::test_transit_parameter_consistency[False-None-3--1-0.0-0.3] PASSED [  5%]
tests/test_bls.py::TestBLS::test_transit_parameter_consistency[False-None-3--1-0.5-0.3] PASSED [  5%]
tests/test_bls.py::TestBLS::test_custom[True-1-1-0-0-1.0] PASSED         [  5%]
tests/test_bls.py::TestBLS::test_custom[True-1-1-0-10-1.0] PASSED        [  5%]
tests/test_bls.py::TestBLS::test_custom[True-1-1-5-0-1.0] PASSED         [  6%]
tests/test_bls.py::TestBLS::test_custom[True-1-1-5-10-1.0] PASSED        [  6%]
tests/test_bls.py::TestBLS::test_custom[True-1-3-0-0-1.0] PASSED         [  6%]
tests/test_bls.py::TestBLS::test_custom[True-1-3-0-10-1.0] PASSED        [  6%]
tests/test_bls.py::TestBLS::test_custom[True-1-3-5-0-1.0] PASSED         [  6%]
tests/test_bls.py::TestBLS::test_custom[True-1-3-5-10-1.0] PASSED        [  6%]
tests/test_bls.py::TestBLS::test_custom[True-3-1-0-0-1.0] PASSED         [  6%]
tests/test_bls.py::TestBLS::test_custom[True-3-1-0-10-1.0] PASSED        [  6%]
tests/test_bls.py::TestBLS::test_custom[True-3-1-5-0-1.0] PASSED         [  6%]
tests/test_bls.py::TestBLS::test_custom[True-3-1-5-10-1.0] PASSED        [  6%]
tests/test_bls.py::TestBLS::test_custom[True-3-3-0-0-1.0] PASSED         [  6%]
tests/test_bls.py::TestBLS::test_custom[True-3-3-0-10-1.0] PASSED        [  6%]
tests/test_bls.py::TestBLS::test_custom[True-3-3-5-0-1.0] PASSED         [  6%]
tests/test_bls.py::TestBLS::test_custom[True-3-3-5-10-1.0] PASSED        [  6%]
tests/test_bls.py::TestBLS::test_custom[True-None-1-0-0-1.0] PASSED      [  6%]
tests/test_bls.py::TestBLS::test_custom[True-None-1-0-10-1.0] PASSED     [  6%]
tests/test_bls.py::TestBLS::test_custom[True-None-1-5-0-1.0] PASSED      [  6%]
tests/test_bls.py::TestBLS::test_custom[True-None-1-5-10-1.0] PASSED     [  7%]
tests/test_bls.py::TestBLS::test_custom[True-None-3-0-0-1.0] PASSED      [  7%]
tests/test_bls.py::TestBLS::test_custom[True-None-3-0-10-1.0] PASSED     [  7%]
tests/test_bls.py::TestBLS::test_custom[True-None-3-5-0-1.0] PASSED      [  7%]
tests/test_bls.py::TestBLS::test_custom[True-None-3-5-10-1.0] PASSED     [  7%]
tests/test_bls.py::TestBLS::test_custom[False-1-1-0-0-1.0] PASSED        [  7%]
tests/test_bls.py::TestBLS::test_custom[False-1-1-0-10-1.0] PASSED       [  7%]
tests/test_bls.py::TestBLS::test_custom[False-1-1-5-0-1.0] PASSED        [  7%]
tests/test_bls.py::TestBLS::test_custom[False-1-1-5-10-1.0] PASSED       [  7%]
tests/test_bls.py::TestBLS::test_custom[False-1-3-0-0-1.0] PASSED        [  7%]
tests/test_bls.py::TestBLS::test_custom[False-1-3-0-10-1.0] PASSED       [  7%]
tests/test_bls.py::TestBLS::test_custom[False-1-3-5-0-1.0] PASSED        [  7%]
tests/test_bls.py::TestBLS::test_custom[False-1-3-5-10-1.0] PASSED       [  7%]
tests/test_bls.py::TestBLS::test_custom[False-3-1-0-0-1.0] PASSED        [  7%]
tests/test_bls.py::TestBLS::test_custom[False-3-1-0-10-1.0] PASSED       [  7%]
tests/test_bls.py::TestBLS::test_custom[False-3-1-5-0-1.0] PASSED        [  7%]
tests/test_bls.py::TestBLS::test_custom[False-3-1-5-10-1.0] PASSED       [  7%]
tests/test_bls.py::TestBLS::test_custom[False-3-3-0-0-1.0] PASSED        [  7%]
tests/test_bls.py::TestBLS::test_custom[False-3-3-0-10-1.0] PASSED       [  8%]
tests/test_bls.py::TestBLS::test_custom[False-3-3-5-0-1.0] PASSED        [  8%]
tests/test_bls.py::TestBLS::test_custom[False-3-3-5-10-1.0] PASSED       [  8%]
tests/test_bls.py::TestBLS::test_custom[False-None-1-0-0-1.0] PASSED     [  8%]
tests/test_bls.py::TestBLS::test_custom[False-None-1-0-10-1.0] PASSED    [  8%]
tests/test_bls.py::TestBLS::test_custom[False-None-1-5-0-1.0] PASSED     [  8%]
tests/test_bls.py::TestBLS::test_custom[False-None-1-5-10-1.0] PASSED    [  8%]
tests/test_bls.py::TestBLS::test_custom[False-None-3-0-0-1.0] PASSED     [  8%]
tests/test_bls.py::TestBLS::test_custom[False-None-3-0-10-1.0] PASSED    [  8%]
tests/test_bls.py::TestBLS::test_custom[False-None-3-5-0-1.0] PASSED     [  8%]
tests/test_bls.py::TestBLS::test_custom[False-None-3-5-10-1.0] PASSED    [  8%]
tests/test_bls.py::TestBLS::test_standard[True-1-1-0-0-1.0] PASSED       [  8%]
tests/test_bls.py::TestBLS::test_standard[True-1-1-0-10-1.0] PASSED      [  8%]
tests/test_bls.py::TestBLS::test_standard[True-1-1-0--1-1.0] PASSED      [  8%]
tests/test_bls.py::TestBLS::test_standard[True-1-1-5-0-1.0] PASSED       [  8%]
tests/test_bls.py::TestBLS::test_standard[True-1-1-5-10-1.0] PASSED      [  8%]
tests/test_bls.py::TestBLS::test_standard[True-1-1-5--1-1.0] PASSED      [  8%]
tests/test_bls.py::TestBLS::test_standard[True-1-1--1-0-1.0] PASSED      [  8%]
tests/test_bls.py::TestBLS::test_standard[True-1-1--1-10-1.0] PASSED     [  9%]
tests/test_bls.py::TestBLS::test_standard[True-1-1--1--1-1.0] PASSED     [  9%]
tests/test_bls.py::TestBLS::test_standard[True-1-3-0-0-1.0] PASSED       [  9%]
tests/test_bls.py::TestBLS::test_standard[True-1-3-0-10-1.0] PASSED      [  9%]
tests/test_bls.py::TestBLS::test_standard[True-1-3-0--1-1.0] PASSED      [  9%]
tests/test_bls.py::TestBLS::test_standard[True-1-3-5-0-1.0] PASSED       [  9%]
tests/test_bls.py::TestBLS::test_standard[True-1-3-5-10-1.0] PASSED      [  9%]
tests/test_bls.py::TestBLS::test_standard[True-1-3-5--1-1.0] PASSED      [  9%]
tests/test_bls.py::TestBLS::test_standard[True-1-3--1-0-1.0] PASSED      [  9%]
tests/test_bls.py::TestBLS::test_standard[True-1-3--1-10-1.0] PASSED     [  9%]
tests/test_bls.py::TestBLS::test_standard[True-1-3--1--1-1.0] PASSED     [  9%]
tests/test_bls.py::TestBLS::test_standard[True-3-1-0-0-1.0] PASSED       [  9%]
tests/test_bls.py::TestBLS::test_standard[True-3-1-0-10-1.0] PASSED      [  9%]
tests/test_bls.py::TestBLS::test_standard[True-3-1-0--1-1.0] PASSED      [  9%]
tests/test_bls.py::TestBLS::test_standard[True-3-1-5-0-1.0] PASSED       [  9%]
tests/test_bls.py::TestBLS::test_standard[True-3-1-5-10-1.0] PASSED      [  9%]
tests/test_bls.py::TestBLS::test_standard[True-3-1-5--1-1.0] PASSED      [  9%]
tests/test_bls.py::TestBLS::test_standard[True-3-1--1-0-1.0] PASSED      [  9%]
tests/test_bls.py::TestBLS::test_standard[True-3-1--1-10-1.0] PASSED     [ 10%]
tests/test_bls.py::TestBLS::test_standard[True-3-1--1--1-1.0] PASSED     [ 10%]
tests/test_bls.py::TestBLS::test_standard[True-3-3-0-0-1.0] PASSED       [ 10%]
tests/test_bls.py::TestBLS::test_standard[True-3-3-0-10-1.0] PASSED      [ 10%]
tests/test_bls.py::TestBLS::test_standard[True-3-3-0--1-1.0] PASSED      [ 10%]
tests/test_bls.py::TestBLS::test_standard[True-3-3-5-0-1.0] PASSED       [ 10%]
tests/test_bls.py::TestBLS::test_standard[True-3-3-5-10-1.0] PASSED      [ 10%]
tests/test_bls.py::TestBLS::test_standard[True-3-3-5--1-1.0] PASSED      [ 10%]
tests/test_bls.py::TestBLS::test_standard[True-3-3--1-0-1.0] PASSED      [ 10%]
tests/test_bls.py::TestBLS::test_standard[True-3-3--1-10-1.0] PASSED     [ 10%]
tests/test_bls.py::TestBLS::test_standard[True-3-3--1--1-1.0] PASSED     [ 10%]
tests/test_bls.py::TestBLS::test_standard[True-None-1-0-0-1.0] PASSED    [ 10%]
tests/test_bls.py::TestBLS::test_standard[True-None-1-0-10-1.0] PASSED   [ 10%]
tests/test_bls.py::TestBLS::test_standard[True-None-1-0--1-1.0] PASSED   [ 10%]
tests/test_bls.py::TestBLS::test_standard[True-None-1-5-0-1.0] PASSED    [ 10%]
tests/test_bls.py::TestBLS::test_standard[True-None-1-5-10-1.0] PASSED   [ 10%]
tests/test_bls.py::TestBLS::test_standard[True-None-1-5--1-1.0] PASSED   [ 10%]
tests/test_bls.py::TestBLS::test_standard[True-None-1--1-0-1.0] PASSED   [ 10%]
tests/test_bls.py::TestBLS::test_standard[True-None-1--1-10-1.0] PASSED  [ 11%]
tests/test_bls.py::TestBLS::test_standard[True-None-1--1--1-1.0] PASSED  [ 11%]
tests/test_bls.py::TestBLS::test_standard[True-None-3-0-0-1.0] PASSED    [ 11%]
tests/test_bls.py::TestBLS::test_standard[True-None-3-0-10-1.0] PASSED   [ 11%]
tests/test_bls.py::TestBLS::test_standard[True-None-3-0--1-1.0] PASSED   [ 11%]
tests/test_bls.py::TestBLS::test_standard[True-None-3-5-0-1.0] PASSED    [ 11%]
tests/test_bls.py::TestBLS::test_standard[True-None-3-5-10-1.0] PASSED   [ 11%]
tests/test_bls.py::TestBLS::test_standard[True-None-3-5--1-1.0] PASSED   [ 11%]
tests/test_bls.py::TestBLS::test_standard[True-None-3--1-0-1.0] PASSED   [ 11%]
tests/test_bls.py::TestBLS::test_standard[True-None-3--1-10-1.0] PASSED  [ 11%]
tests/test_bls.py::TestBLS::test_standard[True-None-3--1--1-1.0] PASSED  [ 11%]
tests/test_bls.py::TestBLS::test_standard[False-1-1-0-0-1.0] PASSED      [ 11%]
tests/test_bls.py::TestBLS::test_standard[False-1-1-0-10-1.0] PASSED     [ 11%]
tests/test_bls.py::TestBLS::test_standard[False-1-1-0--1-1.0] PASSED     [ 11%]
tests/test_bls.py::TestBLS::test_standard[False-1-1-5-0-1.0] PASSED      [ 11%]
tests/test_bls.py::TestBLS::test_standard[False-1-1-5-10-1.0] PASSED     [ 11%]
tests/test_bls.py::TestBLS::test_standard[False-1-1-5--1-1.0] PASSED     [ 11%]
tests/test_bls.py::TestBLS::test_standard[False-1-1--1-0-1.0] PASSED     [ 11%]
tests/test_bls.py::TestBLS::test_standard[False-1-1--1-10-1.0] PASSED    [ 12%]
tests/test_bls.py::TestBLS::test_standard[False-1-1--1--1-1.0] PASSED    [ 12%]
tests/test_bls.py::TestBLS::test_standard[False-1-3-0-0-1.0] PASSED      [ 12%]
tests/test_bls.py::TestBLS::test_standard[False-1-3-0-10-1.0] PASSED     [ 12%]
tests/test_bls.py::TestBLS::test_standard[False-1-3-0--1-1.0] PASSED     [ 12%]
tests/test_bls.py::TestBLS::test_standard[False-1-3-5-0-1.0] PASSED      [ 12%]
tests/test_bls.py::TestBLS::test_standard[False-1-3-5-10-1.0] PASSED     [ 12%]
tests/test_bls.py::TestBLS::test_standard[False-1-3-5--1-1.0] PASSED     [ 12%]
tests/test_bls.py::TestBLS::test_standard[False-1-3--1-0-1.0] PASSED     [ 12%]
tests/test_bls.py::TestBLS::test_standard[False-1-3--1-10-1.0] PASSED    [ 12%]
tests/test_bls.py::TestBLS::test_standard[False-1-3--1--1-1.0] PASSED    [ 12%]
tests/test_bls.py::TestBLS::test_standard[False-3-1-0-0-1.0] PASSED      [ 12%]
tests/test_bls.py::TestBLS::test_standard[False-3-1-0-10-1.0] PASSED     [ 12%]
tests/test_bls.py::TestBLS::test_standard[False-3-1-0--1-1.0] PASSED     [ 12%]
tests/test_bls.py::TestBLS::test_standard[False-3-1-5-0-1.0] PASSED      [ 12%]
tests/test_bls.py::TestBLS::test_standard[False-3-1-5-10-1.0] PASSED     [ 12%]
tests/test_bls.py::TestBLS::test_standard[False-3-1-5--1-1.0] PASSED     [ 12%]
tests/test_bls.py::TestBLS::test_standard[False-3-1--1-0-1.0] PASSED     [ 13%]
tests/test_bls.py::TestBLS::test_standard[False-3-1--1-10-1.0] PASSED    [ 13%]
tests/test_bls.py::TestBLS::test_standard[False-3-1--1--1-1.0] PASSED    [ 13%]
tests/test_bls.py::TestBLS::test_standard[False-3-3-0-0-1.0] PASSED      [ 13%]
tests/test_bls.py::TestBLS::test_standard[False-3-3-0-10-1.0] PASSED     [ 13%]
tests/test_bls.py::TestBLS::test_standard[False-3-3-0--1-1.0] PASSED     [ 13%]
tests/test_bls.py::TestBLS::test_standard[False-3-3-5-0-1.0] PASSED      [ 13%]
tests/test_bls.py::TestBLS::test_standard[False-3-3-5-10-1.0] PASSED     [ 13%]
tests/test_bls.py::TestBLS::test_standard[False-3-3-5--1-1.0] PASSED     [ 13%]
tests/test_bls.py::TestBLS::test_standard[False-3-3--1-0-1.0] PASSED     [ 13%]
tests/test_bls.py::TestBLS::test_standard[False-3-3--1-10-1.0] PASSED    [ 13%]
tests/test_bls.py::TestBLS::test_standard[False-3-3--1--1-1.0] PASSED    [ 13%]
tests/test_bls.py::TestBLS::test_standard[False-None-1-0-0-1.0] PASSED   [ 13%]
tests/test_bls.py::TestBLS::test_standard[False-None-1-0-10-1.0] PASSED  [ 13%]
tests/test_bls.py::TestBLS::test_standard[False-None-1-0--1-1.0] PASSED  [ 13%]
tests/test_bls.py::TestBLS::test_standard[False-None-1-5-0-1.0] PASSED   [ 13%]
tests/test_bls.py::TestBLS::test_standard[False-None-1-5-10-1.0] PASSED  [ 13%]
tests/test_bls.py::TestBLS::test_standard[False-None-1-5--1-1.0] PASSED  [ 13%]
tests/test_bls.py::TestBLS::test_standard[False-None-1--1-0-1.0] PASSED  [ 14%]
tests/test_bls.py::TestBLS::test_standard[False-None-1--1-10-1.0] PASSED [ 14%]
tests/test_bls.py::TestBLS::test_standard[False-None-1--1--1-1.0] PASSED [ 14%]
tests/test_bls.py::TestBLS::test_standard[False-None-3-0-0-1.0] PASSED   [ 14%]
tests/test_bls.py::TestBLS::test_standard[False-None-3-0-10-1.0] PASSED  [ 14%]
tests/test_bls.py::TestBLS::test_standard[False-None-3-0--1-1.0] PASSED  [ 14%]
tests/test_bls.py::TestBLS::test_standard[False-None-3-5-0-1.0] PASSED   [ 14%]
tests/test_bls.py::TestBLS::test_standard[False-None-3-5-10-1.0] PASSED  [ 14%]
tests/test_bls.py::TestBLS::test_standard[False-None-3-5--1-1.0] PASSED  [ 14%]
tests/test_bls.py::TestBLS::test_standard[False-None-3--1-0-1.0] PASSED  [ 14%]
tests/test_bls.py::TestBLS::test_standard[False-None-3--1-10-1.0] PASSED [ 14%]
tests/test_bls.py::TestBLS::test_standard[False-None-3--1--1-1.0] PASSED [ 14%]
tests/test_bls.py::TestBLS::test_standard_use_optimized_matches PASSED   [ 14%]
tests/test_bls.py::TestBLS::test_custom_use_optimized_matches PASSED     [ 14%]
tests/test_bls.py::TestBLS::test_transit[True-1-standard-0.0-1-0.5-1.0] PASSED [ 14%]
tests/test_bls.py::TestBLS::test_transit[True-1-standard-0.0-1--1.0-1.0] PASSED [ 14%]
tests/test_bls.py::TestBLS::test_transit[True-1-standard-0.0-10-0.5-1.0] PASSED [ 14%]
tests/test_bls.py::TestBLS::test_transit[True-1-standard-0.0-10--1.0-1.0] PASSED [ 14%]
tests/test_bls.py::TestBLS::test_transit[True-1-standard-0.0-None-0.5-1.0] PASSED [ 15%]
tests/test_bls.py::TestBLS::test_transit[True-1-standard-0.0-None--1.0-1.0] PASSED [ 15%]
tests/test_bls.py::TestBLS::test_transit[True-1-fast-0.0-1-0.5-1.0] PASSED [ 15%]
tests/test_bls.py::TestBLS::test_transit[True-1-fast-0.0-1--1.0-1.0] PASSED [ 15%]
tests/test_bls.py::TestBLS::test_transit[True-1-fast-0.0-10-0.5-1.0] PASSED [ 15%]
tests/test_bls.py::TestBLS::test_transit[True-1-fast-0.0-10--1.0-1.0] PASSED [ 15%]
tests/test_bls.py::TestBLS::test_transit[True-1-fast-0.0-None-0.5-1.0] PASSED [ 15%]
tests/test_bls.py::TestBLS::test_transit[True-1-fast-0.0-None--1.0-1.0] PASSED [ 15%]
tests/test_bls.py::TestBLS::test_transit[True-1-optimized-0.0-1-0.5-1.0] PASSED [ 15%]
tests/test_bls.py::TestBLS::test_transit[True-1-optimized-0.0-1--1.0-1.0] PASSED [ 15%]
tests/test_bls.py::TestBLS::test_transit[True-1-optimized-0.0-10-0.5-1.0] PASSED [ 15%]
tests/test_bls.py::TestBLS::test_transit[True-1-optimized-0.0-10--1.0-1.0] PASSED [ 15%]
tests/test_bls.py::TestBLS::test_transit[True-1-optimized-0.0-None-0.5-1.0] PASSED [ 15%]
tests/test_bls.py::TestBLS::test_transit[True-1-optimized-0.0-None--1.0-1.0] PASSED [ 15%]
tests/test_bls.py::TestBLS::test_transit[True-4-standard-0.0-1-0.5-1.0] PASSED [ 15%]
tests/test_bls.py::TestBLS::test_transit[True-4-standard-0.0-1--1.0-1.0] PASSED [ 15%]
tests/test_bls.py::TestBLS::test_transit[True-4-standard-0.0-10-0.5-1.0] PASSED [ 15%]
tests/test_bls.py::TestBLS::test_transit[True-4-standard-0.0-10--1.0-1.0] PASSED [ 15%]
tests/test_bls.py::TestBLS::test_transit[True-4-standard-0.0-None-0.5-1.0] PASSED [ 16%]
tests/test_bls.py::TestBLS::test_transit[True-4-standard-0.0-None--1.0-1.0] PASSED [ 16%]
tests/test_bls.py::TestBLS::test_transit[True-4-fast-0.0-1-0.5-1.0] PASSED [ 16%]
tests/test_bls.py::TestBLS::test_transit[True-4-fast-0.0-1--1.0-1.0] PASSED [ 16%]
tests/test_bls.py::TestBLS::test_transit[True-4-fast-0.0-10-0.5-1.0] PASSED [ 16%]
tests/test_bls.py::TestBLS::test_transit[True-4-fast-0.0-10--1.0-1.0] PASSED [ 16%]
tests/test_bls.py::TestBLS::test_transit[True-4-fast-0.0-None-0.5-1.0] PASSED [ 16%]
tests/test_bls.py::TestBLS::test_transit[True-4-fast-0.0-None--1.0-1.0] PASSED [ 16%]
tests/test_bls.py::TestBLS::test_transit[True-4-optimized-0.0-1-0.5-1.0] PASSED [ 16%]
tests/test_bls.py::TestBLS::test_transit[True-4-optimized-0.0-1--1.0-1.0] PASSED [ 16%]
tests/test_bls.py::TestBLS::test_transit[True-4-optimized-0.0-10-0.5-1.0] PASSED [ 16%]
tests/test_bls.py::TestBLS::test_transit[True-4-optimized-0.0-10--1.0-1.0] PASSED [ 16%]
tests/test_bls.py::TestBLS::test_transit[True-4-optimized-0.0-None-0.5-1.0] PASSED [ 16%]
tests/test_bls.py::TestBLS::test_transit[True-4-optimized-0.0-None--1.0-1.0] PASSED [ 16%]
tests/test_bls.py::TestBLS::test_transit[False-1-standard-0.0-1-0.5-1.0] PASSED [ 16%]
tests/test_bls.py::TestBLS::test_transit[False-1-standard-0.0-1--1.0-1.0] PASSED [ 16%]
tests/test_bls.py::TestBLS::test_transit[False-1-standard-0.0-10-0.5-1.0] PASSED [ 16%]
tests/test_bls.py::TestBLS::test_transit[False-1-standard-0.0-10--1.0-1.0] PASSED [ 16%]
tests/test_bls.py::TestBLS::test_transit[False-1-standard-0.0-None-0.5-1.0] PASSED [ 17%]
tests/test_bls.py::TestBLS::test_transit[False-1-standard-0.0-None--1.0-1.0] PASSED [ 17%]
tests/test_bls.py::TestBLS::test_transit[False-1-fast-0.0-1-0.5-1.0] PASSED [ 17%]
tests/test_bls.py::TestBLS::test_transit[False-1-fast-0.0-1--1.0-1.0] PASSED [ 17%]
tests/test_bls.py::TestBLS::test_transit[False-1-fast-0.0-10-0.5-1.0] PASSED [ 17%]
tests/test_bls.py::TestBLS::test_transit[False-1-fast-0.0-10--1.0-1.0] PASSED [ 17%]
tests/test_bls.py::TestBLS::test_transit[False-1-fast-0.0-None-0.5-1.0] PASSED [ 17%]
tests/test_bls.py::TestBLS::test_transit[False-1-fast-0.0-None--1.0-1.0] PASSED [ 17%]
tests/test_bls.py::TestBLS::test_transit[False-1-optimized-0.0-1-0.5-1.0] PASSED [ 17%]
tests/test_bls.py::TestBLS::test_transit[False-1-optimized-0.0-1--1.0-1.0] PASSED [ 17%]
tests/test_bls.py::TestBLS::test_transit[False-1-optimized-0.0-10-0.5-1.0] PASSED [ 17%]
tests/test_bls.py::TestBLS::test_transit[False-1-optimized-0.0-10--1.0-1.0] PASSED [ 17%]
tests/test_bls.py::TestBLS::test_transit[False-1-optimized-0.0-None-0.5-1.0] PASSED [ 17%]
tests/test_bls.py::TestBLS::test_transit[False-1-optimized-0.0-None--1.0-1.0] PASSED [ 17%]
tests/test_bls.py::TestBLS::test_transit[False-4-standard-0.0-1-0.5-1.0] PASSED [ 17%]
tests/test_bls.py::TestBLS::test_transit[False-4-standard-0.0-1--1.0-1.0] PASSED [ 17%]
tests/test_bls.py::TestBLS::test_transit[False-4-standard-0.0-10-0.5-1.0] PASSED [ 17%]
tests/test_bls.py::TestBLS::test_transit[False-4-standard-0.0-10--1.0-1.0] PASSED [ 17%]
tests/test_bls.py::TestBLS::test_transit[False-4-standard-0.0-None-0.5-1.0] PASSED [ 18%]
tests/test_bls.py::TestBLS::test_transit[False-4-standard-0.0-None--1.0-1.0] PASSED [ 18%]
tests/test_bls.py::TestBLS::test_transit[False-4-fast-0.0-1-0.5-1.0] PASSED [ 18%]
tests/test_bls.py::TestBLS::test_transit[False-4-fast-0.0-1--1.0-1.0] PASSED [ 18%]
tests/test_bls.py::TestBLS::test_transit[False-4-fast-0.0-10-0.5-1.0] PASSED [ 18%]
tests/test_bls.py::TestBLS::test_transit[False-4-fast-0.0-10--1.0-1.0] PASSED [ 18%]
tests/test_bls.py::TestBLS::test_transit[False-4-fast-0.0-None-0.5-1.0] PASSED [ 18%]
tests/test_bls.py::TestBLS::test_transit[False-4-fast-0.0-None--1.0-1.0] PASSED [ 18%]
tests/test_bls.py::TestBLS::test_transit[False-4-optimized-0.0-1-0.5-1.0] PASSED [ 18%]
tests/test_bls.py::TestBLS::test_transit[False-4-optimized-0.0-1--1.0-1.0] PASSED [ 18%]
tests/test_bls.py::TestBLS::test_transit[False-4-optimized-0.0-10-0.5-1.0] PASSED [ 18%]
tests/test_bls.py::TestBLS::test_transit[False-4-optimized-0.0-10--1.0-1.0] PASSED [ 18%]
tests/test_bls.py::TestBLS::test_transit[False-4-optimized-0.0-None-0.5-1.0] PASSED [ 18%]
tests/test_bls.py::TestBLS::test_transit[False-4-optimized-0.0-None--1.0-1.0] PASSED [ 18%]
tests/test_bls.py::TestBLS::test_fast_eebls[True-0.5-None-0.0-0.0-0.1-1.0] PASSED [ 18%]
tests/test_bls.py::TestBLS::test_fast_eebls[True-0.5-None-1.0-0.0-0.1-1.0] PASSED [ 18%]
tests/test_bls.py::TestBLS::test_fast_eebls[True-0.5-100-0.0-0.0-0.1-1.0] PASSED [ 18%]
tests/test_bls.py::TestBLS::test_fast_eebls[True-0.5-100-1.0-0.0-0.1-1.0] PASSED [ 19%]
tests/test_bls.py::TestBLS::test_fast_eebls[True--1.0-None-0.0-0.0-0.1-1.0] PASSED [ 19%]
tests/test_bls.py::TestBLS::test_fast_eebls[True--1.0-None-1.0-0.0-0.1-1.0] PASSED [ 19%]
tests/test_bls.py::TestBLS::test_fast_eebls[True--1.0-100-0.0-0.0-0.1-1.0] PASSED [ 19%]
tests/test_bls.py::TestBLS::test_fast_eebls[True--1.0-100-1.0-0.0-0.1-1.0] PASSED [ 19%]
tests/test_bls.py::TestBLS::test_fast_eebls[False-0.5-None-0.0-0.0-0.1-1.0] PASSED [ 19%]
tests/test_bls.py::TestBLS::test_fast_eebls[False-0.5-None-1.0-0.0-0.1-1.0] PASSED [ 19%]
tests/test_bls.py::TestBLS::test_fast_eebls[False-0.5-100-0.0-0.0-0.1-1.0] PASSED [ 19%]
tests/test_bls.py::TestBLS::test_fast_eebls[False-0.5-100-1.0-0.0-0.1-1.0] PASSED [ 19%]
tests/test_bls.py::TestBLS::test_fast_eebls[False--1.0-None-0.0-0.0-0.1-1.0] PASSED [ 19%]
tests/test_bls.py::TestBLS::test_fast_eebls[False--1.0-None-1.0-0.0-0.1-1.0] PASSED [ 19%]
tests/test_bls.py::TestBLS::test_fast_eebls[False--1.0-100-0.0-0.0-0.1-1.0] PASSED [ 19%]
tests/test_bls.py::TestBLS::test_fast_eebls[False--1.0-100-1.0-0.0-0.1-1.0] PASSED [ 19%]
tests/test_bls.py::TestBLS::test_sparse_bls_vs_exhaustive[True-42-1.0-10] PASSED [ 19%]
tests/test_bls.py::TestBLS::test_sparse_bls_vs_exhaustive[True-42-1.0-15] PASSED [ 19%]
tests/test_bls.py::TestBLS::test_sparse_bls_vs_exhaustive[True-42-1.0-20] PASSED [ 19%]
tests/test_bls.py::TestBLS::test_sparse_bls_vs_exhaustive[True-42-2.5-10] PASSED [ 19%]
tests/test_bls.py::TestBLS::test_sparse_bls_vs_exhaustive[True-42-2.5-15] PASSED [ 19%]
tests/test_bls.py::TestBLS::test_sparse_bls_vs_exhaustive[True-42-2.5-20] PASSED [ 20%]
tests/test_bls.py::TestBLS::test_sparse_bls_vs_exhaustive[True-123-1.0-10] PASSED [ 20%]
tests/test_bls.py::TestBLS::test_sparse_bls_vs_exhaustive[True-123-1.0-15] PASSED [ 20%]
tests/test_bls.py::TestBLS::test_sparse_bls_vs_exhaustive[True-123-1.0-20] PASSED [ 20%]
tests/test_bls.py::TestBLS::test_sparse_bls_vs_exhaustive[True-123-2.5-10] PASSED [ 20%]
tests/test_bls.py::TestBLS::test_sparse_bls_vs_exhaustive[True-123-2.5-15] PASSED [ 20%]
tests/test_bls.py::TestBLS::test_sparse_bls_vs_exhaustive[True-123-2.5-20] PASSED [ 20%]
tests/test_bls.py::TestBLS::test_sparse_bls_vs_exhaustive[False-42-1.0-10] PASSED [ 20%]
tests/test_bls.py::TestBLS::test_sparse_bls_vs_exhaustive[False-42-1.0-15] PASSED [ 20%]
tests/test_bls.py::TestBLS::test_sparse_bls_vs_exhaustive[False-42-1.0-20] PASSED [ 20%]
tests/test_bls.py::TestBLS::test_sparse_bls_vs_exhaustive[False-42-2.5-10] PASSED [ 20%]
tests/test_bls.py::TestBLS::test_sparse_bls_vs_exhaustive[False-42-2.5-15] PASSED [ 20%]
tests/test_bls.py::TestBLS::test_sparse_bls_vs_exhaustive[False-42-2.5-20] PASSED [ 20%]
tests/test_bls.py::TestBLS::test_sparse_bls_vs_exhaustive[False-123-1.0-10] PASSED [ 20%]
tests/test_bls.py::TestBLS::test_sparse_bls_vs_exhaustive[False-123-1.0-15] PASSED [ 20%]
tests/test_bls.py::TestBLS::test_sparse_bls_vs_exhaustive[False-123-1.0-20] PASSED [ 20%]
tests/test_bls.py::TestBLS::test_sparse_bls_vs_exhaustive[False-123-2.5-10] PASSED [ 20%]
tests/test_bls.py::TestBLS::test_sparse_bls_vs_exhaustive[False-123-2.5-15] PASSED [ 20%]
tests/test_bls.py::TestBLS::test_sparse_bls_vs_exhaustive[False-123-2.5-20] PASSED [ 21%]
tests/test_bls.py::TestBLS::test_sparse_bls_ground_truth[100-0.0-0.05-1.0] PASSED [ 21%]
tests/test_bls.py::TestBLS::test_sparse_bls_ground_truth[100-0.0-0.05-2.0] PASSED [ 21%]
tests/test_bls.py::TestBLS::test_sparse_bls_ground_truth[100-0.0-0.1-1.0] PASSED [ 21%]
tests/test_bls.py::TestBLS::test_sparse_bls_ground_truth[100-0.0-0.1-2.0] PASSED [ 21%]
tests/test_bls.py::TestBLS::test_sparse_bls_ground_truth[100-0.3-0.05-1.0] PASSED [ 21%]
tests/test_bls.py::TestBLS::test_sparse_bls_ground_truth[100-0.3-0.05-2.0] PASSED [ 21%]
tests/test_bls.py::TestBLS::test_sparse_bls_ground_truth[100-0.3-0.1-1.0] PASSED [ 21%]
tests/test_bls.py::TestBLS::test_sparse_bls_ground_truth[100-0.3-0.1-2.0] PASSED [ 21%]
tests/test_bls.py::TestBLS::test_sparse_bls_ground_truth[100-0.5-0.05-1.0] PASSED [ 21%]
tests/test_bls.py::TestBLS::test_sparse_bls_ground_truth[100-0.5-0.05-2.0] PASSED [ 21%]
tests/test_bls.py::TestBLS::test_sparse_bls_ground_truth[100-0.5-0.1-1.0] PASSED [ 21%]
tests/test_bls.py::TestBLS::test_sparse_bls_ground_truth[100-0.5-0.1-2.0] PASSED [ 21%]
tests/test_bls.py::TestBLS::test_sparse_bls_ground_truth[200-0.0-0.05-1.0] PASSED [ 21%]
tests/test_bls.py::TestBLS::test_sparse_bls_ground_truth[200-0.0-0.05-2.0] PASSED [ 21%]
tests/test_bls.py::TestBLS::test_sparse_bls_ground_truth[200-0.0-0.1-1.0] PASSED [ 21%]
tests/test_bls.py::TestBLS::test_sparse_bls_ground_truth[200-0.0-0.1-2.0] PASSED [ 21%]
tests/test_bls.py::TestBLS::test_sparse_bls_ground_truth[200-0.3-0.05-1.0] PASSED [ 21%]
tests/test_bls.py::TestBLS::test_sparse_bls_ground_truth[200-0.3-0.05-2.0] PASSED [ 22%]
tests/test_bls.py::TestBLS::test_sparse_bls_ground_truth[200-0.3-0.1-1.0] PASSED [ 22%]
tests/test_bls.py::TestBLS::test_sparse_bls_ground_truth[200-0.3-0.1-2.0] PASSED [ 22%]
tests/test_bls.py::TestBLS::test_sparse_bls_ground_truth[200-0.5-0.05-1.0] PASSED [ 22%]
tests/test_bls.py::TestBLS::test_sparse_bls_ground_truth[200-0.5-0.05-2.0] PASSED [ 22%]
tests/test_bls.py::TestBLS::test_sparse_bls_ground_truth[200-0.5-0.1-1.0] PASSED [ 22%]
tests/test_bls.py::TestBLS::test_sparse_bls_ground_truth[200-0.5-0.1-2.0] PASSED [ 22%]
tests/test_bls.py::TestBLS::test_sparse_bls_phase_wrapping[80-0.08-0.95-1.0] PASSED [ 22%]
tests/test_bls.py::TestBLS::test_sparse_bls_phase_wrapping[80-0.08-0.98-1.0] PASSED [ 22%]
tests/test_bls.py::TestBLS::test_sparse_bls_phase_wrapping[80-0.1-0.95-1.0] PASSED [ 22%]
tests/test_bls.py::TestBLS::test_sparse_bls_phase_wrapping[80-0.1-0.98-1.0] PASSED [ 22%]
tests/test_bls.py::TestBLS::test_sparse_bls_phase_wrapping[120-0.08-0.95-1.0] PASSED [ 22%]
tests/test_bls.py::TestBLS::test_sparse_bls_phase_wrapping[120-0.08-0.98-1.0] PASSED [ 22%]
tests/test_bls.py::TestBLS::test_sparse_bls_phase_wrapping[120-0.1-0.95-1.0] PASSED [ 22%]
tests/test_bls.py::TestBLS::test_sparse_bls_phase_wrapping[120-0.1-0.98-1.0] PASSED [ 22%]
tests/test_bls.py::TestBLS::test_sparse_bls_optimality[50-1.0] PASSED    [ 22%]
tests/test_bls.py::TestBLS::test_sparse_bls_optimality[50-2.0] PASSED    [ 22%]
tests/test_bls.py::TestBLS::test_sparse_bls_optimality[100-1.0] PASSED   [ 22%]
tests/test_bls.py::TestBLS::test_sparse_bls_optimality[100-2.0] PASSED   [ 23%]
tests/test_bls.py::TestBLS::test_sparse_bls_cpu_q_bounds_vs_brute[50-qbounds0-1.0] PASSED [ 23%]
tests/test_bls.py::TestBLS::test_sparse_bls_cpu_q_bounds_vs_brute[50-qbounds0-2.0] PASSED [ 23%]
tests/test_bls.py::TestBLS::test_sparse_bls_cpu_q_bounds_vs_brute[50-qbounds1-1.0] PASSED [ 23%]
tests/test_bls.py::TestBLS::test_sparse_bls_cpu_q_bounds_vs_brute[50-qbounds1-2.0] PASSED [ 23%]
tests/test_bls.py::TestBLS::test_sparse_bls_cpu_q_bounds_vs_brute[100-qbounds0-1.0] PASSED [ 23%]
tests/test_bls.py::TestBLS::test_sparse_bls_cpu_q_bounds_vs_brute[100-qbounds0-2.0] PASSED [ 23%]
tests/test_bls.py::TestBLS::test_sparse_bls_cpu_q_bounds_vs_brute[100-qbounds1-1.0] PASSED [ 23%]
tests/test_bls.py::TestBLS::test_sparse_bls_cpu_q_bounds_vs_brute[100-qbounds1-2.0] PASSED [ 23%]
tests/test_bls.py::TestBLS::test_sparse_bls_cpu_q_bounds_change_solution PASSED [ 23%]
tests/test_bls.py::TestBLS::test_sparse_bls_cpu_q_bounds_per_frequency PASSED [ 23%]
tests/test_bls.py::TestBLS::test_sparse_bls_cpu_q_bounds_bad_length_raises PASSED [ 23%]
tests/test_bls.py::TestBLS::test_sparse_bls_q_bounds_keyword_only PASSED [ 23%]
tests/test_bls.py::TestBLS::test_use_simple_kernel_was_removed PASSED    [ 23%]
tests/test_bls.py::TestBLS::test_sparse_bls_inverted_q_bounds_raise PASSED [ 23%]
tests/test_bls.py::TestBLS::test_sparse_bls_gpu_q_bounds PASSED          [ 23%]
tests/test_bls.py::TestBLS::test_sparse_bls_gpu[50-0.0-0.02-1.0] PASSED  [ 23%]
tests/test_bls.py::TestBLS::test_sparse_bls_gpu[50-0.0-0.02-2.0] PASSED  [ 23%]
tests/test_bls.py::TestBLS::test_sparse_bls_gpu[50-0.0-0.1-1.0] PASSED   [ 24%]
tests/test_bls.py::TestBLS::test_sparse_bls_gpu[50-0.0-0.1-2.0] PASSED   [ 24%]
tests/test_bls.py::TestBLS::test_sparse_bls_gpu[50-0.5-0.02-1.0] PASSED  [ 24%]
tests/test_bls.py::TestBLS::test_sparse_bls_gpu[50-0.5-0.02-2.0] PASSED  [ 24%]
tests/test_bls.py::TestBLS::test_sparse_bls_gpu[50-0.5-0.1-1.0] PASSED   [ 24%]
tests/test_bls.py::TestBLS::test_sparse_bls_gpu[50-0.5-0.1-2.0] PASSED   [ 24%]
tests/test_bls.py::TestBLS::test_sparse_bls_gpu[100-0.0-0.02-1.0] PASSED [ 24%]
tests/test_bls.py::TestBLS::test_sparse_bls_gpu[100-0.0-0.02-2.0] PASSED [ 24%]
tests/test_bls.py::TestBLS::test_sparse_bls_gpu[100-0.0-0.1-1.0] PASSED  [ 24%]
tests/test_bls.py::TestBLS::test_sparse_bls_gpu[100-0.0-0.1-2.0] PASSED  [ 24%]
tests/test_bls.py::TestBLS::test_sparse_bls_gpu[100-0.5-0.02-1.0] PASSED [ 24%]
tests/test_bls.py::TestBLS::test_sparse_bls_gpu[100-0.5-0.02-2.0] PASSED [ 24%]
tests/test_bls.py::TestBLS::test_sparse_bls_gpu[100-0.5-0.1-1.0] PASSED  [ 24%]
tests/test_bls.py::TestBLS::test_sparse_bls_gpu[100-0.5-0.1-2.0] PASSED  [ 24%]
tests/test_bls.py::TestBLS::test_sparse_bls_gpu_phase_wrapping[80-0.08-0.95-1.0] PASSED [ 24%]
tests/test_bls.py::TestBLS::test_eebls_transit_auto_select[None-50] PASSED [ 24%]
tests/test_bls.py::TestBLS::test_eebls_transit_auto_select[None-100] PASSED [ 24%]
tests/test_bls.py::TestBLS::test_eebls_transit_auto_select[True-50] PASSED [ 25%]
tests/test_bls.py::TestBLS::test_eebls_transit_auto_select[True-100] PASSED [ 25%]
tests/test_bls.py::TestBLS::test_eebls_transit_standard_returns_3[50] PASSED [ 25%]
tests/test_bls.py::TestBLS::test_eebls_transit_standard_returns_3[100] PASSED [ 25%]
tests/test_bls.py::TestHoneSolution::test_hone_refines_and_matches_single_bls PASSED [ 25%]
tests/test_bls.py::TestEeblsTransitSparseKwargs::test_sparse_gpu_path_accepts_documented_kwargs PASSED [ 25%]
tests/test_bls.py::TestEeblsTransitSparseKwargs::test_sparse_cpu_path_accepts_documented_kwargs PASSED [ 25%]
tests/test_bls.py::TestEeblsTransitSparseKwargs::test_sparse_path_honors_q_constraints PASSED [ 25%]
tests/test_bls.py::TestEeblsTransitSparseKwargs::test_standard_path_unaffected PASSED [ 25%]
tests/test_bls.py::TestEeblsGpuFastNoverlap::test_noverlap_validation PASSED [ 25%]
tests/test_bls.py::TestEeblsGpuFastNoverlap::test_noverlap_matches_manual_dphi_runs[False] PASSED [ 25%]
tests/test_bls.py::TestEeblsGpuFastNoverlap::test_noverlap_matches_manual_dphi_runs[True] PASSED [ 25%]
tests/test_bls.py::TestEeblsGpuFastNoverlap::test_noverlap_never_decreases_power PASSED [ 25%]
tests/test_bls.py::TestFusedNoverlapKernel::test_fused_matches_manual_dphi_runs[False-2] PASSED [ 25%]
tests/test_bls.py::TestFusedNoverlapKernel::test_fused_matches_manual_dphi_runs[False-4] PASSED [ 25%]
tests/test_bls.py::TestFusedNoverlapKernel::test_fused_matches_manual_dphi_runs[True-2] PASSED [ 25%]
tests/test_bls.py::TestFusedNoverlapKernel::test_fused_matches_manual_dphi_runs[True-4] PASSED [ 25%]
tests/test_bls.py::TestFusedNoverlapKernel::test_fused_nonzero_dphi_falls_back PASSED [ 25%]
tests/test_bls.py::TestFusedNoverlapKernel::test_fused_bjd_scale PASSED  [ 26%]
tests/test_bls.py::TestFusedNoverlapKernel::test_batch_fused_matches_manual_passes PASSED [ 26%]
tests/test_bls.py::TestBatchMemoryReuse::test_memory_reuse_matches_fresh PASSED [ 26%]
tests/test_bls.py::TestBatchMemoryReuse::test_chunked_matches_single_chunk PASSED [ 26%]
tests/test_bls.py::TestBatchMemoryReuse::test_too_small_memory_raises PASSED [ 26%]
tests/test_bls.py::TestBatchMemoryReuse::test_freq_chunked_batch_matches PASSED [ 26%]
tests/test_bls.py::TestBatchMemoryReuse::test_oversized_memory_reuse_matches PASSED [ 26%]
tests/test_bls.py::TestAllWeightBoxStability::test_single_bls_all_weight_box_is_zero PASSED [ 26%]
tests/test_bls.py::TestAllWeightBoxStability::test_fast_path_repeatable_on_single_site_data PASSED [ 26%]
tests/test_bls.py::TestAllWeightBoxStability::test_shallow_transit_survives_w_bound PASSED [ 26%]
tests/test_bls.py::TestBatchFastParity::test_batch_matches_fast[200] PASSED [ 26%]
tests/test_bls.py::TestBatchFastParity::test_batch_matches_fast[2000] PASSED [ 26%]
tests/test_bls.py::TestBatchFastParity::test_batch_noverlap_1_single_pass PASSED [ 26%]
tests/test_bls.py::TestPowerConventions::test_invalid_convention_raises PASSED [ 26%]
tests/test_bls.py::TestPowerConventions::test_chi2ratio_is_identity PASSED [ 26%]
tests/test_bls.py::TestPowerConventions::test_snr_uses_loaded_data_on_memory_reuse PASSED [ 26%]
tests/test_bls.py::TestPowerConventions::test_conversion_definitions PASSED [ 26%]
tests/test_bls.py::TestPowerConventions::test_snr_matches_astropy PASSED [ 26%]
tests/test_bls.py::TestPowerConventions::test_loglik_matches_astropy_up_to_reference PASSED [ 27%]
tests/test_bls.py::TestPowerConventions::test_sparse_cpu_convention_consistency PASSED [ 27%]
tests/test_bls.py::TestPowerConventions::test_eebls_transit_sparse_path_convention PASSED [ 27%]
tests/test_bls.py::TestPowerConventions::test_gpu_entry_points_convention PASSED [ 27%]
tests/test_bls.py::TestCompileBlsValidation::test_bad_block_size_raises PASSED [ 27%]
tests/test_bls.py::TestCompileBlsValidation::test_compile_bls_rejects_bad_block_size PASSED [ 27%]
tests/test_bls.py::TestCompileBlsValidation::test_compile_bls_empty_filter_raises_value_error PASSED [ 27%]
tests/test_bls.py::TestEpochHandling::test_single_bls_bjd_invariance PASSED [ 27%]
tests/test_bls.py::TestEpochHandling::test_single_bls_phase_is_original_timescale PASSED [ 27%]
tests/test_bls.py::TestEpochHandling::test_sparse_bls_cpu_bjd_invariance PASSED [ 27%]
tests/test_bls.py::TestEpochHandling::test_bls_memory_epoch_subtraction PASSED [ 27%]
tests/test_bls.py::TestEpochHandling::test_bls_batch_memory_epoch_subtraction PASSED [ 27%]
tests/test_bls.py::TestEpochHandling::test_eebls_gpu_bjd_invariance PASSED [ 27%]
tests/test_bls.py::TestReductionMaxValidation::test_non_power_of_two_block_size_raises PASSED [ 27%]
tests/test_bls.py::TestReductionMaxValidation::test_valid_block_size_launches PASSED [ 27%]
tests/test_bls.py::TestSparseBlsCpuVectorized::test_moderate_ndata_runs_in_seconds PASSED [ 27%]
tests/test_bls.py::TestPinnedBufferStreamParity::test_fast_path_stream_matches_default[False] PASSED [ 27%]
tests/test_bls.py::TestPinnedBufferStreamParity::test_fast_path_stream_matches_default[True] PASSED [ 27%]
tests/test_bls.py::TestBlsBatchSizing::test_count_tot_nbins_is_not_monotone_in_nbins0 PASSED [ 28%]
tests/test_bls.py::TestBlsBatchSizing::test_batch_table_sizes_from_the_actual_batches PASSED [ 28%]
tests/test_bls.py::TestBlsBatchSizing::test_batch_table_last_batch_and_uneven_grids PASSED [ 28%]
tests/test_bls.py::TestBlsBatchSizing::test_max_nbins_tot_bounds_every_batching_of_a_keplerian_grid PASSED [ 28%]
tests/test_bls.py::TestBlsBatchSizing::test_cap_freq_batch_size PASSED   [ 28%]
tests/test_bls.py::TestBlsBatchSizing::test_q_bounds_to_nbins PASSED     [ 28%]
tests/test_bls.py::TestBlsBatchSizing::test_eebls_gpu_rejects_bad_bounds_before_any_gpu_work PASSED [ 28%]
tests/test_bls.py::TestBlsBatchSizing::test_fold_kernel_index_is_64_bit PASSED [ 28%]
tests/test_bls.py::TestBlsBatchSizing::test_eebls_gpu_above_2_32_threads_matches_safe_batching PASSED [ 28%]
tests/test_bls.py::TestBlsBatchSizing::test_eebls_gpu_keplerian_batches_do_not_overrun PASSED [ 28%]
tests/test_bls.py::TestBlsBatchSizing::test_eebls_gpu_small_grid_allocates_only_what_it_needs PASSED [ 28%]
tests/test_bls.py::TestPerFrequencyQBounds::test_fast_box_scan_matches_brute_force_over_the_kernel_grid PASSED [ 28%]
tests/test_bls.py::TestPerFrequencyQBounds::test_fast_solutions_selects_the_top_k_and_marks_the_rest PASSED [ 28%]
tests/test_bls.py::TestPerFrequencyQBounds::test_eebls_gpu_array_bounds_are_honoured_per_frequency PASSED [ 28%]
tests/test_bls.py::TestPerFrequencyQBounds::test_eebls_gpu_keplerian_grid_independent_of_batching PASSED [ 28%]
tests/test_bls.py::TestPerFrequencyQBounds::test_eebls_transit_default_is_fast_kernel_plus_top_k_solutions PASSED [ 28%]
tests/test_bls.py::TestPerFrequencyQBounds::test_eebls_transit_default_independent_of_batching_and_memory PASSED [ 28%]
tests/test_bls.py::TestPerFrequencyQBounds::test_eebls_transit_warns_about_ignored_eebls_gpu_kwargs PASSED [ 28%]
tests/test_bls.py::TestPerFrequencyQBounds::test_eebls_transit_solution_keywords PASSED [ 29%]
tests/test_bls.py::TestSparseCentering::test_sparse_bls_cpu_mag12_matches_float64_reference PASSED [ 29%]
tests/test_bls.py::TestSparseCentering::test_sparse_bls_cpu_offset_invariance PASSED [ 29%]
tests/test_bls.py::TestSparseCentering::test_single_bls_offset_invariance_and_reference PASSED [ 29%]
tests/test_bls.py::TestSparseCentering::test_cpu_one_precise_point_powers_stay_below_one PASSED [ 29%]
tests/test_bls.py::TestSparseCentering::test_sparse_bls_gpu_mag12_matches_float64_reference PASSED [ 29%]
tests/test_bls.py::TestSparseCentering::test_eebls_transit_default_sparse_path_matches_reference PASSED [ 29%]
tests/test_bls.py::TestSparseCentering::test_sparse_bls_gpu_offset_invariance PASSED [ 29%]
tests/test_bls.py::TestSparseCentering::test_gpu_one_precise_point_powers_stay_below_one PASSED [ 29%]
tests/test_bls.py::TestBlsPrecisionDocs::test_bls_rst_has_precision_section SKIPPED [ 29%]
tests/test_bls.py::TestBlsPrecisionDocs::test_eebls_gpu_fast_docstring_mirrors_it PASSED [ 29%]
tests/test_bls.py::TestFastPathQmaxBox::test_ladder_includes_the_qmax_box PASSED [ 29%]
tests/test_bls.py::TestFastPathQmaxBox::test_helper_docstrings_state_the_floor_bound PASSED [ 29%]
tests/test_bls.py::TestFastPathQmaxBox::test_ladder_never_exceeds_the_discretized_qmax PASSED [ 29%]
tests/test_bls.py::TestFastPathQmaxBox::test_default_bounds_are_unchanged_by_the_fix PASSED [ 29%]
tests/test_bls.py::TestFastPathQmaxBox::test_box_scan_finds_the_qmax_wide_box PASSED [ 29%]
tests/test_bls.py::TestFastPathQmaxBox::test_fast_kernel_evaluates_the_qmax_box PASSED [ 29%]
tests/test_bls.py::TestFastPathQmaxBox::test_optimized_kernel_matches_the_standard_one PASSED [ 29%]
tests/test_bls.py::TestFastPathQmaxBox::test_batch_kernel_uses_the_same_ladder PASSED [ 30%]
tests/test_bls.py::TestBatchNoverlapValidation::test_bad_noverlap_raises PASSED [ 30%]
tests/test_bls.py::TestBatchNoverlapValidation::test_valid_noverlap_still_runs PASSED [ 30%]
tests/test_bls.py::TestSparseSharedMemoryLimit::test_shared_memory_formula PASSED [ 30%]
tests/test_bls.py::TestSparseSharedMemoryLimit::test_max_ndata_is_the_largest_that_fits PASSED [ 30%]
tests/test_bls.py::TestSparseSharedMemoryLimit::test_too_many_points_raises_a_clear_error PASSED [ 30%]
tests/test_bls.py::TestSparseSharedMemoryLimit::test_small_light_curve_still_runs PASSED [ 30%]
tests/test_bls.py::TestBLSMemoryKeywords::test_fromdata_accepts_max_ndata_and_max_nfreqs PASSED [ 30%]
tests/test_bls.py::TestBLSMemoryKeywords::test_reuse_with_a_different_nfreqs_raises_clearly PASSED [ 30%]
tests/test_bls.py::TestKernelCompileCaching::test_sparse_bls_gpu_compiles_once_per_block_size PASSED [ 30%]
tests/test_bls.py::TestKernelCompileCaching::test_eebls_transit_sparse_path_shares_the_cached_kernel PASSED [ 30%]
tests/test_bls.py::TestKernelCompileCaching::test_eebls_gpu_compiles_once PASSED [ 30%]
tests/test_bls.py::TestKernelCompileCaching::test_prepare_false_bypasses_the_cache PASSED [ 30%]
tests/test_bls.py::TestAdaptiveUsesFusedKernel::test_adaptive_launches_the_fused_kernel_once PASSED [ 30%]
tests/test_bls.py::TestAdaptiveUsesFusedKernel::test_transit_use_optimized_launches_the_fused_kernel_once PASSED [ 30%]
tests/test_bls.py::TestAdaptiveUsesFusedKernel::test_adaptive_falls_back_when_fused_is_invalid[kw0] PASSED [ 30%]
tests/test_bls.py::TestAdaptiveUsesFusedKernel::test_adaptive_falls_back_when_fused_is_invalid[kw1] PASSED [ 30%]
tests/test_bls.py::TestAdaptiveUsesFusedKernel::test_fused_and_multipass_agree PASSED [ 30%]
tests/test_bls.py::TestBLSMemoryHostStaging::test_only_transfer_buffers_are_page_locked PASSED [ 31%]
tests/test_bls.py::TestBLSMemoryHostStaging::test_result_buffer_is_page_locked_with_a_stream PASSED [ 31%]
tests/test_bls.py::TestBLSMemoryHostStaging::test_pooled_memory_stages_identical_bytes PASSED [ 31%]
tests/test_bls.py::TestBLSMemoryHostStaging::test_pool_reuses_one_memory_per_shape PASSED [ 31%]
tests/test_bls.py::TestBLSMemoryHostStaging::test_pooled_and_unpooled_results_agree PASSED [ 31%]
tests/test_bls.py::TestBLSMemoryHostStaging::test_pool_is_skipped_when_it_would_be_visible PASSED [ 31%]
tests/test_bls.py::TestNoBlasThreadpoolInPrologues::test_prologue_does_not_call_np_dot[eebls_gpu] PASSED [ 31%]
tests/test_bls.py::TestNoBlasThreadpoolInPrologues::test_prologue_does_not_call_np_dot[eebls_gpu_custom] PASSED [ 31%]
tests/test_bls.py::TestNoBlasThreadpoolInPrologues::test_prologue_does_not_call_np_dot[single_bls] PASSED [ 31%]
tests/test_bls.py::TestNoBlasThreadpoolInPrologues::test_prologue_does_not_call_np_dot[sparse_bls_cpu] PASSED [ 31%]
tests/test_bls.py::TestNoBlasThreadpoolInPrologues::test_einsum_and_dot_agree_to_rounding PASSED [ 31%]
tests/test_bls.py::TestNoBlasThreadpoolInPrologues::test_sparse_bls_cpu_still_matches_the_gpu_kernel PASSED [ 31%]
tests/test_bls.py::TestPerFrequencyHostWork::test_rephasing_matches_the_per_frequency_loop[float64] PASSED [ 31%]
tests/test_bls.py::TestPerFrequencyHostWork::test_rephasing_matches_the_per_frequency_loop[float32] PASSED [ 31%]
tests/test_bls.py::TestPerFrequencyHostWork::test_rephasing_matches_the_per_frequency_loop[list] PASSED [ 31%]
tests/test_bls.py::TestPerFrequencyHostWork::test_rephasing_matches_the_per_frequency_loop[np_scalars] PASSED [ 31%]
tests/test_bls.py::TestPerFrequencyHostWork::test_setdata_chi2_0_matches_the_two_pass_form PASSED [ 31%]
tests/test_bls.py::TestPerFrequencyHostWork::test_setdata_chi2_0_with_float32_inputs PASSED [ 32%]
tests/test_bls.py::TestPerFrequencyHostWork::test_scatter_perm_cache PASSED [ 32%]
tests/test_bls.py::TestPerFrequencyHostWork::test_conventions_still_consistent PASSED [ 32%]
tests/test_bls.py::TestAdaptiveBlockSize::test_choose_block_size[2-32] PASSED [ 32%]
tests/test_bls.py::TestAdaptiveBlockSize::test_choose_block_size[10-32] PASSED [ 32%]
tests/test_bls.py::TestAdaptiveBlockSize::test_choose_block_size[32-32] PASSED [ 32%]
tests/test_bls.py::TestAdaptiveBlockSize::test_choose_block_size[33-64] PASSED [ 32%]
tests/test_bls.py::TestAdaptiveBlockSize::test_choose_block_size[50-64] PASSED [ 32%]
tests/test_bls.py::TestAdaptiveBlockSize::test_choose_block_size[64-64] PASSED [ 32%]
tests/test_bls.py::TestAdaptiveBlockSize::test_choose_block_size[65-128] PASSED [ 32%]
tests/test_bls.py::TestAdaptiveBlockSize::test_choose_block_size[100-128] PASSED [ 32%]
tests/test_bls.py::TestAdaptiveBlockSize::test_choose_block_size[128-128] PASSED [ 32%]
tests/test_bls.py::TestAdaptiveBlockSize::test_choose_block_size[129-256] PASSED [ 32%]
tests/test_bls.py::TestAdaptiveBlockSize::test_choose_block_size[500-256] PASSED [ 32%]
tests/test_bls.py::TestAdaptiveBlockSize::test_choose_block_size[65536-256] PASSED [ 32%]
tests/test_bls.py::TestAdaptiveBlockSize::test_choose_block_size_is_monotonic PASSED [ 32%]
tests/test_bls.py::TestAdaptiveBlockSize::test_adaptive_matches_optimized_at_the_chosen_block_size[10] PASSED [ 32%]
tests/test_bls.py::TestAdaptiveBlockSize::test_adaptive_matches_optimized_at_the_chosen_block_size[50] PASSED [ 32%]
tests/test_bls.py::TestAdaptiveBlockSize::test_adaptive_matches_optimized_at_the_chosen_block_size[100] PASSED [ 33%]
tests/test_bls.py::TestAdaptiveBlockSize::test_adaptive_matches_optimized_at_the_chosen_block_size[500] PASSED [ 33%]
tests/test_bls.py::TestHostLadderMirrorsDevice::test_dnbins_matches_the_float32_device_arithmetic[0.1] PASSED [ 33%]
tests/test_bls.py::TestHostLadderMirrorsDevice::test_dnbins_matches_the_float32_device_arithmetic[0.15] PASSED [ 33%]
tests/test_bls.py::TestHostLadderMirrorsDevice::test_dnbins_matches_the_float32_device_arithmetic[0.2] PASSED [ 33%]
tests/test_bls.py::TestHostLadderMirrorsDevice::test_dnbins_matches_the_float32_device_arithmetic[0.25] PASSED [ 33%]
tests/test_bls.py::TestHostLadderMirrorsDevice::test_dnbins_matches_the_float32_device_arithmetic[0.3] PASSED [ 33%]
tests/test_bls.py::TestHostLadderMirrorsDevice::test_dnbins_matches_the_float32_device_arithmetic[0.35] PASSED [ 33%]
tests/test_bls.py::TestHostLadderMirrorsDevice::test_dnbins_matches_the_float32_device_arithmetic[0.4] PASSED [ 33%]
tests/test_bls.py::TestHostLadderMirrorsDevice::test_dnbins_matches_the_float32_device_arithmetic[0.45] PASSED [ 33%]
tests/test_bls.py::TestHostLadderMirrorsDevice::test_dnbins_matches_the_float32_device_arithmetic[0.5] PASSED [ 33%]
tests/test_bls.py::TestHostLadderMirrorsDevice::test_dnbins_matches_the_float32_device_arithmetic[0.55] PASSED [ 33%]
tests/test_bls.py::TestHostLadderMirrorsDevice::test_dnbins_matches_the_float32_device_arithmetic[0.6] PASSED [ 33%]
tests/test_bls.py::TestHostLadderMirrorsDevice::test_dnbins_matches_the_float32_device_arithmetic[0.65] PASSED [ 33%]
tests/test_bls.py::TestHostLadderMirrorsDevice::test_dnbins_matches_the_float32_device_arithmetic[0.7] PASSED [ 33%]
tests/test_bls.py::TestHostLadderMirrorsDevice::test_dnbins_matches_the_float32_device_arithmetic[0.75] PASSED [ 33%]
tests/test_bls.py::TestHostLadderMirrorsDevice::test_dnbins_matches_the_float32_device_arithmetic[0.8] PASSED [ 33%]
tests/test_bls.py::TestHostLadderMirrorsDevice::test_dnbins_matches_the_float32_device_arithmetic[0.85] PASSED [ 33%]
tests/test_bls.py::TestHostLadderMirrorsDevice::test_dnbins_matches_the_float32_device_arithmetic[0.9] PASSED [ 34%]
tests/test_bls.py::TestHostLadderMirrorsDevice::test_dnbins_matches_the_float32_device_arithmetic[0.95] PASSED [ 34%]
tests/test_bls.py::TestHostLadderMirrorsDevice::test_dnbins_matches_the_float32_device_arithmetic[1.0] PASSED [ 34%]
tests/test_bls.py::TestHostLadderMirrorsDevice::test_count_tot_nbins_matches_the_device_count PASSED [ 34%]
tests/test_bls.py::TestHostLadderMirrorsDevice::test_fast_box_widths_matches_the_device_ladder PASSED [ 34%]
tests/test_bls.py::TestFastSolutionLadderMatchesKernel::test_float32_bounds_use_the_uploaded_ladder PASSED [ 34%]
tests/test_bls.py::TestFastSolutionLadderMatchesKernel::test_float64_default_path_is_unchanged PASSED [ 34%]
tests/test_bls.py::TestFastSolutionLadderMatchesKernel::test_scalar_and_none_bounds_match_the_fast_path_defaults PASSED [ 34%]
tests/test_bls.py::TestFastSolutionLadderMatchesKernel::test_reported_box_is_on_the_kernel_grid_for_float32_bounds PASSED [ 34%]
tests/test_bls.py::TestSingleBlsQDomain::test_q_outside_unit_interval_raises[-0.1] PASSED [ 34%]
tests/test_bls.py::TestSingleBlsQDomain::test_q_outside_unit_interval_raises[-1e-09] PASSED [ 34%]
tests/test_bls.py::TestSingleBlsQDomain::test_q_outside_unit_interval_raises[1.0000001] PASSED [ 34%]
tests/test_bls.py::TestSingleBlsQDomain::test_q_outside_unit_interval_raises[1.5] PASSED [ 34%]
tests/test_bls.py::TestSingleBlsQDomain::test_q_outside_unit_interval_raises[7.0] PASSED [ 34%]
tests/test_bls.py::TestSingleBlsQDomain::test_non_positive_freq_raises[0.0] PASSED [ 34%]
tests/test_bls.py::TestSingleBlsQDomain::test_non_positive_freq_raises[-0.7] PASSED [ 34%]
tests/test_bls.py::TestSingleBlsQDomain::test_non_finite_parameters_raise[nan] PASSED [ 34%]
tests/test_bls.py::TestSingleBlsQDomain::test_non_finite_parameters_raise[inf] PASSED [ 34%]
tests/test_bls.py::TestSingleBlsQDomain::test_non_finite_parameters_raise[-inf] PASSED [ 35%]
tests/test_bls.py::TestSingleBlsQDomain::test_q_endpoints_evaluate_to_zero_power PASSED [ 35%]
tests/test_bls.py::TestSingleBlsQDomain::test_phi0_is_any_finite_phase PASSED [ 35%]
tests/test_bls_frequencies.py::TestKeplerianFreqGrid::test_grid_covers_range PASSED [ 35%]
tests/test_bls_frequencies.py::TestKeplerianFreqGrid::test_fewer_freqs_than_uniform PASSED [ 35%]
tests/test_bls_frequencies.py::TestKeplerianFreqGrid::test_return_qvals PASSED [ 35%]
tests/test_bls_frequencies.py::TestKeplerianFreqGrid::test_default_return_unchanged PASSED [ 35%]
tests/test_bls_frequencies.py::TestKeplerianFreqGrid::test_grid_stats PASSED [ 35%]
tests/test_bls_frequencies.py::TestBatchPerFrequencyQBounds::test_batch_keplerian_q_bounds PASSED [ 35%]
tests/test_bls_frequencies.py::TestVectorizedGridRecursion::test_keplerian_grid_matches_the_recursion[case0] PASSED [ 35%]
tests/test_bls_frequencies.py::TestVectorizedGridRecursion::test_keplerian_grid_matches_the_recursion[case1] PASSED [ 35%]
tests/test_bls_frequencies.py::TestVectorizedGridRecursion::test_keplerian_grid_matches_the_recursion[case2] PASSED [ 35%]
tests/test_bls_frequencies.py::TestVectorizedGridRecursion::test_keplerian_grid_matches_the_recursion[case3] PASSED [ 35%]
tests/test_bls_frequencies.py::TestVectorizedGridRecursion::test_keplerian_grid_matches_the_recursion[case4] PASSED [ 35%]
tests/test_bls_frequencies.py::TestVectorizedGridRecursion::test_keplerian_grid_matches_the_recursion[case5] PASSED [ 35%]
tests/test_bls_frequencies.py::TestVectorizedGridRecursion::test_keplerian_grid_matches_the_recursion[case6] PASSED [ 35%]
tests/test_bls_frequencies.py::TestVectorizedGridRecursion::test_keplerian_grid_matches_the_recursion[case7] PASSED [ 35%]
tests/test_bls_frequencies.py::TestVectorizedGridRecursion::test_keplerian_grid_matches_the_recursion[case8] PASSED [ 35%]
tests/test_bls_frequencies.py::TestVectorizedGridRecursion::test_keplerian_qvals_match[case0] PASSED [ 36%]
tests/test_bls_frequencies.py::TestVectorizedGridRecursion::test_keplerian_qvals_match[case1] PASSED [ 36%]
tests/test_bls_frequencies.py::TestVectorizedGridRecursion::test_keplerian_qvals_match[case2] PASSED [ 36%]
tests/test_bls_frequencies.py::TestVectorizedGridRecursion::test_keplerian_qvals_match[case3] PASSED [ 36%]
tests/test_bls_frequencies.py::TestVectorizedGridRecursion::test_bad_method_raises PASSED [ 36%]
tests/test_bls_frequencies.py::TestVectorizedGridRecursion::test_recursion_still_reproduces_its_own_definition PASSED [ 36%]
tests/test_bls_frequencies.py::TestVectorizedGridRecursion::test_transit_autofreq_matches_the_recursion[kw0] PASSED [ 36%]
tests/test_bls_frequencies.py::TestVectorizedGridRecursion::test_transit_autofreq_matches_the_recursion[kw1] PASSED [ 36%]
tests/test_bls_frequencies.py::TestVectorizedGridRecursion::test_transit_autofreq_matches_the_recursion[kw2] PASSED [ 36%]
tests/test_bls_frequencies.py::TestVectorizedGridRecursion::test_transit_autofreq_matches_the_recursion[kw3] PASSED [ 36%]
tests/test_bls_frequencies.py::TestVectorizedGridRecursion::test_transit_autofreq_matches_the_recursion[kw4] PASSED [ 36%]
tests/test_bls_frequencies.py::TestVectorizedGridRecursion::test_transit_autofreq_matches_the_recursion[kw5] PASSED [ 36%]
tests/test_bls_frequencies.py::TestVectorizedGridRecursion::test_transit_autofreq_bad_method_raises PASSED [ 36%]
tests/test_bls_frequencies.py::TestVectorizedGridRecursion::test_vectorized_grid_satisfies_the_recursion PASSED [ 36%]
tests/test_ce.py::TestCE::test_multiple_datasets[1] PASSED               [ 36%]
tests/test_ce.py::TestCE::test_multiple_datasets[5] PASSED               [ 36%]
tests/test_ce.py::TestCE::test_multiple_datasets[10] PASSED              [ 36%]
tests/test_ce.py::TestCE::test_batched_run[5-0-10-1-True-False-False-1-True-1-1] PASSED [ 36%]
tests/test_ce.py::TestCE::test_batched_run[5-0-10-1-True-False-False-1-True-1-7] PASSED [ 37%]
tests/test_ce.py::TestCE::test_batched_run[5-0-10-1-True-False-False-1-True-3-1] PASSED [ 37%]
tests/test_ce.py::TestCE::test_batched_run[5-0-10-1-True-False-False-1-True-3-7] PASSED [ 37%]
tests/test_ce.py::TestCE::test_batched_run[5-0-10-1-True-False-False-1-False-1-1] PASSED [ 37%]
tests/test_ce.py::TestCE::test_batched_run[5-0-10-1-True-False-False-1-False-1-7] PASSED [ 37%]
tests/test_ce.py::TestCE::test_batched_run[5-0-10-1-True-False-False-1-False-3-1] PASSED [ 37%]
tests/test_ce.py::TestCE::test_batched_run[5-0-10-1-True-False-False-1-False-3-7] PASSED [ 37%]
tests/test_ce.py::TestCE::test_batched_run[5-0-10-1-True-False-True-None-True-1-1] PASSED [ 37%]
tests/test_ce.py::TestCE::test_batched_run[5-0-10-1-True-False-True-None-True-1-7] PASSED [ 37%]
tests/test_ce.py::TestCE::test_batched_run[5-0-10-1-True-False-True-None-True-3-1] PASSED [ 37%]
tests/test_ce.py::TestCE::test_batched_run[5-0-10-1-True-False-True-None-True-3-7] PASSED [ 37%]
tests/test_ce.py::TestCE::test_batched_run[5-0-10-1-True-False-True-None-False-1-1] PASSED [ 37%]
tests/test_ce.py::TestCE::test_batched_run[5-0-10-1-True-False-True-None-False-1-7] PASSED [ 37%]
tests/test_ce.py::TestCE::test_batched_run[5-0-10-1-True-False-True-None-False-3-1] PASSED [ 37%]
tests/test_ce.py::TestCE::test_batched_run[5-0-10-1-True-False-True-None-False-3-7] PASSED [ 37%]
tests/test_ce.py::TestCE::test_batched_run[5-0-10-1-False-True-False-None-True-1-1] PASSED [ 37%]
tests/test_ce.py::TestCE::test_batched_run[5-0-10-1-False-True-False-None-True-1-7] PASSED [ 37%]
tests/test_ce.py::TestCE::test_batched_run[5-0-10-1-False-True-False-None-True-3-1] PASSED [ 38%]
tests/test_ce.py::TestCE::test_batched_run[5-0-10-1-False-True-False-None-True-3-7] PASSED [ 38%]
tests/test_ce.py::TestCE::test_batched_run[5-0-10-1-False-True-False-None-False-1-1] PASSED [ 38%]
tests/test_ce.py::TestCE::test_batched_run[5-0-10-1-False-True-False-None-False-1-7] PASSED [ 38%]
tests/test_ce.py::TestCE::test_batched_run[5-0-10-1-False-True-False-None-False-3-1] PASSED [ 38%]
tests/test_ce.py::TestCE::test_batched_run[5-0-10-1-False-True-False-None-False-3-7] PASSED [ 38%]
tests/test_ce.py::TestCE::test_batched_run[5-0-10-1-False-False-False-None-True-1-1] PASSED [ 38%]
tests/test_ce.py::TestCE::test_batched_run[5-0-10-1-False-False-False-None-True-1-7] PASSED [ 38%]
tests/test_ce.py::TestCE::test_batched_run[5-0-10-1-False-False-False-None-True-3-1] PASSED [ 38%]
tests/test_ce.py::TestCE::test_batched_run[5-0-10-1-False-False-False-None-True-3-7] PASSED [ 38%]
tests/test_ce.py::TestCE::test_batched_run[5-0-10-1-False-False-False-None-False-1-1] PASSED [ 38%]
tests/test_ce.py::TestCE::test_batched_run[5-0-10-1-False-False-False-None-False-1-7] PASSED [ 38%]
tests/test_ce.py::TestCE::test_batched_run[5-0-10-1-False-False-False-None-False-3-1] PASSED [ 38%]
tests/test_ce.py::TestCE::test_batched_run[5-0-10-1-False-False-False-None-False-3-7] PASSED [ 38%]
tests/test_ce.py::TestCE::test_batched_run_const_nfreq[5-0-10-1-True-False-False-1-True-1-1] PASSED [ 38%]
tests/test_ce.py::TestCE::test_batched_run_const_nfreq[5-0-10-1-True-False-False-1-True-1-7] PASSED [ 38%]
tests/test_ce.py::TestCE::test_batched_run_const_nfreq[5-0-10-1-True-False-False-1-True-3-1] PASSED [ 38%]
tests/test_ce.py::TestCE::test_batched_run_const_nfreq[5-0-10-1-True-False-False-1-True-3-7] PASSED [ 38%]
tests/test_ce.py::TestCE::test_batched_run_const_nfreq[5-0-10-1-True-False-False-1-False-1-1] PASSED [ 39%]
tests/test_ce.py::TestCE::test_batched_run_const_nfreq[5-0-10-1-True-False-False-1-False-1-7] PASSED [ 39%]
tests/test_ce.py::TestCE::test_batched_run_const_nfreq[5-0-10-1-True-False-False-1-False-3-1] PASSED [ 39%]
tests/test_ce.py::TestCE::test_batched_run_const_nfreq[5-0-10-1-True-False-False-1-False-3-7] PASSED [ 39%]
tests/test_ce.py::TestCE::test_batched_run_const_nfreq[5-0-10-1-True-False-True-None-True-1-1] PASSED [ 39%]
tests/test_ce.py::TestCE::test_batched_run_const_nfreq[5-0-10-1-True-False-True-None-True-1-7] PASSED [ 39%]
tests/test_ce.py::TestCE::test_batched_run_const_nfreq[5-0-10-1-True-False-True-None-True-3-1] PASSED [ 39%]
tests/test_ce.py::TestCE::test_batched_run_const_nfreq[5-0-10-1-True-False-True-None-True-3-7] PASSED [ 39%]
tests/test_ce.py::TestCE::test_batched_run_const_nfreq[5-0-10-1-True-False-True-None-False-1-1] PASSED [ 39%]
tests/test_ce.py::TestCE::test_batched_run_const_nfreq[5-0-10-1-True-False-True-None-False-1-7] PASSED [ 39%]
tests/test_ce.py::TestCE::test_batched_run_const_nfreq[5-0-10-1-True-False-True-None-False-3-1] PASSED [ 39%]
tests/test_ce.py::TestCE::test_batched_run_const_nfreq[5-0-10-1-True-False-True-None-False-3-7] PASSED [ 39%]
tests/test_ce.py::TestCE::test_batched_run_const_nfreq[5-0-10-1-False-True-False-None-True-1-1] PASSED [ 39%]
tests/test_ce.py::TestCE::test_batched_run_const_nfreq[5-0-10-1-False-True-False-None-True-1-7] PASSED [ 39%]
tests/test_ce.py::TestCE::test_batched_run_const_nfreq[5-0-10-1-False-True-False-None-True-3-1] PASSED [ 39%]
tests/test_ce.py::TestCE::test_batched_run_const_nfreq[5-0-10-1-False-True-False-None-True-3-7] PASSED [ 39%]
tests/test_ce.py::TestCE::test_batched_run_const_nfreq[5-0-10-1-False-True-False-None-False-1-1] PASSED [ 39%]
tests/test_ce.py::TestCE::test_batched_run_const_nfreq[5-0-10-1-False-True-False-None-False-1-7] PASSED [ 39%]
tests/test_ce.py::TestCE::test_batched_run_const_nfreq[5-0-10-1-False-True-False-None-False-3-1] PASSED [ 40%]
tests/test_ce.py::TestCE::test_batched_run_const_nfreq[5-0-10-1-False-True-False-None-False-3-7] PASSED [ 40%]
tests/test_ce.py::TestCE::test_batched_run_const_nfreq[5-0-10-1-False-False-False-None-True-1-1] PASSED [ 40%]
tests/test_ce.py::TestCE::test_batched_run_const_nfreq[5-0-10-1-False-False-False-None-True-1-7] PASSED [ 40%]
tests/test_ce.py::TestCE::test_batched_run_const_nfreq[5-0-10-1-False-False-False-None-True-3-1] PASSED [ 40%]
tests/test_ce.py::TestCE::test_batched_run_const_nfreq[5-0-10-1-False-False-False-None-True-3-7] PASSED [ 40%]
tests/test_ce.py::TestCE::test_batched_run_const_nfreq[5-0-10-1-False-False-False-None-False-1-1] PASSED [ 40%]
tests/test_ce.py::TestCE::test_batched_run_const_nfreq[5-0-10-1-False-False-False-None-False-1-7] PASSED [ 40%]
tests/test_ce.py::TestCE::test_batched_run_const_nfreq[5-0-10-1-False-False-False-None-False-3-1] PASSED [ 40%]
tests/test_ce.py::TestCE::test_batched_run_const_nfreq[5-0-10-1-False-False-False-None-False-3-7] PASSED [ 40%]
tests/test_ce.py::TestCE::test_inject_and_recover[0.0-10.0-5-0-10-1-True-False-False-1-False-True] PASSED [ 40%]
tests/test_ce.py::TestCE::test_inject_and_recover[0.0-10.0-5-0-10-1-True-False-False-1-False-False] PASSED [ 40%]
tests/test_ce.py::TestCE::test_inject_and_recover[0.0-10.0-5-0-10-1-True-False-True-None-False-True] PASSED [ 40%]
tests/test_ce.py::TestCE::test_inject_and_recover[0.0-10.0-5-0-10-1-True-False-True-None-False-False] PASSED [ 40%]
tests/test_ce.py::TestCE::test_inject_and_recover[0.0-10.0-5-0-10-1-False-True-False-None-False-True] PASSED [ 40%]
tests/test_ce.py::TestCE::test_inject_and_recover[0.0-10.0-5-0-10-1-False-True-False-None-False-False] PASSED [ 40%]
tests/test_ce.py::TestCE::test_inject_and_recover[0.0-10.0-5-0-10-1-False-False-False-None-False-True] PASSED [ 40%]
tests/test_ce.py::TestCE::test_inject_and_recover[0.0-10.0-5-0-10-1-False-False-False-None-False-False] PASSED [ 40%]
tests/test_ce.py::TestCE::test_inject_and_recover[0.0-10.0-5-0-10-1-False-False-False-None-True-True] PASSED [ 41%]
tests/test_ce.py::TestCE::test_inject_and_recover[0.0-10.0-5-0-10-1-False-False-False-None-True-False] PASSED [ 41%]
tests/test_ce.py::TestCE::test_large_run PASSED                          [ 41%]
tests/test_ce.py::TestCE::test_time_shift_invariance[10.0-5-0-10-1-True-False-False-1-False-True] PASSED [ 41%]
tests/test_ce.py::TestCE::test_time_shift_invariance[10.0-5-0-10-1-True-False-False-1-False-False] PASSED [ 41%]
tests/test_ce.py::TestCE::test_time_shift_invariance[10.0-5-0-10-1-False-False-False-None-True-True] PASSED [ 41%]
tests/test_ce.py::TestCE::test_time_shift_invariance[10.0-5-0-10-1-False-False-False-None-True-False] PASSED [ 41%]
tests/test_ce.py::TestCE::test_fast[300-1-False-False-0.0-12.0-10-0-5-0-1-True-True] PASSED [ 41%]
tests/test_ce.py::TestCE::test_fast[300-1-False-False-0.0-12.0-10-0-5-0-1-True-False] PASSED [ 41%]
tests/test_ce.py::TestCE::test_fast[300-1-False-False-0.0-12.0-10-0-5-0-1-False-True] PASSED [ 41%]
tests/test_ce.py::TestCE::test_fast[300-1-False-False-0.0-12.0-10-0-5-0-1-False-False] PASSED [ 41%]
tests/test_ce.py::TestCE::test_fast[300-1-False-False-0.0-12.0-10-0-5-0-None-True-True] PASSED [ 41%]
tests/test_ce.py::TestCE::test_fast[300-1-False-False-0.0-12.0-10-0-5-0-None-True-False] PASSED [ 41%]
tests/test_ce.py::TestCE::test_fast[300-1-False-False-0.0-12.0-10-0-5-0-None-False-True] PASSED [ 41%]
tests/test_ce.py::TestCE::test_fast[300-1-False-False-0.0-12.0-10-0-5-0-None-False-False] PASSED [ 41%]
tests/test_ce.py::TestCE::test_fast[300-1-False-False-0.0-12.0-10-1-5-1-1-True-True] PASSED [ 41%]
tests/test_ce.py::TestCE::test_fast[300-1-False-False-0.0-12.0-10-1-5-1-1-True-False] PASSED [ 41%]
tests/test_ce.py::TestCE::test_fast[300-1-False-False-0.0-12.0-10-1-5-1-1-False-True] PASSED [ 41%]
tests/test_ce.py::TestCE::test_fast[300-1-False-False-0.0-12.0-10-1-5-1-1-False-False] PASSED [ 42%]
tests/test_ce.py::TestCE::test_fast[300-1-False-False-0.0-12.0-10-1-5-1-None-True-True] PASSED [ 42%]
tests/test_ce.py::TestCE::test_fast[300-1-False-False-0.0-12.0-10-1-5-1-None-True-False] PASSED [ 42%]
tests/test_ce.py::TestCE::test_fast[300-1-False-False-0.0-12.0-10-1-5-1-None-False-True] PASSED [ 42%]
tests/test_ce.py::TestCE::test_fast[300-1-False-False-0.0-12.0-10-1-5-1-None-False-False] PASSED [ 42%]
tests/test_ce.py::TestCE::test_fast[300-1-False-False-0.0-12.0-5-0-4-0-1-True-True] PASSED [ 42%]
tests/test_ce.py::TestCE::test_fast[300-1-False-False-0.0-12.0-5-0-4-0-1-True-False] PASSED [ 42%]
tests/test_ce.py::TestCE::test_fast[300-1-False-False-0.0-12.0-5-0-4-0-1-False-True] PASSED [ 42%]
tests/test_ce.py::TestCE::test_fast[300-1-False-False-0.0-12.0-5-0-4-0-1-False-False] PASSED [ 42%]
tests/test_ce.py::TestCE::test_fast[300-1-False-False-0.0-12.0-5-0-4-0-None-True-True] PASSED [ 42%]
tests/test_ce.py::TestCE::test_fast[300-1-False-False-0.0-12.0-5-0-4-0-None-True-False] PASSED [ 42%]
tests/test_ce.py::TestCE::test_fast[300-1-False-False-0.0-12.0-5-0-4-0-None-False-True] PASSED [ 42%]
tests/test_ce.py::TestCE::test_fast[300-1-False-False-0.0-12.0-5-0-4-0-None-False-False] PASSED [ 42%]
tests/test_ce.py::TestCE::test_fast[300-1-False-False-0.0-12.0-7-0-6-0-1-True-True] PASSED [ 42%]
tests/test_ce.py::TestCE::test_fast[300-1-False-False-0.0-12.0-7-0-6-0-1-True-False] PASSED [ 42%]
tests/test_ce.py::TestCE::test_fast[300-1-False-False-0.0-12.0-7-0-6-0-1-False-True] PASSED [ 42%]
tests/test_ce.py::TestCE::test_fast[300-1-False-False-0.0-12.0-7-0-6-0-1-False-False] PASSED [ 42%]
tests/test_ce.py::TestCE::test_fast[300-1-False-False-0.0-12.0-7-0-6-0-None-True-True] PASSED [ 42%]
tests/test_ce.py::TestCE::test_fast[300-1-False-False-0.0-12.0-7-0-6-0-None-True-False] PASSED [ 43%]
tests/test_ce.py::TestCE::test_fast[300-1-False-False-0.0-12.0-7-0-6-0-None-False-True] PASSED [ 43%]
tests/test_ce.py::TestCE::test_fast[300-1-False-False-0.0-12.0-7-0-6-0-None-False-False] PASSED [ 43%]
tests/test_ce.py::TestCE::test_fast[300-1-False-False-0.0-12.0-3-0-4-0-1-True-True] PASSED [ 43%]
tests/test_ce.py::TestCE::test_fast[300-1-False-False-0.0-12.0-3-0-4-0-1-True-False] PASSED [ 43%]
tests/test_ce.py::TestCE::test_fast[300-1-False-False-0.0-12.0-3-0-4-0-1-False-True] PASSED [ 43%]
tests/test_ce.py::TestCE::test_fast[300-1-False-False-0.0-12.0-3-0-4-0-1-False-False] PASSED [ 43%]
tests/test_ce.py::TestCE::test_fast[300-1-False-False-0.0-12.0-3-0-4-0-None-True-True] PASSED [ 43%]
tests/test_ce.py::TestCE::test_fast[300-1-False-False-0.0-12.0-3-0-4-0-None-True-False] PASSED [ 43%]
tests/test_ce.py::TestCE::test_fast[300-1-False-False-0.0-12.0-3-0-4-0-None-False-True] PASSED [ 43%]
tests/test_ce.py::TestCE::test_fast[300-1-False-False-0.0-12.0-3-0-4-0-None-False-False] PASSED [ 43%]
tests/test_ce.py::TestCE::test_fast[300-None-False-False-0.0-12.0-10-0-5-0-1-True-True] PASSED [ 43%]
tests/test_ce.py::TestCE::test_fast[300-None-False-False-0.0-12.0-10-0-5-0-1-True-False] PASSED [ 43%]
tests/test_ce.py::TestCE::test_fast[300-None-False-False-0.0-12.0-10-0-5-0-1-False-True] PASSED [ 43%]
tests/test_ce.py::TestCE::test_fast[300-None-False-False-0.0-12.0-10-0-5-0-1-False-False] PASSED [ 43%]
tests/test_ce.py::TestCE::test_fast[300-None-False-False-0.0-12.0-10-0-5-0-None-True-True] PASSED [ 43%]
tests/test_ce.py::TestCE::test_fast[300-None-False-False-0.0-12.0-10-0-5-0-None-True-False] PASSED [ 43%]
tests/test_ce.py::TestCE::test_fast[300-None-False-False-0.0-12.0-10-0-5-0-None-False-True] PASSED [ 44%]
tests/test_ce.py::TestCE::test_fast[300-None-False-False-0.0-12.0-10-0-5-0-None-False-False] PASSED [ 44%]
tests/test_ce.py::TestCE::test_fast[300-None-False-False-0.0-12.0-10-1-5-1-1-True-True] PASSED [ 44%]
tests/test_ce.py::TestCE::test_fast[300-None-False-False-0.0-12.0-10-1-5-1-1-True-False] PASSED [ 44%]
tests/test_ce.py::TestCE::test_fast[300-None-False-False-0.0-12.0-10-1-5-1-1-False-True] PASSED [ 44%]
tests/test_ce.py::TestCE::test_fast[300-None-False-False-0.0-12.0-10-1-5-1-1-False-False] PASSED [ 44%]
tests/test_ce.py::TestCE::test_fast[300-None-False-False-0.0-12.0-10-1-5-1-None-True-True] PASSED [ 44%]
tests/test_ce.py::TestCE::test_fast[300-None-False-False-0.0-12.0-10-1-5-1-None-True-False] PASSED [ 44%]
tests/test_ce.py::TestCE::test_fast[300-None-False-False-0.0-12.0-10-1-5-1-None-False-True] PASSED [ 44%]
tests/test_ce.py::TestCE::test_fast[300-None-False-False-0.0-12.0-10-1-5-1-None-False-False] PASSED [ 44%]
tests/test_ce.py::TestCE::test_fast[300-None-False-False-0.0-12.0-5-0-4-0-1-True-True] PASSED [ 44%]
tests/test_ce.py::TestCE::test_fast[300-None-False-False-0.0-12.0-5-0-4-0-1-True-False] PASSED [ 44%]
tests/test_ce.py::TestCE::test_fast[300-None-False-False-0.0-12.0-5-0-4-0-1-False-True] PASSED [ 44%]
tests/test_ce.py::TestCE::test_fast[300-None-False-False-0.0-12.0-5-0-4-0-1-False-False] PASSED [ 44%]
tests/test_ce.py::TestCE::test_fast[300-None-False-False-0.0-12.0-5-0-4-0-None-True-True] PASSED [ 44%]
tests/test_ce.py::TestCE::test_fast[300-None-False-False-0.0-12.0-5-0-4-0-None-True-False] PASSED [ 44%]
tests/test_ce.py::TestCE::test_fast[300-None-False-False-0.0-12.0-5-0-4-0-None-False-True] PASSED [ 44%]
tests/test_ce.py::TestCE::test_fast[300-None-False-False-0.0-12.0-5-0-4-0-None-False-False] PASSED [ 44%]
tests/test_ce.py::TestCE::test_fast[300-None-False-False-0.0-12.0-7-0-6-0-1-True-True] PASSED [ 45%]
tests/test_ce.py::TestCE::test_fast[300-None-False-False-0.0-12.0-7-0-6-0-1-True-False] PASSED [ 45%]
tests/test_ce.py::TestCE::test_fast[300-None-False-False-0.0-12.0-7-0-6-0-1-False-True] PASSED [ 45%]
tests/test_ce.py::TestCE::test_fast[300-None-False-False-0.0-12.0-7-0-6-0-1-False-False] PASSED [ 45%]
tests/test_ce.py::TestCE::test_fast[300-None-False-False-0.0-12.0-7-0-6-0-None-True-True] PASSED [ 45%]
tests/test_ce.py::TestCE::test_fast[300-None-False-False-0.0-12.0-7-0-6-0-None-True-False] PASSED [ 45%]
tests/test_ce.py::TestCE::test_fast[300-None-False-False-0.0-12.0-7-0-6-0-None-False-True] PASSED [ 45%]
tests/test_ce.py::TestCE::test_fast[300-None-False-False-0.0-12.0-7-0-6-0-None-False-False] PASSED [ 45%]
tests/test_ce.py::TestCE::test_fast[300-None-False-False-0.0-12.0-3-0-4-0-1-True-True] PASSED [ 45%]
tests/test_ce.py::TestCE::test_fast[300-None-False-False-0.0-12.0-3-0-4-0-1-True-False] PASSED [ 45%]
tests/test_ce.py::TestCE::test_fast[300-None-False-False-0.0-12.0-3-0-4-0-1-False-True] PASSED [ 45%]
tests/test_ce.py::TestCE::test_fast[300-None-False-False-0.0-12.0-3-0-4-0-1-False-False] PASSED [ 45%]
tests/test_ce.py::TestCE::test_fast[300-None-False-False-0.0-12.0-3-0-4-0-None-True-True] PASSED [ 45%]
tests/test_ce.py::TestCE::test_fast[300-None-False-False-0.0-12.0-3-0-4-0-None-True-False] PASSED [ 45%]
tests/test_ce.py::TestCE::test_fast[300-None-False-False-0.0-12.0-3-0-4-0-None-False-True] PASSED [ 45%]
tests/test_ce.py::TestCE::test_fast[300-None-False-False-0.0-12.0-3-0-4-0-None-False-False] PASSED [ 45%]
tests/test_ce.py::TestCEBrightestPoint::test_histogram_totals_exact[0-0] PASSED [ 45%]
tests/test_ce.py::TestCEBrightestPoint::test_histogram_totals_exact[1-0] PASSED [ 45%]
tests/test_ce.py::TestCEBrightestPoint::test_histogram_totals_exact[0-1] PASSED [ 46%]
tests/test_ce.py::TestCEBrightestPoint::test_histogram_totals_exact[1-1] PASSED [ 46%]
tests/test_ce.py::TestCEBrightestPoint::test_no_write_past_bins PASSED   [ 46%]
tests/test_ce.py::TestCEBrightestPoint::test_matches_cpu_reference[False-False-5] PASSED [ 46%]
tests/test_ce.py::TestCEBrightestPoint::test_matches_cpu_reference[False-False-60] PASSED [ 46%]
tests/test_ce.py::TestCEBrightestPoint::test_matches_cpu_reference[False-True-5] PASSED [ 46%]
tests/test_ce.py::TestCEBrightestPoint::test_matches_cpu_reference[False-True-60] PASSED [ 46%]
tests/test_ce.py::TestCEBrightestPoint::test_matches_cpu_reference[True-False-5] PASSED [ 46%]
tests/test_ce.py::TestCEBrightestPoint::test_matches_cpu_reference[True-False-60] PASSED [ 46%]
tests/test_ce.py::TestCEBrightestPoint::test_matches_cpu_reference[True-True-5] PASSED [ 46%]
tests/test_ce.py::TestCEBrightestPoint::test_matches_cpu_reference[True-True-60] PASSED [ 46%]
tests/test_ce.py::TestCEBrightestPoint::test_matches_cpu_reference_overlap[1-1] PASSED [ 46%]
tests/test_ce.py::TestCEBrightestPoint::test_matches_cpu_reference_overlap[2-1] PASSED [ 46%]
tests/test_ce.py::TestCEBrightestPoint::test_frequency_grid_order_invariance[False] PASSED [ 46%]
tests/test_ce.py::TestCEBrightestPoint::test_frequency_grid_order_invariance[True] PASSED [ 46%]
tests/test_ce.py::TestCEBrightestPoint::test_mag_bin_fracs_sum_to_one PASSED [ 46%]
tests/test_ce.py::TestCEWeighted::test_hand_placed_points_match_exact_masses PASSED [ 46%]
tests/test_ce.py::TestCEWeighted::test_bins_and_ce_vs_ndtr_reference[0-0.05-5] PASSED [ 46%]
tests/test_ce.py::TestCEWeighted::test_bins_and_ce_vs_ndtr_reference[0-0.05-10] PASSED [ 47%]
tests/test_ce.py::TestCEWeighted::test_bins_and_ce_vs_ndtr_reference[0-0.15-5] PASSED [ 47%]
tests/test_ce.py::TestCEWeighted::test_bins_and_ce_vs_ndtr_reference[0-0.15-10] PASSED [ 47%]
tests/test_ce.py::TestCEWeighted::test_bins_and_ce_vs_ndtr_reference[1-0.05-5] PASSED [ 47%]
tests/test_ce.py::TestCEWeighted::test_bins_and_ce_vs_ndtr_reference[1-0.05-10] PASSED [ 47%]
tests/test_ce.py::TestCEWeighted::test_bins_and_ce_vs_ndtr_reference[1-0.15-5] PASSED [ 47%]
tests/test_ce.py::TestCEWeighted::test_bins_and_ce_vs_ndtr_reference[1-0.15-10] PASSED [ 47%]
tests/test_ce.py::TestCEWeighted::test_bins_and_ce_vs_ndtr_reference[2-0.05-5] PASSED [ 47%]
tests/test_ce.py::TestCEWeighted::test_bins_and_ce_vs_ndtr_reference[2-0.05-10] PASSED [ 47%]
tests/test_ce.py::TestCEWeighted::test_bins_and_ce_vs_ndtr_reference[2-0.15-5] PASSED [ 47%]
tests/test_ce.py::TestCEWeighted::test_bins_and_ce_vs_ndtr_reference[2-0.15-10] PASSED [ 47%]
tests/test_ce.py::TestCEWeighted::test_large_max_phi_is_finite PASSED    [ 47%]
tests/test_ce.py::TestCEDoubleFast::test_double_fast_matches_double_standard[5-4-True-200] PASSED [ 47%]
tests/test_ce.py::TestCEDoubleFast::test_double_fast_matches_double_standard[5-4-True-201] PASSED [ 47%]
tests/test_ce.py::TestCEDoubleFast::test_double_fast_matches_double_standard[5-4-False-200] PASSED [ 47%]
tests/test_ce.py::TestCEDoubleFast::test_double_fast_matches_double_standard[5-4-False-201] PASSED [ 47%]
tests/test_ce.py::TestCEDoubleFast::test_double_fast_matches_double_standard[7-6-True-200] PASSED [ 47%]
tests/test_ce.py::TestCEDoubleFast::test_double_fast_matches_double_standard[7-6-True-201] PASSED [ 47%]
tests/test_ce.py::TestCEDoubleFast::test_double_fast_matches_double_standard[7-6-False-200] PASSED [ 48%]
tests/test_ce.py::TestCEDoubleFast::test_double_fast_matches_double_standard[7-6-False-201] PASSED [ 48%]
tests/test_ce.py::TestCEDoubleFast::test_double_fast_matches_double_standard[3-4-True-200] PASSED [ 48%]
tests/test_ce.py::TestCEDoubleFast::test_double_fast_matches_double_standard[3-4-True-201] PASSED [ 48%]
tests/test_ce.py::TestCEDoubleFast::test_double_fast_matches_double_standard[3-4-False-200] PASSED [ 48%]
tests/test_ce.py::TestCEDoubleFast::test_double_fast_matches_double_standard[3-4-False-201] PASSED [ 48%]
tests/test_ce.py::TestCEDoubleFast::test_double_fast_matches_double_standard[10-5-True-200] PASSED [ 48%]
tests/test_ce.py::TestCEDoubleFast::test_double_fast_matches_double_standard[10-5-True-201] PASSED [ 48%]
tests/test_ce.py::TestCEDoubleFast::test_double_fast_matches_double_standard[10-5-False-200] PASSED [ 48%]
tests/test_ce.py::TestCEDoubleFast::test_double_fast_matches_double_standard[10-5-False-201] PASSED [ 48%]
tests/test_ce.py::TestCEBalanced::test_constructor_flag_is_forwarded PASSED [ 48%]
tests/test_ce.py::TestCEBalanced::test_widen_mag_range_is_forwarded PASSED [ 48%]
tests/test_ce.py::TestCEBalanced::test_unsupported_combinations_raise_in_constructor PASSED [ 48%]
tests/test_ce.py::TestCEBalanced::test_use_fast_with_log_prob_raises_everywhere PASSED [ 48%]
tests/test_ce.py::TestCEBalanced::test_unsupported_combinations_raise_for_run_kwargs[ctor0] PASSED [ 48%]
tests/test_ce.py::TestCEBalanced::test_unsupported_combinations_raise_for_run_kwargs[ctor1] PASSED [ 48%]
tests/test_ce.py::TestCEBalanced::test_unsupported_combinations_raise_for_run_kwargs[ctor2] PASSED [ 48%]
tests/test_ce.py::TestCEBalanced::test_unsupported_combinations_raise_for_run_kwargs[ctor3] PASSED [ 48%]
tests/test_ce.py::TestCEBalanced::test_balanced_matches_reference PASSED [ 49%]
tests/test_ce.py::TestCEBalanced::test_quantized_magnitudes_are_finite PASSED [ 49%]
tests/test_ce.py::TestCEBalanced::test_balanced_bin_bounds_cover_every_point[2] PASSED [ 49%]
tests/test_ce.py::TestCEBalanced::test_balanced_bin_bounds_cover_every_point[3] PASSED [ 49%]
tests/test_ce.py::TestCEBalanced::test_balanced_bin_bounds_cover_every_point[5] PASSED [ 49%]
tests/test_ce.py::TestCEBalanced::test_balanced_bin_bounds_cover_every_point[7] PASSED [ 49%]
tests/test_ce.py::TestCEBalanced::test_balanced_bin_bounds_cover_every_point[11] PASSED [ 49%]
tests/test_ce.py::TestCEBalanced::test_balanced_bin_bounds_cover_every_point[20] PASSED [ 49%]
tests/test_ce.py::TestCEBalanced::test_balanced_brightest_point_on_gpu_ragged_n PASSED [ 49%]
tests/test_ce.py::TestCEConstantY::test_constant_y_is_rejected PASSED    [ 49%]
tests/test_ce.py::TestCEConstantY::test_setdata_on_constant_y_was_the_failure PASSED [ 49%]
tests/test_ce.py::TestCEMemoryOptionMismatch::test_matching_and_unrelated_kwargs_pass PASSED [ 49%]
tests/test_ce.py::TestCEMemoryOptionMismatch::test_mismatched_kwarg_raises[kw0] PASSED [ 49%]
tests/test_ce.py::TestCEMemoryOptionMismatch::test_mismatched_kwarg_raises[kw1] PASSED [ 49%]
tests/test_ce.py::TestCEMemoryOptionMismatch::test_mismatched_kwarg_raises[kw2] PASSED [ 49%]
tests/test_ce.py::TestCEMemoryOptionMismatch::test_mismatched_kwarg_raises[kw3] PASSED [ 49%]
tests/test_ce.py::TestCEMemoryOptionMismatch::test_mismatched_kwarg_raises[kw4] PASSED [ 49%]
tests/test_ce.py::TestCEMemoryOptionMismatch::test_mismatched_kwarg_raises[kw5] PASSED [ 50%]
tests/test_ce.py::TestCEMemoryOptionMismatch::test_mismatched_kwarg_raises[kw6] PASSED [ 50%]
tests/test_ce.py::TestCEMemoryOptionMismatch::test_mismatched_kwarg_raises[kw7] PASSED [ 50%]
tests/test_ce.py::TestCEMemoryOptionMismatch::test_mismatched_kwarg_raises[kw8] PASSED [ 50%]
tests/test_ce.py::TestCEMemoryOptionMismatch::test_mismatched_kwarg_raises[kw9] PASSED [ 50%]
tests/test_ce.py::TestCEMemoryOptionMismatch::test_run_raises_before_any_gpu_work PASSED [ 50%]
tests/test_ce.py::TestCEMemoryOptionMismatch::test_fast_process_rejects_a_weighted_memory PASSED [ 50%]
tests/test_ce.py::TestCEPreallocate::test_preallocate_then_run[False] PASSED [ 50%]
tests/test_ce.py::TestCEPreallocate::test_preallocate_then_run[True] PASSED [ 50%]
tests/test_ce.py::TestCEPreallocate::test_preallocate_batch PASSED       [ 50%]
tests/test_ce.py::TestCEPreallocate::test_run_reuploads_changed_freqs PASSED [ 50%]
tests/test_ce.py::TestCEPreallocate::test_sync_memory_freqs_sees_in_place_mutation_cpu PASSED [ 50%]
tests/test_ce.py::TestCEPreallocate::test_run_reuploads_in_place_mutated_float32_grid PASSED [ 50%]
tests/test_ce.py::TestCEPreallocate::test_preallocate_then_large_run PASSED [ 50%]
tests/test_ce.py::TestCEPreallocate::test_preallocate_then_run_without_freqs PASSED [ 50%]
tests/test_ce.py::TestCEPreallocate::test_run_without_freqs_and_without_memory_uses_autofrequency PASSED [ 50%]
tests/test_ce.py::TestCEFastSharedMemoryLimit::test_oversized_histogram_raises_value_error PASSED [ 50%]
tests/test_ce.py::TestCEFastSharedMemoryLimit::test_small_histogram_still_runs PASSED [ 50%]
tests/test_ce.py::TestCEReuse::test_set_data_false_repeat_is_idempotent[False] PASSED [ 51%]
tests/test_ce.py::TestCEReuse::test_set_data_false_repeat_is_idempotent[True] PASSED [ 51%]
tests/test_ce.py::TestCEReuse::test_compile_gate_logic PASSED            [ 51%]
tests/test_ce.py::TestCEReuse::test_compiles_once_per_process PASSED     [ 51%]
tests/test_ce.py::TestCEFastGridSize::test_grid_fills_the_device PASSED  [ 51%]
tests/test_ce.py::TestCEFastGridSize::test_grid_never_exceeds_the_frequency_count PASSED [ 51%]
tests/test_ce.py::TestCEFastGridSize::test_grid_is_at_least_one_block_per_sm PASSED [ 51%]
tests/test_ce.py::TestCEFastGridSize::test_grid_scales_with_the_device PASSED [ 51%]
tests/test_ce.py::TestCEFastGridSize::test_launch_grid_matches_the_occupancy_formula PASSED [ 51%]
tests/test_ce.py::TestCEFastGridSize::test_max_nblocks_still_caps_when_given PASSED [ 51%]
tests/test_ce.py::TestCEFastGridSize::test_result_is_bitwise_independent_of_the_grid[300-1013-10-5-False] PASSED [ 51%]
tests/test_ce.py::TestCEFastGridSize::test_result_is_bitwise_independent_of_the_grid[300-1013-10-5-True] PASSED [ 51%]
tests/test_ce.py::TestCEFastGridSize::test_result_is_bitwise_independent_of_the_grid[2000-4001-10-5-False] PASSED [ 51%]
tests/test_ce.py::TestCEFastGridSize::test_result_is_bitwise_independent_of_the_grid[2000-4001-10-5-True] PASSED [ 51%]
tests/test_ce.py::TestCEFastGridSize::test_result_is_bitwise_independent_of_the_grid[137-257-7-6-False] PASSED [ 51%]
tests/test_ce.py::TestCEFastGridSize::test_result_is_bitwise_independent_of_the_grid[137-257-7-6-True] PASSED [ 51%]
tests/test_ce.py::TestCEFastGridSize::test_result_is_bitwise_independent_of_the_grid[5000-733-20-8-False] PASSED [ 51%]
tests/test_ce.py::TestCEFastGridSize::test_result_is_bitwise_independent_of_the_grid[5000-733-20-8-True] PASSED [ 51%]
tests/test_ce.py::TestCEFastSkipsGlobalHistogram::test_fast_memory_has_no_global_histogram PASSED [ 52%]
tests/test_ce.py::TestCEFastSkipsGlobalHistogram::test_memory_requirement_drops_the_histogram PASSED [ 52%]
tests/test_ce.py::TestCEFastSkipsGlobalHistogram::test_results_identical_with_and_without_the_histogram[300-1013-False] PASSED [ 52%]
tests/test_ce.py::TestCEFastSkipsGlobalHistogram::test_results_identical_with_and_without_the_histogram[300-1013-True] PASSED [ 52%]
tests/test_ce.py::TestCEFastSkipsGlobalHistogram::test_results_identical_with_and_without_the_histogram[2000-4001-False] PASSED [ 52%]
tests/test_ce.py::TestCEFastSkipsGlobalHistogram::test_results_identical_with_and_without_the_histogram[2000-4001-True] PASSED [ 52%]
tests/test_ce.py::TestCEFastSkipsGlobalHistogram::test_standard_kernels_reject_a_fast_memory PASSED [ 52%]
tests/test_ce.py::TestCEFastSkipsGlobalHistogram::test_set_data_false_repeat_is_still_idempotent[False] PASSED [ 52%]
tests/test_ce.py::TestCEFastSkipsGlobalHistogram::test_set_data_false_repeat_is_still_idempotent[True] PASSED [ 52%]
tests/test_ce.py::TestCEFastSkipsGlobalHistogram::test_preallocate_and_large_run_still_work PASSED [ 52%]
tests/test_ce.py::TestCEFrequencyInput::test_single_grid_detection PASSED [ 52%]
tests/test_ce.py::TestCEFrequencyInput::test_float32_freqs_accepted[ctor0] PASSED [ 52%]
tests/test_ce.py::TestCEFrequencyInput::test_float32_freqs_accepted[ctor1] PASSED [ 52%]
tests/test_ce.py::TestCEFrequencyInput::test_float32_freqs_accepted[ctor2] PASSED [ 52%]
tests/test_error_hygiene.py::test_no_assert_based_validation_in_runtime_modules PASSED [ 52%]
tests/test_error_hygiene.py::test_no_bare_exception_raises PASSED        [ 52%]
tests/test_error_hygiene.py::test_docstrings_with_backslashes_are_raw PASSED [ 52%]
tests/test_error_hygiene.py::test_nfft_memory_math_block_is_intact PASSED [ 52%]
tests/test_error_hygiene.py::test_check_k0_raises_value_error PASSED     [ 53%]
tests/test_error_hygiene.py::test_check_k0_survives_python_O PASSED      [ 53%]
tests/test_error_hygiene.py::test_eebls_transit_qvals_without_freqs_value_error PASSED [ 53%]
tests/test_error_hygiene.py::test_ce_memory_unsupported_combos_value_error PASSED [ 53%]
tests/test_error_hygiene.py::TestApiStubsImplemented::test_ce_memory_requirement_returns_bytes PASSED [ 53%]
tests/test_error_hygiene.py::TestApiStubsImplemented::test_ls_memory_is_ready_raises_runtime_error PASSED [ 53%]
tests/test_error_hygiene.py::TestBatchApiHonesty::test_batched_run_const_nfreq_default_batch_size_is_1 PASSED [ 53%]
tests/test_error_hygiene.py::TestBatchApiHonesty::test_batch_kernels_are_cached PASSED [ 53%]
tests/test_error_hygiene.py::TestBatchApiHonesty::test_bls_memory_host_array_naming PASSED [ 53%]
tests/test_examples_compile.py::test_examples_directory_present_or_installed SKIPPED [ 53%]
tests/test_examples_compile.py::test_example_compiles_without_warnings[NOTSET] SKIPPED [ 53%]
tests/test_examples_compile.py::test_notebook_code_cells_compile_without_warnings[NOTSET] SKIPPED [ 53%]
tests/test_host_array.py::test_host_array_pinned_uses_pagelocked PASSED  [ 53%]
tests/test_host_array.py::test_host_array_falls_back_when_pinning_fails PASSED [ 53%]
tests/test_host_array.py::test_host_array_does_not_warn_when_fallback_also_fails PASSED [ 53%]
tests/test_host_array.py::test_host_array_pinned_false_skips_pinning PASSED [ 53%]
tests/test_input_validation.py::TestCheckLightcurve::test_accepts_valid_input_unchanged PASSED [ 53%]
tests/test_input_validation.py::TestCheckLightcurve::test_dy_none_is_allowed PASSED [ 53%]
tests/test_input_validation.py::TestCheckLightcurve::test_integer_arrays_are_accepted PASSED [ 54%]
tests/test_input_validation.py::TestCheckLightcurve::test_dtypes[float32] PASSED [ 54%]
tests/test_input_validation.py::TestCheckLightcurve::test_dtypes[float64] PASSED [ 54%]
tests/test_input_validation.py::TestCheckLightcurve::test_nan_in_t_names_t_and_the_index PASSED [ 54%]
tests/test_input_validation.py::TestCheckLightcurve::test_counts_and_first_indices PASSED [ 54%]
tests/test_input_validation.py::TestCheckLightcurve::test_dy_zero_and_negative PASSED [ 54%]
tests/test_input_validation.py::TestCheckLightcurve::test_length_mismatch PASSED [ 54%]
tests/test_input_validation.py::TestCheckLightcurve::test_min_n PASSED   [ 54%]
tests/test_input_validation.py::TestCheckLightcurve::test_shape_and_dtype_guards PASSED [ 54%]
tests/test_input_validation.py::TestCheckFreqs::test_accepts_valid_grid_unchanged PASSED [ 54%]
tests/test_input_validation.py::TestCheckFreqs::test_non_finite PASSED   [ 54%]
tests/test_input_validation.py::TestCheckFreqs::test_non_positive PASSED [ 54%]
tests/test_input_validation.py::TestCheckFreqs::test_empty PASSED        [ 54%]
tests/test_input_validation.py::TestEntryPointsRejectBadLightcurves::test_nan_in_t[sparse_bls_cpu] PASSED [ 54%]
tests/test_input_validation.py::TestEntryPointsRejectBadLightcurves::test_nan_in_t[sparse_bls_gpu] PASSED [ 54%]
tests/test_input_validation.py::TestEntryPointsRejectBadLightcurves::test_nan_in_t[eebls_gpu] PASSED [ 54%]
tests/test_input_validation.py::TestEntryPointsRejectBadLightcurves::test_nan_in_t[eebls_gpu_fast] PASSED [ 54%]
tests/test_input_validation.py::TestEntryPointsRejectBadLightcurves::test_nan_in_t[eebls_gpu_fast_optimized] PASSED [ 54%]
tests/test_input_validation.py::TestEntryPointsRejectBadLightcurves::test_nan_in_t[eebls_gpu_fast_adaptive] PASSED [ 55%]
tests/test_input_validation.py::TestEntryPointsRejectBadLightcurves::test_nan_in_t[eebls_gpu_custom] PASSED [ 55%]
tests/test_input_validation.py::TestEntryPointsRejectBadLightcurves::test_nan_in_t[eebls_gpu_batch] PASSED [ 55%]
tests/test_input_validation.py::TestEntryPointsRejectBadLightcurves::test_nan_in_t[eebls_transit] PASSED [ 55%]
tests/test_input_validation.py::TestEntryPointsRejectBadLightcurves::test_nan_in_t[eebls_transit_gpu] PASSED [ 55%]
tests/test_input_validation.py::TestEntryPointsRejectBadLightcurves::test_nan_in_t[single_bls] PASSED [ 55%]
tests/test_input_validation.py::TestEntryPointsRejectBadLightcurves::test_nan_in_t[tls_search] PASSED [ 55%]
tests/test_input_validation.py::TestEntryPointsRejectBadLightcurves::test_nan_in_t[tls_search_gpu] PASSED [ 55%]
tests/test_input_validation.py::TestEntryPointsRejectBadLightcurves::test_nan_in_t[tls_transit] PASSED [ 55%]
tests/test_input_validation.py::TestEntryPointsRejectBadLightcurves::test_nan_in_t[tls_search_batch] PASSED [ 55%]
tests/test_input_validation.py::TestEntryPointsRejectBadLightcurves::test_nan_in_t[lomb_scargle_simple] PASSED [ 55%]
tests/test_input_validation.py::TestEntryPointsRejectBadLightcurves::test_nan_in_t[LombScargleAsyncProcess.run] PASSED [ 55%]
tests/test_input_validation.py::TestEntryPointsRejectBadLightcurves::test_nan_in_t[LombScargleAsyncProcess.batched_run_const_nfreq] PASSED [ 55%]
tests/test_input_validation.py::TestEntryPointsRejectBadLightcurves::test_nan_in_t[ConditionalEntropyAsyncProcess.run] PASSED [ 55%]
tests/test_input_validation.py::TestEntryPointsRejectBadLightcurves::test_nan_in_t[ConditionalEntropyAsyncProcess.large_run] PASSED [ 55%]
tests/test_input_validation.py::TestEntryPointsRejectBadLightcurves::test_nan_in_t[ConditionalEntropyAsyncProcess.batched_run_const_nfreq] PASSED [ 55%]
tests/test_input_validation.py::TestEntryPointsRejectBadLightcurves::test_nan_in_t[PDMAsyncProcess.run] PASSED [ 55%]
tests/test_input_validation.py::TestEntryPointsRejectBadLightcurves::test_nan_in_t[PDMAsyncProcess.batched_run_const_nfreq] PASSED [ 55%]
tests/test_input_validation.py::TestEntryPointsRejectBadLightcurves::test_nan_in_t[PDMAsyncProcess.large_run] PASSED [ 56%]
tests/test_input_validation.py::TestEntryPointsRejectBadLightcurves::test_nan_in_t[NFFTAsyncProcess.run] PASSED [ 56%]
tests/test_input_validation.py::TestEntryPointsRejectBadLightcurves::test_nan_in_t[NUFFTLRTAsyncProcess.run] PASSED [ 56%]
tests/test_input_validation.py::TestEntryPointsRejectBadLightcurves::test_inf_in_y[sparse_bls_cpu] PASSED [ 56%]
tests/test_input_validation.py::TestEntryPointsRejectBadLightcurves::test_inf_in_y[sparse_bls_gpu] PASSED [ 56%]
tests/test_input_validation.py::TestEntryPointsRejectBadLightcurves::test_inf_in_y[eebls_gpu] PASSED [ 56%]
tests/test_input_validation.py::TestEntryPointsRejectBadLightcurves::test_inf_in_y[eebls_gpu_fast] PASSED [ 56%]
tests/test_input_validation.py::TestEntryPointsRejectBadLightcurves::test_inf_in_y[eebls_gpu_fast_optimized] PASSED [ 56%]
tests/test_input_validation.py::TestEntryPointsRejectBadLightcurves::test_inf_in_y[eebls_gpu_fast_adaptive] PASSED [ 56%]
tests/test_input_validation.py::TestEntryPointsRejectBadLightcurves::test_inf_in_y[eebls_gpu_custom] PASSED [ 56%]
tests/test_input_validation.py::TestEntryPointsRejectBadLightcurves::test_inf_in_y[eebls_gpu_batch] PASSED [ 56%]
tests/test_input_validation.py::TestEntryPointsRejectBadLightcurves::test_inf_in_y[eebls_transit] PASSED [ 56%]
tests/test_input_validation.py::TestEntryPointsRejectBadLightcurves::test_inf_in_y[eebls_transit_gpu] PASSED [ 56%]
tests/test_input_validation.py::TestEntryPointsRejectBadLightcurves::test_inf_in_y[single_bls] PASSED [ 56%]
tests/test_input_validation.py::TestEntryPointsRejectBadLightcurves::test_inf_in_y[tls_search] PASSED [ 56%]
tests/test_input_validation.py::TestEntryPointsRejectBadLightcurves::test_inf_in_y[tls_search_gpu] PASSED [ 56%]
tests/test_input_validation.py::TestEntryPointsRejectBadLightcurves::test_inf_in_y[tls_transit] PASSED [ 56%]
tests/test_input_validation.py::TestEntryPointsRejectBadLightcurves::test_inf_in_y[tls_search_batch] PASSED [ 57%]
tests/test_input_validation.py::TestEntryPointsRejectBadLightcurves::test_inf_in_y[lomb_scargle_simple] PASSED [ 57%]
tests/test_input_validation.py::TestEntryPointsRejectBadLightcurves::test_inf_in_y[LombScargleAsyncProcess.run] PASSED [ 57%]
tests/test_input_validation.py::TestEntryPointsRejectBadLightcurves::test_inf_in_y[LombScargleAsyncProcess.batched_run_const_nfreq] PASSED [ 57%]
tests/test_input_validation.py::TestEntryPointsRejectBadLightcurves::test_inf_in_y[ConditionalEntropyAsyncProcess.run] PASSED [ 57%]
tests/test_input_validation.py::TestEntryPointsRejectBadLightcurves::test_inf_in_y[ConditionalEntropyAsyncProcess.large_run] PASSED [ 57%]
tests/test_input_validation.py::TestEntryPointsRejectBadLightcurves::test_inf_in_y[ConditionalEntropyAsyncProcess.batched_run_const_nfreq] PASSED [ 57%]
tests/test_input_validation.py::TestEntryPointsRejectBadLightcurves::test_inf_in_y[PDMAsyncProcess.run] PASSED [ 57%]
tests/test_input_validation.py::TestEntryPointsRejectBadLightcurves::test_inf_in_y[PDMAsyncProcess.batched_run_const_nfreq] PASSED [ 57%]
tests/test_input_validation.py::TestEntryPointsRejectBadLightcurves::test_inf_in_y[PDMAsyncProcess.large_run] PASSED [ 57%]
tests/test_input_validation.py::TestEntryPointsRejectBadLightcurves::test_inf_in_y[NFFTAsyncProcess.run] PASSED [ 57%]
tests/test_input_validation.py::TestEntryPointsRejectBadLightcurves::test_inf_in_y[NUFFTLRTAsyncProcess.run] PASSED [ 57%]
tests/test_input_validation.py::TestEntryPointsRejectBadLightcurves::test_nan_in_dy[sparse_bls_cpu] PASSED [ 57%]
tests/test_input_validation.py::TestEntryPointsRejectBadLightcurves::test_nan_in_dy[sparse_bls_gpu] PASSED [ 57%]
tests/test_input_validation.py::TestEntryPointsRejectBadLightcurves::test_nan_in_dy[eebls_gpu] PASSED [ 57%]
tests/test_input_validation.py::TestEntryPointsRejectBadLightcurves::test_nan_in_dy[eebls_gpu_fast] PASSED [ 57%]
tests/test_input_validation.py::TestEntryPointsRejectBadLightcurves::test_nan_in_dy[eebls_gpu_fast_optimized] PASSED [ 57%]
tests/test_input_validation.py::TestEntryPointsRejectBadLightcurves::test_nan_in_dy[eebls_gpu_fast_adaptive] PASSED [ 57%]
tests/test_input_validation.py::TestEntryPointsRejectBadLightcurves::test_nan_in_dy[eebls_gpu_custom] PASSED [ 58%]
tests/test_input_validation.py::TestEntryPointsRejectBadLightcurves::test_nan_in_dy[eebls_gpu_batch] PASSED [ 58%]
tests/test_input_validation.py::TestEntryPointsRejectBadLightcurves::test_nan_in_dy[eebls_transit] PASSED [ 58%]
tests/test_input_validation.py::TestEntryPointsRejectBadLightcurves::test_nan_in_dy[eebls_transit_gpu] PASSED [ 58%]
tests/test_input_validation.py::TestEntryPointsRejectBadLightcurves::test_nan_in_dy[single_bls] PASSED [ 58%]
tests/test_input_validation.py::TestEntryPointsRejectBadLightcurves::test_nan_in_dy[tls_search] PASSED [ 58%]
tests/test_input_validation.py::TestEntryPointsRejectBadLightcurves::test_nan_in_dy[tls_search_gpu] PASSED [ 58%]
tests/test_input_validation.py::TestEntryPointsRejectBadLightcurves::test_nan_in_dy[tls_transit] PASSED [ 58%]
tests/test_input_validation.py::TestEntryPointsRejectBadLightcurves::test_nan_in_dy[tls_search_batch] PASSED [ 58%]
tests/test_input_validation.py::TestEntryPointsRejectBadLightcurves::test_nan_in_dy[lomb_scargle_simple] PASSED [ 58%]
tests/test_input_validation.py::TestEntryPointsRejectBadLightcurves::test_nan_in_dy[LombScargleAsyncProcess.run] PASSED [ 58%]
tests/test_input_validation.py::TestEntryPointsRejectBadLightcurves::test_nan_in_dy[LombScargleAsyncProcess.batched_run_const_nfreq] PASSED [ 58%]
tests/test_input_validation.py::TestEntryPointsRejectBadLightcurves::test_nan_in_dy[ConditionalEntropyAsyncProcess.run] PASSED [ 58%]
tests/test_input_validation.py::TestEntryPointsRejectBadLightcurves::test_nan_in_dy[ConditionalEntropyAsyncProcess.large_run] PASSED [ 58%]
tests/test_input_validation.py::TestEntryPointsRejectBadLightcurves::test_nan_in_dy[ConditionalEntropyAsyncProcess.batched_run_const_nfreq] PASSED [ 58%]
tests/test_input_validation.py::TestEntryPointsRejectBadLightcurves::test_nan_in_dy[PDMAsyncProcess.run] PASSED [ 58%]
tests/test_input_validation.py::TestEntryPointsRejectBadLightcurves::test_nan_in_dy[PDMAsyncProcess.batched_run_const_nfreq] PASSED [ 58%]
tests/test_input_validation.py::TestEntryPointsRejectBadLightcurves::test_nan_in_dy[PDMAsyncProcess.large_run] PASSED [ 58%]
tests/test_input_validation.py::TestEntryPointsRejectBadLightcurves::test_zero_dy[sparse_bls_cpu] PASSED [ 59%]
tests/test_input_validation.py::TestEntryPointsRejectBadLightcurves::test_zero_dy[sparse_bls_gpu] PASSED [ 59%]
tests/test_input_validation.py::TestEntryPointsRejectBadLightcurves::test_zero_dy[eebls_gpu] PASSED [ 59%]
tests/test_input_validation.py::TestEntryPointsRejectBadLightcurves::test_zero_dy[eebls_gpu_fast] PASSED [ 59%]
tests/test_input_validation.py::TestEntryPointsRejectBadLightcurves::test_zero_dy[eebls_gpu_fast_optimized] PASSED [ 59%]
tests/test_input_validation.py::TestEntryPointsRejectBadLightcurves::test_zero_dy[eebls_gpu_fast_adaptive] PASSED [ 59%]
tests/test_input_validation.py::TestEntryPointsRejectBadLightcurves::test_zero_dy[eebls_gpu_custom] PASSED [ 59%]
tests/test_input_validation.py::TestEntryPointsRejectBadLightcurves::test_zero_dy[eebls_gpu_batch] PASSED [ 59%]
tests/test_input_validation.py::TestEntryPointsRejectBadLightcurves::test_zero_dy[eebls_transit] PASSED [ 59%]
tests/test_input_validation.py::TestEntryPointsRejectBadLightcurves::test_zero_dy[eebls_transit_gpu] PASSED [ 59%]
tests/test_input_validation.py::TestEntryPointsRejectBadLightcurves::test_zero_dy[single_bls] PASSED [ 59%]
tests/test_input_validation.py::TestEntryPointsRejectBadLightcurves::test_zero_dy[tls_search] PASSED [ 59%]
tests/test_input_validation.py::TestEntryPointsRejectBadLightcurves::test_zero_dy[tls_search_gpu] PASSED [ 59%]
tests/test_input_validation.py::TestEntryPointsRejectBadLightcurves::test_zero_dy[tls_transit] PASSED [ 59%]
tests/test_input_validation.py::TestEntryPointsRejectBadLightcurves::test_zero_dy[tls_search_batch] PASSED [ 59%]
tests/test_input_validation.py::TestEntryPointsRejectBadLightcurves::test_zero_dy[lomb_scargle_simple] PASSED [ 59%]
tests/test_input_validation.py::TestEntryPointsRejectBadLightcurves::test_zero_dy[LombScargleAsyncProcess.run] PASSED [ 59%]
tests/test_input_validation.py::TestEntryPointsRejectBadLightcurves::test_zero_dy[LombScargleAsyncProcess.batched_run_const_nfreq] PASSED [ 59%]
tests/test_input_validation.py::TestEntryPointsRejectBadLightcurves::test_zero_dy[ConditionalEntropyAsyncProcess.run] PASSED [ 60%]
tests/test_input_validation.py::TestEntryPointsRejectBadLightcurves::test_zero_dy[ConditionalEntropyAsyncProcess.large_run] PASSED [ 60%]
tests/test_input_validation.py::TestEntryPointsRejectBadLightcurves::test_zero_dy[ConditionalEntropyAsyncProcess.batched_run_const_nfreq] PASSED [ 60%]
tests/test_input_validation.py::TestEntryPointsRejectBadLightcurves::test_zero_dy[PDMAsyncProcess.run] PASSED [ 60%]
tests/test_input_validation.py::TestEntryPointsRejectBadLightcurves::test_zero_dy[PDMAsyncProcess.batched_run_const_nfreq] PASSED [ 60%]
tests/test_input_validation.py::TestEntryPointsRejectBadLightcurves::test_zero_dy[PDMAsyncProcess.large_run] PASSED [ 60%]
tests/test_input_validation.py::TestEntryPointsRejectBadLightcurves::test_negative_dy[sparse_bls_cpu] PASSED [ 60%]
tests/test_input_validation.py::TestEntryPointsRejectBadLightcurves::test_negative_dy[sparse_bls_gpu] PASSED [ 60%]
tests/test_input_validation.py::TestEntryPointsRejectBadLightcurves::test_negative_dy[eebls_gpu] PASSED [ 60%]
tests/test_input_validation.py::TestEntryPointsRejectBadLightcurves::test_negative_dy[eebls_gpu_fast] PASSED [ 60%]
tests/test_input_validation.py::TestEntryPointsRejectBadLightcurves::test_negative_dy[eebls_gpu_fast_optimized] PASSED [ 60%]
tests/test_input_validation.py::TestEntryPointsRejectBadLightcurves::test_negative_dy[eebls_gpu_fast_adaptive] PASSED [ 60%]
tests/test_input_validation.py::TestEntryPointsRejectBadLightcurves::test_negative_dy[eebls_gpu_custom] PASSED [ 60%]
tests/test_input_validation.py::TestEntryPointsRejectBadLightcurves::test_negative_dy[eebls_gpu_batch] PASSED [ 60%]
tests/test_input_validation.py::TestEntryPointsRejectBadLightcurves::test_negative_dy[eebls_transit] PASSED [ 60%]
tests/test_input_validation.py::TestEntryPointsRejectBadLightcurves::test_negative_dy[eebls_transit_gpu] PASSED [ 60%]
tests/test_input_validation.py::TestEntryPointsRejectBadLightcurves::test_negative_dy[single_bls] PASSED [ 60%]
tests/test_input_validation.py::TestEntryPointsRejectBadLightcurves::test_negative_dy[tls_search] PASSED [ 60%]
tests/test_input_validation.py::TestEntryPointsRejectBadLightcurves::test_negative_dy[tls_search_gpu] PASSED [ 61%]
tests/test_input_validation.py::TestEntryPointsRejectBadLightcurves::test_negative_dy[tls_transit] PASSED [ 61%]
tests/test_input_validation.py::TestEntryPointsRejectBadLightcurves::test_negative_dy[tls_search_batch] PASSED [ 61%]
tests/test_input_validation.py::TestEntryPointsRejectBadLightcurves::test_negative_dy[lomb_scargle_simple] PASSED [ 61%]
tests/test_input_validation.py::TestEntryPointsRejectBadLightcurves::test_negative_dy[LombScargleAsyncProcess.run] PASSED [ 61%]
tests/test_input_validation.py::TestEntryPointsRejectBadLightcurves::test_negative_dy[LombScargleAsyncProcess.batched_run_const_nfreq] PASSED [ 61%]
tests/test_input_validation.py::TestEntryPointsRejectBadLightcurves::test_negative_dy[ConditionalEntropyAsyncProcess.run] PASSED [ 61%]
tests/test_input_validation.py::TestEntryPointsRejectBadLightcurves::test_negative_dy[ConditionalEntropyAsyncProcess.large_run] PASSED [ 61%]
tests/test_input_validation.py::TestEntryPointsRejectBadLightcurves::test_negative_dy[ConditionalEntropyAsyncProcess.batched_run_const_nfreq] PASSED [ 61%]
tests/test_input_validation.py::TestEntryPointsRejectBadLightcurves::test_negative_dy[PDMAsyncProcess.run] PASSED [ 61%]
tests/test_input_validation.py::TestEntryPointsRejectBadLightcurves::test_negative_dy[PDMAsyncProcess.batched_run_const_nfreq] PASSED [ 61%]
tests/test_input_validation.py::TestEntryPointsRejectBadLightcurves::test_negative_dy[PDMAsyncProcess.large_run] PASSED [ 61%]
tests/test_input_validation.py::TestEntryPointsRejectBadLightcurves::test_mismatched_lengths[sparse_bls_cpu] PASSED [ 61%]
tests/test_input_validation.py::TestEntryPointsRejectBadLightcurves::test_mismatched_lengths[sparse_bls_gpu] PASSED [ 61%]
tests/test_input_validation.py::TestEntryPointsRejectBadLightcurves::test_mismatched_lengths[eebls_gpu] PASSED [ 61%]
tests/test_input_validation.py::TestEntryPointsRejectBadLightcurves::test_mismatched_lengths[eebls_gpu_fast] PASSED [ 61%]
tests/test_input_validation.py::TestEntryPointsRejectBadLightcurves::test_mismatched_lengths[eebls_gpu_fast_optimized] PASSED [ 61%]
tests/test_input_validation.py::TestEntryPointsRejectBadLightcurves::test_mismatched_lengths[eebls_gpu_fast_adaptive] PASSED [ 61%]
tests/test_input_validation.py::TestEntryPointsRejectBadLightcurves::test_mismatched_lengths[eebls_gpu_custom] PASSED [ 62%]
tests/test_input_validation.py::TestEntryPointsRejectBadLightcurves::test_mismatched_lengths[eebls_gpu_batch] PASSED [ 62%]
tests/test_input_validation.py::TestEntryPointsRejectBadLightcurves::test_mismatched_lengths[eebls_transit] PASSED [ 62%]
tests/test_input_validation.py::TestEntryPointsRejectBadLightcurves::test_mismatched_lengths[eebls_transit_gpu] PASSED [ 62%]
tests/test_input_validation.py::TestEntryPointsRejectBadLightcurves::test_mismatched_lengths[single_bls] PASSED [ 62%]
tests/test_input_validation.py::TestEntryPointsRejectBadLightcurves::test_mismatched_lengths[tls_search] PASSED [ 62%]
tests/test_input_validation.py::TestEntryPointsRejectBadLightcurves::test_mismatched_lengths[tls_search_gpu] PASSED [ 62%]
tests/test_input_validation.py::TestEntryPointsRejectBadLightcurves::test_mismatched_lengths[tls_transit] PASSED [ 62%]
tests/test_input_validation.py::TestEntryPointsRejectBadLightcurves::test_mismatched_lengths[tls_search_batch] PASSED [ 62%]
tests/test_input_validation.py::TestEntryPointsRejectBadLightcurves::test_mismatched_lengths[lomb_scargle_simple] PASSED [ 62%]
tests/test_input_validation.py::TestEntryPointsRejectBadLightcurves::test_mismatched_lengths[LombScargleAsyncProcess.run] PASSED [ 62%]
tests/test_input_validation.py::TestEntryPointsRejectBadLightcurves::test_mismatched_lengths[LombScargleAsyncProcess.batched_run_const_nfreq] PASSED [ 62%]
tests/test_input_validation.py::TestEntryPointsRejectBadLightcurves::test_mismatched_lengths[ConditionalEntropyAsyncProcess.run] PASSED [ 62%]
tests/test_input_validation.py::TestEntryPointsRejectBadLightcurves::test_mismatched_lengths[ConditionalEntropyAsyncProcess.large_run] PASSED [ 62%]
tests/test_input_validation.py::TestEntryPointsRejectBadLightcurves::test_mismatched_lengths[ConditionalEntropyAsyncProcess.batched_run_const_nfreq] PASSED [ 62%]
tests/test_input_validation.py::TestEntryPointsRejectBadLightcurves::test_mismatched_lengths[PDMAsyncProcess.run] PASSED [ 62%]
tests/test_input_validation.py::TestEntryPointsRejectBadLightcurves::test_mismatched_lengths[PDMAsyncProcess.batched_run_const_nfreq] PASSED [ 62%]
tests/test_input_validation.py::TestEntryPointsRejectBadLightcurves::test_mismatched_lengths[PDMAsyncProcess.large_run] PASSED [ 63%]
tests/test_input_validation.py::TestEntryPointsRejectBadLightcurves::test_mismatched_lengths[NFFTAsyncProcess.run] PASSED [ 63%]
tests/test_input_validation.py::TestEntryPointsRejectBadLightcurves::test_mismatched_lengths[NUFFTLRTAsyncProcess.run] PASSED [ 63%]
tests/test_input_validation.py::TestEntryPointsRejectBadLightcurves::test_empty_arrays[sparse_bls_cpu] PASSED [ 63%]
tests/test_input_validation.py::TestEntryPointsRejectBadLightcurves::test_empty_arrays[sparse_bls_gpu] PASSED [ 63%]
tests/test_input_validation.py::TestEntryPointsRejectBadLightcurves::test_empty_arrays[eebls_gpu] PASSED [ 63%]
tests/test_input_validation.py::TestEntryPointsRejectBadLightcurves::test_empty_arrays[eebls_gpu_fast] PASSED [ 63%]
tests/test_input_validation.py::TestEntryPointsRejectBadLightcurves::test_empty_arrays[eebls_gpu_fast_optimized] PASSED [ 63%]
tests/test_input_validation.py::TestEntryPointsRejectBadLightcurves::test_empty_arrays[eebls_gpu_fast_adaptive] PASSED [ 63%]
tests/test_input_validation.py::TestEntryPointsRejectBadLightcurves::test_empty_arrays[eebls_gpu_custom] PASSED [ 63%]
tests/test_input_validation.py::TestEntryPointsRejectBadLightcurves::test_empty_arrays[eebls_gpu_batch] PASSED [ 63%]
tests/test_input_validation.py::TestEntryPointsRejectBadLightcurves::test_empty_arrays[eebls_transit] PASSED [ 63%]
tests/test_input_validation.py::TestEntryPointsRejectBadLightcurves::test_empty_arrays[eebls_transit_gpu] PASSED [ 63%]
tests/test_input_validation.py::TestEntryPointsRejectBadLightcurves::test_empty_arrays[single_bls] PASSED [ 63%]
tests/test_input_validation.py::TestEntryPointsRejectBadLightcurves::test_empty_arrays[tls_search] PASSED [ 63%]
tests/test_input_validation.py::TestEntryPointsRejectBadLightcurves::test_empty_arrays[tls_search_gpu] PASSED [ 63%]
tests/test_input_validation.py::TestEntryPointsRejectBadLightcurves::test_empty_arrays[tls_transit] PASSED [ 63%]
tests/test_input_validation.py::TestEntryPointsRejectBadLightcurves::test_empty_arrays[tls_search_batch] PASSED [ 63%]
tests/test_input_validation.py::TestEntryPointsRejectBadLightcurves::test_empty_arrays[lomb_scargle_simple] PASSED [ 64%]
tests/test_input_validation.py::TestEntryPointsRejectBadLightcurves::test_empty_arrays[LombScargleAsyncProcess.run] PASSED [ 64%]
tests/test_input_validation.py::TestEntryPointsRejectBadLightcurves::test_empty_arrays[LombScargleAsyncProcess.batched_run_const_nfreq] PASSED [ 64%]
tests/test_input_validation.py::TestEntryPointsRejectBadLightcurves::test_empty_arrays[ConditionalEntropyAsyncProcess.run] PASSED [ 64%]
tests/test_input_validation.py::TestEntryPointsRejectBadLightcurves::test_empty_arrays[ConditionalEntropyAsyncProcess.large_run] PASSED [ 64%]
tests/test_input_validation.py::TestEntryPointsRejectBadLightcurves::test_empty_arrays[ConditionalEntropyAsyncProcess.batched_run_const_nfreq] PASSED [ 64%]
tests/test_input_validation.py::TestEntryPointsRejectBadLightcurves::test_empty_arrays[PDMAsyncProcess.run] PASSED [ 64%]
tests/test_input_validation.py::TestEntryPointsRejectBadLightcurves::test_empty_arrays[PDMAsyncProcess.batched_run_const_nfreq] PASSED [ 64%]
tests/test_input_validation.py::TestEntryPointsRejectBadLightcurves::test_empty_arrays[PDMAsyncProcess.large_run] PASSED [ 64%]
tests/test_input_validation.py::TestEntryPointsRejectBadLightcurves::test_empty_arrays[NFFTAsyncProcess.run] PASSED [ 64%]
tests/test_input_validation.py::TestEntryPointsRejectBadLightcurves::test_empty_arrays[NUFFTLRTAsyncProcess.run] PASSED [ 64%]
tests/test_input_validation.py::TestEntryPointsRejectBadLightcurves::test_below_method_minimum[sparse_bls_cpu] PASSED [ 64%]
tests/test_input_validation.py::TestEntryPointsRejectBadLightcurves::test_below_method_minimum[sparse_bls_gpu] PASSED [ 64%]
tests/test_input_validation.py::TestEntryPointsRejectBadLightcurves::test_below_method_minimum[eebls_gpu] PASSED [ 64%]
tests/test_input_validation.py::TestEntryPointsRejectBadLightcurves::test_below_method_minimum[eebls_gpu_fast] PASSED [ 64%]
tests/test_input_validation.py::TestEntryPointsRejectBadLightcurves::test_below_method_minimum[eebls_gpu_fast_optimized] PASSED [ 64%]
tests/test_input_validation.py::TestEntryPointsRejectBadLightcurves::test_below_method_minimum[eebls_gpu_fast_adaptive] PASSED [ 64%]
tests/test_input_validation.py::TestEntryPointsRejectBadLightcurves::test_below_method_minimum[eebls_gpu_custom] PASSED [ 64%]
tests/test_input_validation.py::TestEntryPointsRejectBadLightcurves::test_below_method_minimum[eebls_gpu_batch] PASSED [ 65%]
tests/test_input_validation.py::TestEntryPointsRejectBadLightcurves::test_below_method_minimum[eebls_transit] PASSED [ 65%]
tests/test_input_validation.py::TestEntryPointsRejectBadLightcurves::test_below_method_minimum[eebls_transit_gpu] PASSED [ 65%]
tests/test_input_validation.py::TestEntryPointsRejectBadLightcurves::test_below_method_minimum[single_bls] PASSED [ 65%]
tests/test_input_validation.py::TestEntryPointsRejectBadLightcurves::test_below_method_minimum[tls_search] PASSED [ 65%]
tests/test_input_validation.py::TestEntryPointsRejectBadLightcurves::test_below_method_minimum[tls_search_gpu] PASSED [ 65%]
tests/test_input_validation.py::TestEntryPointsRejectBadLightcurves::test_below_method_minimum[tls_transit] PASSED [ 65%]
tests/test_input_validation.py::TestEntryPointsRejectBadLightcurves::test_below_method_minimum[tls_search_batch] PASSED [ 65%]
tests/test_input_validation.py::TestEntryPointsRejectBadLightcurves::test_below_method_minimum[lomb_scargle_simple] PASSED [ 65%]
tests/test_input_validation.py::TestEntryPointsRejectBadLightcurves::test_below_method_minimum[LombScargleAsyncProcess.run] PASSED [ 65%]
tests/test_input_validation.py::TestEntryPointsRejectBadLightcurves::test_below_method_minimum[LombScargleAsyncProcess.batched_run_const_nfreq] PASSED [ 65%]
tests/test_input_validation.py::TestEntryPointsRejectBadLightcurves::test_below_method_minimum[ConditionalEntropyAsyncProcess.run] PASSED [ 65%]
tests/test_input_validation.py::TestEntryPointsRejectBadLightcurves::test_below_method_minimum[ConditionalEntropyAsyncProcess.large_run] PASSED [ 65%]
tests/test_input_validation.py::TestEntryPointsRejectBadLightcurves::test_below_method_minimum[ConditionalEntropyAsyncProcess.batched_run_const_nfreq] PASSED [ 65%]
tests/test_input_validation.py::TestEntryPointsRejectBadLightcurves::test_below_method_minimum[PDMAsyncProcess.run] PASSED [ 65%]
tests/test_input_validation.py::TestEntryPointsRejectBadLightcurves::test_below_method_minimum[PDMAsyncProcess.batched_run_const_nfreq] PASSED [ 65%]
tests/test_input_validation.py::TestEntryPointsRejectBadLightcurves::test_below_method_minimum[PDMAsyncProcess.large_run] PASSED [ 65%]
tests/test_input_validation.py::TestEntryPointsRejectBadLightcurves::test_below_method_minimum[NFFTAsyncProcess.run] PASSED [ 65%]
tests/test_input_validation.py::TestEntryPointsRejectBadLightcurves::test_below_method_minimum[NUFFTLRTAsyncProcess.run] PASSED [ 66%]
tests/test_input_validation.py::TestEntryPointsRejectBadGrids::test_non_finite_freqs[sparse_bls_cpu] PASSED [ 66%]
tests/test_input_validation.py::TestEntryPointsRejectBadGrids::test_non_finite_freqs[sparse_bls_gpu] PASSED [ 66%]
tests/test_input_validation.py::TestEntryPointsRejectBadGrids::test_non_finite_freqs[eebls_gpu] PASSED [ 66%]
tests/test_input_validation.py::TestEntryPointsRejectBadGrids::test_non_finite_freqs[eebls_gpu_fast] PASSED [ 66%]
tests/test_input_validation.py::TestEntryPointsRejectBadGrids::test_non_finite_freqs[eebls_gpu_fast_optimized] PASSED [ 66%]
tests/test_input_validation.py::TestEntryPointsRejectBadGrids::test_non_finite_freqs[eebls_gpu_fast_adaptive] PASSED [ 66%]
tests/test_input_validation.py::TestEntryPointsRejectBadGrids::test_non_finite_freqs[eebls_gpu_custom] PASSED [ 66%]
tests/test_input_validation.py::TestEntryPointsRejectBadGrids::test_non_finite_freqs[eebls_gpu_batch] PASSED [ 66%]
tests/test_input_validation.py::TestEntryPointsRejectBadGrids::test_non_finite_freqs[eebls_transit] PASSED [ 66%]
tests/test_input_validation.py::TestEntryPointsRejectBadGrids::test_non_finite_freqs[eebls_transit_gpu] PASSED [ 66%]
tests/test_input_validation.py::TestEntryPointsRejectBadGrids::test_non_finite_freqs[lomb_scargle_simple] PASSED [ 66%]
tests/test_input_validation.py::TestEntryPointsRejectBadGrids::test_non_finite_freqs[LombScargleAsyncProcess.run] PASSED [ 66%]
tests/test_input_validation.py::TestEntryPointsRejectBadGrids::test_non_finite_freqs[LombScargleAsyncProcess.batched_run_const_nfreq] PASSED [ 66%]
tests/test_input_validation.py::TestEntryPointsRejectBadGrids::test_non_finite_freqs[ConditionalEntropyAsyncProcess.run] PASSED [ 66%]
tests/test_input_validation.py::TestEntryPointsRejectBadGrids::test_non_finite_freqs[ConditionalEntropyAsyncProcess.large_run] PASSED [ 66%]
tests/test_input_validation.py::TestEntryPointsRejectBadGrids::test_non_finite_freqs[ConditionalEntropyAsyncProcess.batched_run_const_nfreq] PASSED [ 66%]
tests/test_input_validation.py::TestEntryPointsRejectBadGrids::test_non_finite_freqs[PDMAsyncProcess.run] PASSED [ 66%]
tests/test_input_validation.py::TestEntryPointsRejectBadGrids::test_non_finite_freqs[PDMAsyncProcess.batched_run_const_nfreq] PASSED [ 67%]
tests/test_input_validation.py::TestEntryPointsRejectBadGrids::test_non_finite_freqs[PDMAsyncProcess.large_run] PASSED [ 67%]
tests/test_input_validation.py::TestEntryPointsRejectBadGrids::test_non_positive_freqs[sparse_bls_cpu] PASSED [ 67%]
tests/test_input_validation.py::TestEntryPointsRejectBadGrids::test_non_positive_freqs[sparse_bls_gpu] PASSED [ 67%]
tests/test_input_validation.py::TestEntryPointsRejectBadGrids::test_non_positive_freqs[eebls_gpu] PASSED [ 67%]
tests/test_input_validation.py::TestEntryPointsRejectBadGrids::test_non_positive_freqs[eebls_gpu_fast] PASSED [ 67%]
tests/test_input_validation.py::TestEntryPointsRejectBadGrids::test_non_positive_freqs[eebls_gpu_fast_optimized] PASSED [ 67%]
tests/test_input_validation.py::TestEntryPointsRejectBadGrids::test_non_positive_freqs[eebls_gpu_fast_adaptive] PASSED [ 67%]
tests/test_input_validation.py::TestEntryPointsRejectBadGrids::test_non_positive_freqs[eebls_gpu_custom] PASSED [ 67%]
tests/test_input_validation.py::TestEntryPointsRejectBadGrids::test_non_positive_freqs[eebls_gpu_batch] PASSED [ 67%]
tests/test_input_validation.py::TestEntryPointsRejectBadGrids::test_non_positive_freqs[eebls_transit] PASSED [ 67%]
tests/test_input_validation.py::TestEntryPointsRejectBadGrids::test_non_positive_freqs[eebls_transit_gpu] PASSED [ 67%]
tests/test_input_validation.py::TestEntryPointsRejectBadGrids::test_non_positive_freqs[lomb_scargle_simple] PASSED [ 67%]
tests/test_input_validation.py::TestEntryPointsRejectBadGrids::test_non_positive_freqs[LombScargleAsyncProcess.run] PASSED [ 67%]
tests/test_input_validation.py::TestEntryPointsRejectBadGrids::test_non_positive_freqs[LombScargleAsyncProcess.batched_run_const_nfreq] PASSED [ 67%]
tests/test_input_validation.py::TestEntryPointsRejectBadGrids::test_non_positive_freqs[ConditionalEntropyAsyncProcess.run] PASSED [ 67%]
tests/test_input_validation.py::TestEntryPointsRejectBadGrids::test_non_positive_freqs[ConditionalEntropyAsyncProcess.large_run] PASSED [ 67%]
tests/test_input_validation.py::TestEntryPointsRejectBadGrids::test_non_positive_freqs[ConditionalEntropyAsyncProcess.batched_run_const_nfreq] PASSED [ 67%]
tests/test_input_validation.py::TestEntryPointsRejectBadGrids::test_non_positive_freqs[PDMAsyncProcess.run] PASSED [ 68%]
tests/test_input_validation.py::TestEntryPointsRejectBadGrids::test_non_positive_freqs[PDMAsyncProcess.batched_run_const_nfreq] PASSED [ 68%]
tests/test_input_validation.py::TestEntryPointsRejectBadGrids::test_non_positive_freqs[PDMAsyncProcess.large_run] PASSED [ 68%]
tests/test_input_validation.py::TestEntryPointsRejectBadGrids::test_non_finite_periods[tls_search] PASSED [ 68%]
tests/test_input_validation.py::TestEntryPointsRejectBadGrids::test_non_finite_periods[tls_search_gpu] PASSED [ 68%]
tests/test_input_validation.py::TestEntryPointsRejectBadGrids::test_non_finite_periods[tls_search_batch] PASSED [ 68%]
tests/test_input_validation.py::TestEntryPointsRejectBadGrids::test_non_finite_periods[NUFFTLRTAsyncProcess.run] PASSED [ 68%]
tests/test_input_validation.py::TestEntryPointsRejectBadGrids::test_non_positive_periods[tls_search] PASSED [ 68%]
tests/test_input_validation.py::TestEntryPointsRejectBadGrids::test_non_positive_periods[tls_search_gpu] PASSED [ 68%]
tests/test_input_validation.py::TestEntryPointsRejectBadGrids::test_non_positive_periods[tls_search_batch] PASSED [ 68%]
tests/test_input_validation.py::TestEntryPointsRejectBadGrids::test_non_positive_periods[NUFFTLRTAsyncProcess.run] PASSED [ 68%]
tests/test_input_validation.py::TestQBoundValidation::test_nan_scalar_q[eebls_gpu] PASSED [ 68%]
tests/test_input_validation.py::TestQBoundValidation::test_nan_scalar_q[eebls_gpu_fast] PASSED [ 68%]
tests/test_input_validation.py::TestQBoundValidation::test_nan_scalar_q[eebls_gpu_fast_optimized] PASSED [ 68%]
tests/test_input_validation.py::TestQBoundValidation::test_nan_scalar_q[eebls_gpu_fast_adaptive] PASSED [ 68%]
tests/test_input_validation.py::TestQBoundValidation::test_nan_scalar_q[eebls_gpu_batch] PASSED [ 68%]
tests/test_input_validation.py::TestQBoundValidation::test_nan_scalar_q[sparse_bls_cpu] PASSED [ 68%]
tests/test_input_validation.py::TestQBoundValidation::test_nan_scalar_q[sparse_bls_gpu] PASSED [ 69%]
tests/test_input_validation.py::TestQBoundValidation::test_nan_per_frequency_q[eebls_gpu] PASSED [ 69%]
tests/test_input_validation.py::TestQBoundValidation::test_nan_per_frequency_q[eebls_gpu_fast] PASSED [ 69%]
tests/test_input_validation.py::TestQBoundValidation::test_nan_per_frequency_q[eebls_gpu_fast_optimized] PASSED [ 69%]
tests/test_input_validation.py::TestQBoundValidation::test_nan_per_frequency_q[eebls_gpu_fast_adaptive] PASSED [ 69%]
tests/test_input_validation.py::TestQBoundValidation::test_nan_per_frequency_q[eebls_gpu_batch] PASSED [ 69%]
tests/test_input_validation.py::TestQBoundValidation::test_nan_per_frequency_q[sparse_bls_cpu] PASSED [ 69%]
tests/test_input_validation.py::TestQBoundValidation::test_nan_per_frequency_q[sparse_bls_gpu] PASSED [ 69%]
tests/test_input_validation.py::TestQBoundValidation::test_inverted_q[eebls_gpu] PASSED [ 69%]
tests/test_input_validation.py::TestQBoundValidation::test_inverted_q[eebls_gpu_fast] PASSED [ 69%]
tests/test_input_validation.py::TestQBoundValidation::test_inverted_q[eebls_gpu_fast_optimized] PASSED [ 69%]
tests/test_input_validation.py::TestQBoundValidation::test_inverted_q[eebls_gpu_fast_adaptive] PASSED [ 69%]
tests/test_input_validation.py::TestQBoundValidation::test_inverted_q[eebls_gpu_batch] PASSED [ 69%]
tests/test_input_validation.py::TestQBoundValidation::test_inverted_q[sparse_bls_cpu] PASSED [ 69%]
tests/test_input_validation.py::TestQBoundValidation::test_inverted_q[sparse_bls_gpu] PASSED [ 69%]
tests/test_input_validation.py::TestQBoundValidation::test_qmax_at_or_above_one[eebls_gpu] PASSED [ 69%]
tests/test_input_validation.py::TestQBoundValidation::test_qmax_at_or_above_one[eebls_gpu_fast] PASSED [ 69%]
tests/test_input_validation.py::TestQBoundValidation::test_qmax_at_or_above_one[eebls_gpu_fast_optimized] PASSED [ 69%]
tests/test_input_validation.py::TestQBoundValidation::test_qmax_at_or_above_one[eebls_gpu_fast_adaptive] PASSED [ 70%]
tests/test_input_validation.py::TestQBoundValidation::test_qmax_at_or_above_one[eebls_gpu_batch] PASSED [ 70%]
tests/test_input_validation.py::TestQBoundValidation::test_qmin_zero[eebls_gpu] PASSED [ 70%]
tests/test_input_validation.py::TestQBoundValidation::test_qmin_zero[eebls_gpu_fast] PASSED [ 70%]
tests/test_input_validation.py::TestQBoundValidation::test_qmin_zero[eebls_gpu_fast_optimized] PASSED [ 70%]
tests/test_input_validation.py::TestQBoundValidation::test_qmin_zero[eebls_gpu_fast_adaptive] PASSED [ 70%]
tests/test_input_validation.py::TestQBoundValidation::test_qmin_zero[eebls_gpu_batch] PASSED [ 70%]
tests/test_input_validation.py::TestQBoundValidation::test_qmax_exactly_one_is_allowed PASSED [ 70%]
tests/test_input_validation.py::TestKeplerianGridGuards::test_fmin_transit_raises_below_min_obs PASSED [ 70%]
tests/test_input_validation.py::TestKeplerianGridGuards::test_fmin_transit_rejects_non_finite_times PASSED [ 70%]
tests/test_input_validation.py::TestKeplerianGridGuards::test_transit_autofreq_rejects_non_finite_times PASSED [ 70%]
tests/test_input_validation.py::TestKeplerianGridGuards::test_transit_autofreq_grid_is_finite PASSED [ 70%]
tests/test_input_validation.py::TestKeplerianGridGuards::test_keplerian_entry_points_with_too_few_points[False-eebls_transit] PASSED [ 70%]
tests/test_input_validation.py::TestKeplerianGridGuards::test_keplerian_entry_points_with_too_few_points[False-eebls_transit_gpu] PASSED [ 70%]
tests/test_input_validation.py::TestKeplerianGridGuards::test_keplerian_entry_points_with_too_few_points[True-eebls_transit] PASSED [ 70%]
tests/test_input_validation.py::TestKeplerianGridGuards::test_keplerian_entry_points_with_too_few_points[True-eebls_transit_gpu] PASSED [ 70%]
tests/test_input_validation.py::TestKeplerianGridGuards::test_keplerian_entry_points_with_nan_time[False-eebls_transit] PASSED [ 70%]
tests/test_input_validation.py::TestKeplerianGridGuards::test_keplerian_entry_points_with_nan_time[False-eebls_transit_gpu] PASSED [ 70%]
tests/test_input_validation.py::TestKeplerianGridGuards::test_keplerian_entry_points_with_nan_time[True-eebls_transit] PASSED [ 71%]
tests/test_input_validation.py::TestKeplerianGridGuards::test_keplerian_entry_points_with_nan_time[True-eebls_transit_gpu] PASSED [ 71%]
tests/test_input_validation.py::TestBatchEntryPoints::test_bls_batch_names_the_bad_lightcurve PASSED [ 71%]
tests/test_input_validation.py::TestBatchEntryPoints::test_tls_batch_names_the_bad_lightcurve PASSED [ 71%]
tests/test_input_validation.py::TestBatchEntryPoints::test_ls_run_names_the_bad_lightcurve PASSED [ 71%]
tests/test_input_validation.py::TestBatchEntryPoints::test_ce_run_names_the_bad_lightcurve PASSED [ 71%]
tests/test_input_validation.py::TestBatchEntryPoints::test_pdm_run_names_the_bad_lightcurve PASSED [ 71%]
tests/test_input_validation.py::TestBatchEntryPoints::test_pdm_deprecated_format_is_validated PASSED [ 71%]
tests/test_input_validation.py::TestSingleBlsScalarGuards::test_non_finite_scalars PASSED [ 71%]
tests/test_input_validation.py::TestSingleBlsScalarGuards::test_non_positive_frequency PASSED [ 71%]
tests/test_input_validation.py::TestNFFTGuards::test_nf_must_be_a_positive_integer PASSED [ 71%]
tests/test_input_validation.py::TestNFFTGuards::test_adjoint_scalar_guards PASSED [ 71%]
tests/test_input_validation.py::test_cuda_context_survives_rejected_calls PASSED [ 71%]
tests/test_input_validation.py::test_validators_do_not_mutate_their_arguments[float64] PASSED [ 71%]
tests/test_input_validation.py::test_validators_do_not_mutate_their_arguments[float32] PASSED [ 71%]
tests/test_input_validation.py::test_valid_input_is_unaffected_by_the_validators_cpu[float64] PASSED [ 71%]
tests/test_input_validation.py::test_valid_input_is_unaffected_by_the_validators_cpu[float32] PASSED [ 71%]
tests/test_input_validation.py::test_valid_input_is_unaffected_by_the_validators PASSED [ 71%]
tests/test_keplerian_relations.py::test_fmax_transit0_is_derived_surface_orbit_frequency PASSED [ 72%]
tests/test_keplerian_relations.py::test_q_freq_transit_are_inverses PASSED [ 72%]
tests/test_keplerian_relations.py::test_ofir_2014_cited_with_correct_title PASSED [ 72%]
tests/test_kernel_cache.py::test_hit_returns_the_same_object_and_compiles_once PASSED [ 72%]
tests/test_kernel_cache.py::test_default_function_names_use_the_full_list PASSED [ 72%]
tests/test_kernel_cache.py::test_sparse_and_batch_routes_share_the_cache_with_distinct_keys PASSED [ 72%]
tests/test_kernel_cache.py::test_cached_compile_bls_routes_through_the_cache PASSED [ 72%]
tests/test_kernel_cache.py::test_cache_is_bounded_and_evicts_the_oldest PASSED [ 72%]
tests/test_kernel_cache.py::test_eviction_is_least_recently_used_not_fifo PASSED [ 72%]
tests/test_kernel_cache.py::test_concurrent_first_use_of_one_key_compiles_once PASSED [ 72%]
tests/test_kernel_cache.py::test_concurrent_mixed_keys_compile_each_key_once PASSED [ 72%]
tests/test_kernel_cache.py::test_lock_is_a_real_lock_and_the_cache_an_ordered_dict PASSED [ 72%]
tests/test_kernel_drift.py::test_both_kernels_inline_the_shared_header PASSED [ 72%]
tests/test_kernel_drift.py::test_shared_functions_defined_once_in_common_header PASSED [ 72%]
tests/test_kernel_drift.py::test_include_directive_expands_shared_bodies PASSED [ 72%]
tests/test_kernel_drift.py::test_intentionally_divergent_functions_live_in_the_cu_files PASSED [ 72%]
tests/test_kernel_drift.py::test_no_cross_file_drift_of_duplicated_functions PASSED [ 72%]
tests/test_kernel_drift.py::test_same_named_defines_agree_across_all_kernel_files PASSED [ 72%]
tests/test_kernel_drift.py::test_no_cross_file_drift_of_duplicated_functions_in_any_kernel PASSED [ 73%]
tests/test_kernel_drift.py::test_extractor_accepts_prefixed_and_indented_qualifiers PASSED [ 73%]
tests/test_kernel_drift.py::test_guards_bite_on_a_mutated_copy PASSED    [ 73%]
tests/test_kernel_inventory.py::test_kernels_directory_is_packaged PASSED [ 73%]
tests/test_kernel_inventory.py::test_kernel_inventory_matches_expected PASSED [ 73%]
tests/test_kernel_inventory.py::test_every_kernel_file_is_referenced_by_a_loader PASSED [ 73%]
tests/test_kernel_inventory.py::test_every_find_kernel_literal_has_a_file PASSED [ 73%]
tests/test_kernel_inventory.py::test_find_kernel_resolves_every_expected_stem PASSED [ 73%]
tests/test_kernel_inventory.py::test_include_directives_resolve_and_headers_are_used PASSED [ 73%]
tests/test_lazy_imports.py::test_import_survives_broken_skcuda PASSED    [ 73%]
tests/test_lazy_imports.py::test_import_cuvarbase_without_pycuda PASSED  [ 73%]
tests/test_lazy_imports.py::test_no_cuda_context_until_first_gpu_use PASSED [ 73%]
tests/test_lazy_imports.py::test_nufft_lrt_quarantined PASSED            [ 73%]
tests/test_lombscargle.py::TestLombScargle::test_against_astropy_double PASSED [ 73%]
tests/test_lombscargle.py::TestLombScargle::test_against_astropy_single PASSED [ 73%]
tests/test_lombscargle.py::TestLombScargle::test_ls_kernel PASSED        [ 73%]
tests/test_lombscargle.py::TestLombScargle::test_ls_kernel_direct_sums PASSED [ 73%]
tests/test_lombscargle.py::TestLombScargle::test_ls_kernel_direct_sums_double_pi PASSED [ 73%]
tests/test_lombscargle.py::TestLombScargle::test_ls_kernel_direct_sums_is_consistent PASSED [ 74%]
tests/test_lombscargle.py::TestLombScargle::test_ls_kernel_direct_sums_against_python PASSED [ 74%]
tests/test_lombscargle.py::TestLombScargle::test_multiple_datasets PASSED [ 74%]
tests/test_lombscargle.py::TestLombScargle::test_batched_run PASSED      [ 74%]
tests/test_lombscargle.py::TestLombScargle::test_batched_run_const_nfreq PASSED [ 74%]
tests/test_lombscargle.py::TestLombScargleAccuracy::test_default_grid_vs_astropy[False-0.0006] PASSED [ 74%]
tests/test_lombscargle.py::TestLombScargleAccuracy::test_default_grid_vs_astropy[True-1e-06] PASSED [ 74%]
tests/test_lombscargle.py::TestLombScargleAccuracy::test_long_baseline_dense_grid_vs_astropy[False-0.0006] PASSED [ 74%]
tests/test_lombscargle.py::TestLombScargleAccuracy::test_long_baseline_dense_grid_vs_astropy[True-1e-06] PASSED [ 74%]
tests/test_lombscargle.py::TestLombScargleAccuracy::test_device_spectra_match_exact_dft[False-0.005] PASSED [ 74%]
tests/test_lombscargle.py::TestLombScargleAccuracy::test_device_spectra_match_exact_dft[True-1e-06] PASSED [ 74%]
tests/test_lombscargle.py::TestLombScargleNarrowBands::test_band_vs_astropy[False-0.001-band0] PASSED [ 74%]
tests/test_lombscargle.py::TestLombScargleNarrowBands::test_band_vs_astropy[False-0.001-band1] PASSED [ 74%]
tests/test_lombscargle.py::TestLombScargleNarrowBands::test_band_vs_astropy[False-0.001-band2] PASSED [ 74%]
tests/test_lombscargle.py::TestLombScargleNarrowBands::test_band_vs_astropy[True-1e-06-band0] PASSED [ 74%]
tests/test_lombscargle.py::TestLombScargleNarrowBands::test_band_vs_astropy[True-1e-06-band1] PASSED [ 74%]
tests/test_lombscargle.py::TestLombScargleNarrowBands::test_band_vs_astropy[True-1e-06-band2] PASSED [ 74%]
tests/test_lombscargle.py::TestLombScargleNarrowBands::test_run_with_minimum_maximum_frequency PASSED [ 75%]
tests/test_lombscargle.py::TestLombScargleNarrowBands::test_lomb_scargle_simple_on_band PASSED [ 75%]
tests/test_lombscargle.py::TestLombScargleNarrowBands::test_batched_best_freq_on_band PASSED [ 75%]
tests/test_lombscargle.py::TestLombScargleNarrowBands::test_small_grid_far_from_zero PASSED [ 75%]
tests/test_lombscargle.py::TestLombScargleNarrowBands::test_sigma_below_3_raises PASSED [ 75%]
tests/test_lombscargle.py::TestNFFTGridChecks::test_nfft_grid_sizes_cover_top_mode PASSED [ 75%]
tests/test_lombscargle.py::TestNFFTGridChecks::test_check_passes_for_correctly_sized_grids PASSED [ 75%]
tests/test_lombscargle.py::TestNFFTGridChecks::test_check_rejects_old_sizing PASSED [ 75%]
tests/test_lombscargle.py::TestNFFTGridChecks::test_check_rejects_memory_for_smaller_grid PASSED [ 75%]
tests/test_lombscargle.py::TestMultiharmonicDirectSums::test_matches_multiharmonic_reference[False-False-0.002-2] PASSED [ 75%]
tests/test_lombscargle.py::TestMultiharmonicDirectSums::test_matches_multiharmonic_reference[False-False-0.002-3] PASSED [ 75%]
tests/test_lombscargle.py::TestMultiharmonicDirectSums::test_matches_multiharmonic_reference[False-True-1e-10-2] PASSED [ 75%]
tests/test_lombscargle.py::TestMultiharmonicDirectSums::test_matches_multiharmonic_reference[False-True-1e-10-3] PASSED [ 75%]
tests/test_lombscargle.py::TestMultiharmonicDirectSums::test_matches_multiharmonic_reference[True-False-0.002-2] PASSED [ 75%]
tests/test_lombscargle.py::TestMultiharmonicDirectSums::test_matches_multiharmonic_reference[True-False-0.002-3] PASSED [ 75%]
tests/test_lombscargle.py::TestMultiharmonicDirectSums::test_matches_multiharmonic_reference[True-True-1e-10-2] PASSED [ 75%]
tests/test_lombscargle.py::TestMultiharmonicDirectSums::test_matches_multiharmonic_reference[True-True-1e-10-3] PASSED [ 75%]
tests/test_lombscargle.py::TestMultiharmonicDirectSums::test_batched_const_nfreq_direct_sums PASSED [ 75%]
tests/test_lombscargle.py::TestMultiharmonicDirectSums::test_non_floating_mean_raises_for_H_gt_1[kwargs0] PASSED [ 76%]
tests/test_lombscargle.py::TestMultiharmonicDirectSums::test_non_floating_mean_raises_for_H_gt_1[kwargs1] PASSED [ 76%]
tests/test_lombscargle.py::TestLombScargleSimpleWeights::test_weights_helper_is_inverse_variance PASSED [ 76%]
tests/test_lombscargle.py::TestLombScargleSimpleWeights::test_lomb_scargle_simple_passes_raw_dy PASSED [ 76%]
tests/test_lombscargle.py::TestFapBaluev::test_matches_naive_formula_at_moderate_z PASSED [ 76%]
tests/test_lombscargle.py::TestFapBaluev::test_no_underflow_to_zero_for_significant_peaks PASSED [ 76%]
tests/test_lombscargle.py::TestFapBaluev::test_monotonically_decreasing_in_z PASSED [ 76%]
tests/test_lombscargle.py::TestFapBaluev::test_z_edge_cases PASSED       [ 76%]
tests/test_lombscargle.py::TestLombScargleAsyncGating::test_dirsums_transfer_to_host_true_copies PASSED [ 76%]
tests/test_lombscargle.py::TestLombScargleAsyncGating::test_dirsums_transfer_to_host_false_suppresses_copy PASSED [ 76%]
tests/test_lombscargle.py::TestLombScargleAsyncGating::test_use_cufinufft_without_cufinufft_raises PASSED [ 76%]
tests/test_lombscargle.py::TestCufinufftPlanCache::test_plan_reused_for_same_shape PASSED [ 76%]
tests/test_lombscargle.py::TestCufinufftPlanCache::test_new_plan_for_different_shape PASSED [ 76%]
tests/test_lombscargle.py::TestCufinufftPlanCache::test_cache_eviction_bounded PASSED [ 76%]
tests/test_lombscargle.py::TestCufinufftBackendOnDevice::test_cufinufft_matches_builtin_nfft[1000-5000-5.0] PASSED [ 76%]
tests/test_lombscargle.py::TestCufinufftBackendOnDevice::test_cufinufft_matches_builtin_nfft[5000-10000-3.0] PASSED [ 76%]
tests/test_lombscargle.py::TestAmplitudePrior::test_nfft_path_matches_regularized_reference[False-0.0001-2] PASSED [ 76%]
tests/test_lombscargle.py::TestAmplitudePrior::test_nfft_path_matches_regularized_reference[False-0.0001-3] PASSED [ 76%]
tests/test_lombscargle.py::TestAmplitudePrior::test_nfft_path_matches_regularized_reference[True-1e-07-2] PASSED [ 77%]
tests/test_lombscargle.py::TestAmplitudePrior::test_nfft_path_matches_regularized_reference[True-1e-07-3] PASSED [ 77%]
tests/test_lombscargle.py::TestAmplitudePrior::test_single_harmonic_kernel_path PASSED [ 77%]
tests/test_lombscargle.py::TestAmplitudePrior::test_direct_sums_path PASSED [ 77%]
tests/test_lombscargle.py::TestCheckK0::test_concatenated_segments_raise_naming_the_junction PASSED [ 77%]
tests/test_lombscargle.py::TestCheckK0::test_deleted_points_raise_naming_the_gap PASSED [ 77%]
tests/test_lombscargle.py::TestCheckK0::test_auditor_grid_uniform_for_two_points_raises PASSED [ 77%]
tests/test_lombscargle.py::TestCheckK0::test_fractional_first_mode_raises PASSED [ 77%]
tests/test_lombscargle.py::TestCheckK0::test_descending_short_and_geomspace_raise PASSED [ 77%]
tests/test_lombscargle.py::TestCheckK0::test_valid_grids_pass PASSED     [ 77%]
tests/test_lombscargle.py::TestCheckK0::test_float32_survey_grid_fractional_first_mode_raises PASSED [ 77%]
tests/test_lombscargle.py::TestCheckK0::test_survey_scale_grids_of_two_million_points_pass PASSED [ 77%]
tests/test_lombscargle.py::TestCheckK0::test_float32_grid_that_is_really_nonuniform_raises PASSED [ 77%]
tests/test_lombscargle.py::TestRunGridValidation::test_run_and_batched_reject_nonuniform_grid PASSED [ 77%]
tests/test_lombscargle.py::TestRunGridValidation::test_single_frequency_raises_clearly PASSED [ 77%]
tests/test_lombscargle.py::TestRunGridValidation::test_dy_none_means_unit_weights PASSED [ 77%]
tests/test_lombscargle.py::TestPreallocate::test_run_after_preallocate_matches_fresh_runs PASSED [ 77%]
tests/test_lombscargle.py::TestPreallocate::test_user_streams_are_synchronized_by_finish PASSED [ 77%]
tests/test_lombscargle.py::TestBatchedBestFreqs::test_returns_fap_of_best_peak[1] PASSED [ 78%]
tests/test_lombscargle.py::TestBatchedBestFreqs::test_returns_fap_of_best_peak[2] PASSED [ 78%]
tests/test_lombscargle.py::TestBatchedBestFreqs::test_mask_is_honoured PASSED [ 78%]
tests/test_lombscargle.py::TestBatchedBestFreqs::test_dy_none_through_the_fap_path PASSED [ 78%]
tests/test_lombscargle.py::TestBatchedBestFreqs::test_freqs_none_keeps_every_autofrequency_point PASSED [ 78%]
tests/test_lombscargle.py::TestFapBaluevInputs::test_dy_none_is_unit_weights PASSED [ 78%]
tests/test_lombscargle.py::TestCufinufftBackend::test_matches_astropy[False-0.002] PASSED [ 78%]
tests/test_lombscargle.py::TestCufinufftBackend::test_matches_astropy[True-1e-06] PASSED [ 78%]
tests/test_lombscargle.py::TestCufinufftBackend::test_narrow_band_double PASSED [ 78%]
tests/test_lombscargle.py::TestWeightsUseNumpyReductions::test_matches_the_canonical_utils_weights_bitwise[7] PASSED [ 78%]
tests/test_lombscargle.py::TestWeightsUseNumpyReductions::test_matches_the_canonical_utils_weights_bitwise[300] PASSED [ 78%]
tests/test_lombscargle.py::TestWeightsUseNumpyReductions::test_matches_the_canonical_utils_weights_bitwise[4096] PASSED [ 78%]
tests/test_lombscargle.py::TestWeightsUseNumpyReductions::test_agrees_with_the_builtin_sum_to_the_last_ulp[7] PASSED [ 78%]
tests/test_lombscargle.py::TestWeightsUseNumpyReductions::test_agrees_with_the_builtin_sum_to_the_last_ulp[300] PASSED [ 78%]
tests/test_lombscargle.py::TestWeightsUseNumpyReductions::test_agrees_with_the_builtin_sum_to_the_last_ulp[4096] PASSED [ 78%]
tests/test_lombscargle.py::TestWeightsUseNumpyReductions::test_setdata_tmin_tmax_are_the_array_extremes[False] PASSED [ 78%]
tests/test_lombscargle.py::TestWeightsUseNumpyReductions::test_setdata_tmin_tmax_are_the_array_extremes[True] PASSED [ 78%]
tests/test_lombscargle.py::TestBatchedMemoryReuse::test_memory_is_built_once_for_many_calls PASSED [ 78%]
tests/test_lombscargle.py::TestBatchedMemoryReuse::test_reused_memory_gives_identical_powers PASSED [ 79%]
tests/test_lombscargle.py::TestBatchedMemoryReuse::test_a_different_grid_is_not_reused PASSED [ 79%]
tests/test_lombscargle.py::TestBatchedMemoryReuse::test_a_longer_lightcurve_forces_a_rebuild PASSED [ 79%]
tests/test_lombscargle.py::TestBatchedMemoryReuse::test_padded_buffers_do_not_change_the_result PASSED [ 79%]
tests/test_lombscargle.py::TestBatchedMemoryReuse::test_preallocated_memory_is_used PASSED [ 79%]
tests/test_lombscargle.py::TestBatchedMemoryReuse::test_amplitude_prior_change_is_not_reused PASSED [ 79%]
tests/test_lombscargle.py::TestBatchedMemoryReuse::test_no_mask_matches_an_all_true_mask PASSED [ 79%]
tests/test_lombscargle.py::TestBatchedMemoryReuse::test_per_call_nharmonics_is_not_reused PASSED [ 79%]
tests/test_lombscargle.py::TestBatchedMemoryReuse::test_per_call_use_double_matching_the_process_is_accepted PASSED [ 79%]
tests/test_lombscargle.py::TestBatchedMemoryReuse::test_a_buffer_sizing_kwarg_opts_out_of_the_cache PASSED [ 79%]
tests/test_lombscargle.py::TestBatchedMemoryReuse::test_constructor_positional_kwargs_raise_cold_and_warm[sigma] PASSED [ 79%]
tests/test_lombscargle.py::TestBatchedMemoryReuse::test_constructor_positional_kwargs_raise_cold_and_warm[m] PASSED [ 79%]
tests/test_lombscargle.py::TestBatchedMemoryReuse::test_constructor_positional_kwargs_raise_cold_and_warm[stream] PASSED [ 79%]
tests/test_lombscargle.py::TestBatchedMemoryReuse::test_grid_validation_cannot_be_switched_off_from_run PASSED [ 79%]
tests/test_lombscargle.py::TestBatchedMemoryReuse::test_grid_validation_still_rejects_a_bad_grid PASSED [ 79%]
tests/test_lombscargle.py::TestBatchedMemoryReuse::test_a_bad_grid_is_rejected_before_any_device_work PASSED [ 79%]
tests/test_lombscargle.py::TestPerCallUseDoubleIsRejected::test_run_and_batched_run_raise[False] PASSED [ 79%]
tests/test_lombscargle.py::TestPerCallUseDoubleIsRejected::test_run_and_batched_run_raise[True] PASSED [ 79%]
tests/test_lombscargle.py::TestPerCallUseDoubleIsRejected::test_allocation_entry_points_raise PASSED [ 80%]
tests/test_lombscargle.py::TestPerCallUseDoubleIsRejected::test_memory_at_the_other_precision_raises PASSED [ 80%]
tests/test_lombscargle.py::TestPerCallUseDoubleIsRejected::test_lomb_scargle_simple_builds_a_double_process PASSED [ 80%]
tests/test_lombscargle.py::TestBaluevDKUsesEffectiveNharmonics::test_helper_values PASSED [ 80%]
tests/test_lombscargle.py::TestBaluevDKUsesEffectiveNharmonics::test_helper_tracks_the_memory_settings PASSED [ 80%]
tests/test_lombscargle.py::TestBaluevDKUsesEffectiveNharmonics::test_per_call_nharmonics_sets_d_K_on_device PASSED [ 80%]
tests/test_mhgls_hybrid.py::test_mh_power_from_spectra_matches_direct_sums[2] PASSED [ 80%]
tests/test_mhgls_hybrid.py::test_mh_power_from_spectra_matches_direct_sums[3] PASSED [ 80%]
tests/test_mhgls_hybrid.py::test_assemble_refactor_matches_mhdirect_sums PASSED [ 80%]
tests/test_mhgls_hybrid.py::test_lombscargle_accepts_nharmonics_gt_1 PASSED [ 80%]
tests/test_mhgls_hybrid.py::test_stacked_solve_matches_the_per_frequency_loop[None-1] PASSED [ 80%]
tests/test_mhgls_hybrid.py::test_stacked_solve_matches_the_per_frequency_loop[None-2] PASSED [ 80%]
tests/test_mhgls_hybrid.py::test_stacked_solve_matches_the_per_frequency_loop[None-3] PASSED [ 80%]
tests/test_mhgls_hybrid.py::test_stacked_solve_matches_the_per_frequency_loop[0.5-1] PASSED [ 80%]
tests/test_mhgls_hybrid.py::test_stacked_solve_matches_the_per_frequency_loop[0.5-2] PASSED [ 80%]
tests/test_mhgls_hybrid.py::test_stacked_solve_matches_the_per_frequency_loop[0.5-3] PASSED [ 80%]
tests/test_mhgls_hybrid.py::test_stacked_solve_matches_the_per_frequency_loop[per-harmonic-1] PASSED [ 80%]
tests/test_mhgls_hybrid.py::test_stacked_solve_matches_the_per_frequency_loop[per-harmonic-2] PASSED [ 80%]
tests/test_mhgls_hybrid.py::test_stacked_solve_matches_the_per_frequency_loop[per-harmonic-3] PASSED [ 81%]
tests/test_mhgls_hybrid.py::test_solve_chunking_does_not_change_the_result[2] PASSED [ 81%]
tests/test_mhgls_hybrid.py::test_solve_chunking_does_not_change_the_result[3] PASSED [ 81%]
tests/test_mhgls_hybrid.py::test_stacked_solve_is_not_a_python_loop PASSED [ 81%]
tests/test_nfft.py::TestNFFT::test_fast_gridding_with_jvdp_nfft PASSED   [ 81%]
tests/test_nfft.py::TestNFFT::test_fast_gridding_against_scalar_version PASSED [ 81%]
tests/test_nfft.py::TestNFFT::test_slow_gridding_against_scalar_fast_gridding PASSED [ 81%]
tests/test_nfft.py::TestNFFT::test_slow_gridding_against_jvdp_nfft PASSED [ 81%]
tests/test_nfft.py::TestNFFT::test_ffts PASSED                           [ 81%]
tests/test_nfft.py::TestNFFT::test_nfft_against_existing_impl_scaled_centered_spp1 PASSED [ 81%]
tests/test_nfft.py::TestNFFT::test_nfft_against_existing_impl_scaled_centered_spp5 PASSED [ 81%]
tests/test_nfft.py::TestNFFT::test_nfft_against_existing_impl_scaled_uncentered_spp1 PASSED [ 81%]
tests/test_nfft.py::TestNFFT::test_nfft_against_existing_impl_unscaled_centered_spp1 PASSED [ 81%]
tests/test_nfft.py::TestNFFT::test_nfft_against_existing_impl_unscaled_uncentered_spp5 PASSED [ 81%]
tests/test_nfft.py::TestNFFT::test_autoset_m_l1_bound_meets_tolerance[False-0.01] PASSED [ 81%]
tests/test_nfft.py::TestNFFT::test_autoset_m_l1_bound_meets_tolerance[True-0.01] PASSED [ 81%]
tests/test_nfft.py::TestNFFT::test_autoset_m_l1_bound_meets_tolerance[True-1e-06] PASSED [ 81%]
tests/test_nfft.py::TestNFFT::test_double_precision_tracks_truncation_bound PASSED [ 82%]
tests/test_nfft.py::TestNFFT::test_fast_grid_double_precision_floor PASSED [ 82%]
tests/test_nfft.py::TestNFFT::test_absolute_times_bjd[False-5e-05-0.001] PASSED [ 82%]
tests/test_nfft.py::TestNFFT::test_absolute_times_bjd[True-3e-07-1e-05] PASSED [ 82%]
tests/test_nfft.py::TestNFFT::test_minimum_frequency_rounds_to_an_integer_mode PASSED [ 82%]
tests/test_nfft.py::TestNFFT::test_large_k0_band_matches_exact_dft[False-0.002] PASSED [ 82%]
tests/test_nfft.py::TestNFFT::test_large_k0_band_matches_exact_dft[True-5e-09] PASSED [ 82%]
tests/test_nfft.py::TestNFFT::test_nfft_adjoint_async PASSED             [ 82%]
tests/test_nfft.py::TestPrecompPsiDispatch::test_memory_without_psi_tables_uses_the_inline_kernel PASSED [ 82%]
tests/test_nfft.py::TestPrecompPsiDispatch::test_kwarg_false_uses_the_inline_kernel PASSED [ 82%]
tests/test_nfft.py::TestPrecompPsiDispatch::test_default_path_is_unchanged PASSED [ 82%]
tests/test_nfft.py::TestPrecompPsiDispatch::test_fast_grid_false_still_uses_the_inline_kernel PASSED [ 82%]
tests/test_nfft.py::TestPrecompPsiDispatch::test_missing_tables_with_precomp_psi_true_is_a_clear_error PASSED [ 82%]
tests/test_nfft.py::TestPrecompPsiFalseOnDevice::test_precomp_psi_false_matches_default PASSED [ 82%]
tests/test_nfft.py::TestPrecompPsiFalseOnDevice::test_precomp_psi_false_through_run_kwargs PASSED [ 82%]
tests/test_nfft.py::TestPerCallUseDoubleIsRejected::test_run_raises_before_device_work[False] PASSED [ 82%]
tests/test_nfft.py::TestPerCallUseDoubleIsRejected::test_run_raises_before_device_work[True] PASSED [ 82%]
tests/test_nfft.py::TestPerCallUseDoubleIsRejected::test_memory_at_the_other_precision_raises PASSED [ 82%]
tests/test_nfft.py::TestPerCallUseDoubleIsRejected::test_matching_use_double_is_accepted PASSED [ 83%]
tests/test_nfft.py::TestFirstModeIsExactOnTheHost::test_the_float32_chain_misrounded PASSED [ 83%]
tests/test_nfft.py::TestFirstModeIsExactOnTheHost::test_host_first_mode_is_exact PASSED [ 83%]
tests/test_nfft.py::TestFirstModeIsExactOnTheHost::test_kernels_receive_the_integer_mode PASSED [ 83%]
tests/test_nfft.py::TestFirstModeIsExactOnTheHost::test_large_k0_band_in_double_matches_exact_dft[4213813] PASSED [ 83%]
tests/test_nfft.py::TestFirstModeIsExactOnTheHost::test_large_k0_band_in_double_matches_exact_dft[4229651] PASSED [ 83%]
tests/test_nfft_m.py::TestEstimateM::test_l1_bound_is_rigorous_and_minimal[0.001-2-0.0001] PASSED [ 83%]
tests/test_nfft_m.py::TestEstimateM::test_l1_bound_is_rigorous_and_minimal[0.001-2-1e-08] PASSED [ 83%]
tests/test_nfft_m.py::TestEstimateM::test_l1_bound_is_rigorous_and_minimal[0.001-2-1e-12] PASSED [ 83%]
tests/test_nfft_m.py::TestEstimateM::test_l1_bound_is_rigorous_and_minimal[0.001-4-0.0001] PASSED [ 83%]
tests/test_nfft_m.py::TestEstimateM::test_l1_bound_is_rigorous_and_minimal[0.001-4-1e-08] PASSED [ 83%]
tests/test_nfft_m.py::TestEstimateM::test_l1_bound_is_rigorous_and_minimal[0.001-4-1e-12] PASSED [ 83%]
tests/test_nfft_m.py::TestEstimateM::test_l1_bound_is_rigorous_and_minimal[1.0-2-0.0001] PASSED [ 83%]
tests/test_nfft_m.py::TestEstimateM::test_l1_bound_is_rigorous_and_minimal[1.0-2-1e-08] PASSED [ 83%]
tests/test_nfft_m.py::TestEstimateM::test_l1_bound_is_rigorous_and_minimal[1.0-2-1e-12] PASSED [ 83%]
tests/test_nfft_m.py::TestEstimateM::test_l1_bound_is_rigorous_and_minimal[1.0-4-0.0001] PASSED [ 83%]
tests/test_nfft_m.py::TestEstimateM::test_l1_bound_is_rigorous_and_minimal[1.0-4-1e-08] PASSED [ 83%]
tests/test_nfft_m.py::TestEstimateM::test_l1_bound_is_rigorous_and_minimal[1.0-4-1e-12] PASSED [ 83%]
tests/test_nfft_m.py::TestEstimateM::test_l1_bound_is_rigorous_and_minimal[1000.0-2-0.0001] PASSED [ 84%]
tests/test_nfft_m.py::TestEstimateM::test_l1_bound_is_rigorous_and_minimal[1000.0-2-1e-08] PASSED [ 84%]
tests/test_nfft_m.py::TestEstimateM::test_l1_bound_is_rigorous_and_minimal[1000.0-2-1e-12] PASSED [ 84%]
tests/test_nfft_m.py::TestEstimateM::test_l1_bound_is_rigorous_and_minimal[1000.0-4-0.0001] PASSED [ 84%]
tests/test_nfft_m.py::TestEstimateM::test_l1_bound_is_rigorous_and_minimal[1000.0-4-1e-08] PASSED [ 84%]
tests/test_nfft_m.py::TestEstimateM::test_l1_bound_is_rigorous_and_minimal[1000.0-4-1e-12] PASSED [ 84%]
tests/test_nfft_m.py::TestEstimateM::test_fallback_heuristic_unchanged PASSED [ 84%]
tests/test_nfft_m.py::TestEstimateM::test_fallback_clamps_m_to_at_least_one PASSED [ 84%]
tests/test_nfft_m.py::TestEstimateM::test_data_driven_m_scales_with_l1_norm PASSED [ 84%]
tests/test_nfft_m.py::TestEstimateM::test_zero_data_returns_minimal_m PASSED [ 84%]
tests/test_nfft_m.py::TestEstimateM::test_estimate_m_requires_N_or_y PASSED [ 84%]
tests/test_nfft_m.py::TestEstimateM::test_autoset_false_ignores_data PASSED [ 84%]
tests/test_nfft_m.py::TestNextFastLen::test_matches_brute_force PASSED   [ 84%]
tests/test_nfft_m.py::TestNextFastLen::test_fixed_points_and_edges PASSED [ 84%]
tests/test_nufft_lrt.py::TestNUFFTLRT::test_basic_initialization PASSED  [ 84%]
tests/test_nufft_lrt.py::TestNUFFTLRT::test_template_generation PASSED   [ 84%]
tests/test_nufft_lrt.py::TestNUFFTLRT::test_nufft_computation PASSED     [ 84%]
tests/test_nufft_lrt.py::TestNUFFTLRT::test_matched_filter_snr_computation PASSED [ 84%]
tests/test_nufft_lrt.py::TestNUFFTLRT::test_detection_of_known_transit PASSED [ 85%]
tests/test_nufft_lrt.py::TestNUFFTLRT::test_white_noise_gives_low_snr PASSED [ 85%]
tests/test_nufft_lrt.py::TestNUFFTLRT::test_custom_psd PASSED            [ 85%]
tests/test_nufft_lrt.py::TestNUFFTLRT::test_user_psd_zero_bin_is_floored PASSED [ 85%]
tests/test_nufft_lrt.py::TestNUFFTLRT::test_double_precision PASSED      [ 85%]
tests/test_nufft_lrt.py::TestNUFFTLRT::test_marginal_detector_ignores_shared_systematic PASSED [ 85%]
tests/test_nufft_lrt.py::TestNUFFTLRT::test_sequential_detector_runs_and_detects PASSED [ 85%]
tests/test_nufft_lrt.py::TestNUFFTLRT::test_marginal_requires_basis_and_prior PASSED [ 85%]
tests/test_nufft_lrt.py::TestNUFFTLRT::test_multiple_epochs PASSED       [ 85%]
tests/test_nufft_lrt.py::TestSep2026Defects::test_bjd_invariance[matched] PASSED [ 85%]
tests/test_nufft_lrt.py::TestSep2026Defects::test_bjd_invariance[marginal] PASSED [ 85%]
tests/test_nufft_lrt.py::TestSep2026Defects::test_bjd_invariance[sequential] PASSED [ 85%]
tests/test_nufft_lrt.py::TestSep2026Defects::test_epochs_none_recovers_random_epoch PASSED [ 85%]
tests/test_nufft_lrt.py::TestSep2026Defects::test_marginal_psd_from_residual_matches_sequential PASSED [ 85%]
tests/test_nufft_lrt.py::TestSep2026Defects::test_full_band_nfft_matches_exact_dft[False] PASSED [ 85%]
tests/test_nufft_lrt.py::TestSep2026Defects::test_full_band_nfft_matches_exact_dft[True] PASSED [ 85%]
tests/test_nufft_lrt.py::TestSep2026Defects::test_reused_memory_parity[False] PASSED [ 85%]
tests/test_nufft_lrt.py::TestSep2026Defects::test_reused_memory_parity[True] PASSED [ 85%]
tests/test_nufft_lrt.py::TestSep2026Defects::test_small_nf_does_not_break_the_psd_smoother PASSED [ 86%]
tests/test_nufft_lrt.py::TestSep2026Defects::test_sequential_nonzero_mean_basis PASSED [ 86%]
tests/test_nufft_lrt.py::TestNFFTMemoryReuse::test_reused_memory_equals_fresh_runs PASSED [ 86%]
tests/test_nufft_lrt_algorithm.py::test_smoothed_periodogram_clamps_the_window PASSED [ 86%]
tests/test_nufft_lrt_algorithm.py::test_run_docstring_warns_about_the_duration_outer_product PASSED [ 86%]
tests/test_nufft_lrt_algorithm.py::TestNUFFTLRTAlgorithm::test_template_generation PASSED [ 86%]
tests/test_nufft_lrt_algorithm.py::TestNUFFTLRTAlgorithm::test_matched_filter_perfect_match PASSED [ 86%]
tests/test_nufft_lrt_algorithm.py::TestNUFFTLRTAlgorithm::test_matched_filter_orthogonal_signals PASSED [ 86%]
tests/test_nufft_lrt_algorithm.py::TestNUFFTLRTAlgorithm::test_matched_filter_scale_invariance PASSED [ 86%]
tests/test_nufft_lrt_algorithm.py::TestNUFFTLRTAlgorithm::test_matched_filter_noise_distribution PASSED [ 86%]
tests/test_nufft_lrt_algorithm.py::TestNUFFTLRTAlgorithm::test_power_spectrum_floor_prevents_blowup PASSED [ 86%]
tests/test_nufft_lrt_algorithm.py::TestNUFFTLRTAlgorithm::test_matched_filter_with_colored_noise PASSED [ 86%]
tests/test_nufft_lrt_algorithm.py::test_empty_basis_is_rejected_before_device_work PASSED [ 86%]
tests/test_nufft_lrt_algorithm.py::TestRunHostPipeline::test_matched_path_equals_reference_wrapper PASSED [ 86%]
tests/test_nufft_lrt_algorithm.py::TestRunHostPipeline::test_marginal_and_sequential_run_on_the_host PASSED [ 86%]
tests/test_nufft_lrt_import.py::TestDetectorAlgebra::test_marginal_matches_dense_inverse PASSED [ 86%]
tests/test_nufft_lrt_import.py::TestDetectorAlgebra::test_no_basis_reduces_to_matched_filter PASSED [ 86%]
tests/test_nufft_lrt_import.py::TestDetectorAlgebra::test_wide_prior_suppresses_basis_component PASSED [ 86%]
tests/test_nufft_lrt_import.py::TestDetectorAlgebra::test_sequential_detrend_removes_basis PASSED [ 87%]
tests/test_nufft_lrt_import.py::TestDetectorAlgebra::test_sequential_detrend_nonzero_mean_column PASSED [ 87%]
tests/test_nufft_lrt_import.py::TestDetectorAlgebra::test_prior_response_matrix_singular_prior_limit PASSED [ 87%]
tests/test_nufft_lrt_import.py::TestDetectorAlgebra::test_prior_response_matrix_rejects_bad_priors PASSED [ 87%]
tests/test_nufft_lrt_import.py::TestDetectorAlgebra::test_epoch_grid PASSED [ 87%]
tests/test_nufft_lrt_import.py::TestPsdSmoothing::test_flat_periodogram_stays_flat_at_edges PASSED [ 87%]
tests/test_nufft_lrt_import.py::TestPsdSmoothing::test_interior_matches_plain_boxcar PASSED [ 87%]
tests/test_nufft_lrt_import.py::TestPsdSmoothing::test_window_one_is_identity PASSED [ 87%]
tests/test_nufft_lrt_pipeline.py::test_pipeline_runs_end_to_end PASSED   [ 87%]
tests/test_nufft_lrt_pipeline.py::test_late_season_data_changes_result PASSED [ 87%]
tests/test_nufft_lrt_pipeline.py::test_snr_responds_to_injected_transit PASSED [ 87%]
tests/test_nufft_lrt_pipeline.py::test_return_shapes_for_both_epoch_modes PASSED [ 87%]
tests/test_nufft_lrt_pipeline.py::test_absolute_time_input_is_exact_and_epochs_reported_absolute PASSED [ 87%]
tests/test_nufft_lrt_pipeline.py::test_dy_is_ignored_with_a_warning PASSED [ 87%]
tests/test_nufft_lrt_pipeline.py::test_user_psd_is_validated_and_floored PASSED [ 87%]
tests/test_nufft_lrt_pipeline.py::test_input_validation PASSED           [ 87%]
tests/test_pdm.py::test_cuda_pdm_binned_linterp[binned_linterp-binned_linterp] PASSED [ 87%]
tests/test_pdm.py::test_cuda_pdm_binned_step[binned_step-binned_step] PASSED [ 88%]
tests/test_pdm.py::test_cuda_pdm_binless_gauss[binless_gauss-binless_gauss] PASSED [ 88%]
tests/test_pdm.py::test_cuda_pdm_binless_tophat[binless_tophat-binless_tophat] PASSED [ 88%]
tests/test_pdm.py::test_cuda_pdm_binned_linterp_fast[binned_linterp-binned_linterp_fast] PASSED [ 88%]
tests/test_pdm.py::test_cuda_pdm_binned_step_fast[binned_step-binned_step_fast] PASSED [ 88%]
tests/test_pdm.py::test_cuda_pdm_binless_gauss_fast[binless_gauss-binless_gauss_fast] PASSED [ 88%]
tests/test_pdm.py::test_cuda_pdm_binless_tophat_fast[binless_tophat-binless_tophat_fast] PASSED [ 88%]
tests/test_pdm.py::test_pdm_new_format PASSED                            [ 88%]
tests/test_pdm.py::TestCpuFunctionsDoNotMutateInputs::test_binless_pdm_cpu PASSED [ 88%]
tests/test_pdm.py::TestCpuFunctionsDoNotMutateInputs::test_pdm2_cpu PASSED [ 88%]
tests/test_pdm.py::TestCpuFunctionsDoNotMutateInputs::test_pdm2_single_freq PASSED [ 88%]
tests/test_pdm.py::test_binned_step_phase_exactly_one_no_oob_read PASSED [ 88%]
tests/test_pdm.py::test_deprecated_format_normalizes_weights PASSED      [ 88%]
tests/test_pdm.py::test_pdm2_cpu_is_ss_ratio_without_dof_correction PASSED [ 88%]
tests/test_pdm.py::test_pdm2_cpu_noise_floor_is_M_minus_1_over_N_minus_1 PASSED [ 88%]
tests/test_pdm.py::test_gpu_binned_step_statistic_and_noise_floor PASSED [ 88%]
tests/test_pdm.py::test_run_docstring_states_statistic_and_dphi_semantics PASSED [ 88%]
tests/test_pdm.py::TestPDMTupleShape::test_two_tuple_is_rejected_with_a_clear_message PASSED [ 88%]
tests/test_pdm.py::TestPDMTupleShape::test_mixed_deprecated_batch_is_rejected PASSED [ 89%]
tests/test_pdm.py::TestPDMConstantY::test_constant_y_is_rejected PASSED  [ 89%]
tests/test_pdm.py::TestPDMAllocationReuse::test_same_shapes_reuse_the_device_buffers PASSED [ 89%]
tests/test_pdm.py::TestPDMAllocationReuse::test_new_shapes_replace_the_cache PASSED [ 89%]
tests/test_pdm.py::TestPDMAllocationReuse::test_results_are_not_shared_between_calls PASSED [ 89%]
tests/test_pdm.py::TestPDMAllocationReuse::test_reused_buffers_give_identical_results[binned_linterp] PASSED [ 89%]
tests/test_pdm.py::TestPDMAllocationReuse::test_reused_buffers_give_identical_results[binned_step] PASSED [ 89%]
tests/test_pdm.py::TestPDMAllocationReuse::test_reused_buffers_give_identical_results[binned_linterp_fast] PASSED [ 89%]
tests/test_pdm.py::TestPDMAllocationReuse::test_reused_buffers_give_identical_results[binless_tophat] PASSED [ 89%]
tests/test_pdm.py::TestPDMAllocationReuse::test_changed_grid_of_the_same_length_is_reuploaded PASSED [ 89%]
tests/test_pdm.py::TestPDMAllocationReuse::test_in_place_mutated_float32_grid_is_reuploaded_cpu PASSED [ 89%]
tests/test_pdm.py::TestPDMAllocationReuse::test_in_place_mutated_float32_grid_is_reuploaded PASSED [ 89%]
tests/test_pdm.py::TestPDMAllocationReuse::test_batched_run_matches_single_runs PASSED [ 89%]
tests/test_pdm_batch.py::test_batch_size_from_memory_arithmetic PASSED   [ 89%]
tests/test_pdm_batch.py::test_batched_run_const_nfreq_chunks_and_reuses_freqs PASSED [ 89%]
tests/test_pdm_batch.py::test_batched_run_const_nfreq_empty PASSED       [ 89%]
tests/test_pdm_batch.py::test_batched_run_const_nfreq_rejects_bad_batch_size PASSED [ 89%]
tests/test_pdm_batch.py::test_batched_run_const_nfreq_rejects_legacy_format PASSED [ 89%]
tests/test_pdm_batch.py::test_batch_size_from_memory_stream_cap PASSED   [ 90%]
tests/test_pdm_batch.py::test_large_run_uses_memory_capped_batch_size PASSED [ 90%]
tests/test_readme_consistency.py::test_readme_does_not_advertise_removed_periodograms_subpackage SKIPPED [ 90%]
tests/test_readme_consistency.py::test_readme_import_does_not_claim_gpu_required SKIPPED [ 90%]
tests/test_readme_consistency.py::test_readme_advertises_the_pypi_install SKIPPED [ 90%]
tests/test_readme_consistency.py::test_readme_links_are_absolute SKIPPED [ 90%]
tests/test_readme_consistency.py::test_readme_ads_links_are_https SKIPPED [ 90%]
tests/test_readme_consistency.py::test_readme_testing_section_is_cpu_runnable SKIPPED [ 90%]
tests/test_readme_examples.py::TestReadmeExamples::test_quick_start_example PASSED [ 90%]
tests/test_readme_examples.py::TestReadmeExamples::test_adaptive_bls_example PASSED [ 90%]
tests/test_readme_examples.py::TestReadmeExamples::test_standard_vs_adaptive_consistency PASSED [ 90%]
tests/test_tls_basic.py::TestGridGeneration::test_period_grid_basic PASSED [ 90%]
tests/test_tls_basic.py::TestGridGeneration::test_period_grid_limits PASSED [ 90%]
tests/test_tls_basic.py::TestGridGeneration::test_duration_grid PASSED   [ 90%]
tests/test_tls_basic.py::TestGridGeneration::test_transit_duration_max PASSED [ 90%]
tests/test_tls_basic.py::TestGridGeneration::test_t0_grid PASSED         [ 90%]
tests/test_tls_basic.py::TestGridGeneration::test_validate_stellar_parameters PASSED [ 90%]
tests/test_tls_basic.py::TestTransitTemplate::test_trapezoid_template_shape PASSED [ 90%]
tests/test_tls_basic.py::TestTransitTemplate::test_trapezoid_template_normalization PASSED [ 91%]
tests/test_tls_basic.py::TestTransitTemplate::test_trapezoid_template_symmetric PASSED [ 91%]
tests/test_tls_basic.py::TestTransitTemplate::test_batman_template_shape PASSED [ 91%]
tests/test_tls_basic.py::TestTransitTemplate::test_batman_template_normalization PASSED [ 91%]
tests/test_tls_basic.py::TestTransitTemplate::test_batman_template_limb_darkened PASSED [ 91%]
tests/test_tls_basic.py::TestTransitTemplate::test_generate_fallback_without_batman PASSED [ 91%]
tests/test_tls_basic.py::TestTransitModels::test_reference_transit PASSED [ 91%]
tests/test_tls_basic.py::TestTransitModels::test_transit_model_cache PASSED [ 91%]
tests/test_tls_basic.py::TestSimpleTransitModels::test_simple_trapezoid PASSED [ 91%]
tests/test_tls_basic.py::TestSimpleTransitModels::test_interpolate_transit_model PASSED [ 91%]
tests/test_tls_basic.py::TestSimpleTransitModels::test_default_limb_darkening PASSED [ 91%]
tests/test_tls_basic.py::TestSimpleTransitModels::test_validate_limb_darkening PASSED [ 91%]
tests/test_tls_basic.py::TestStatistics::test_signal_residue_with_signal PASSED [ 91%]
tests/test_tls_basic.py::TestStatistics::test_sde_positive_for_signal PASSED [ 91%]
tests/test_tls_basic.py::TestStatistics::test_snr_with_chi2 PASSED       [ 91%]
tests/test_tls_basic.py::TestStatistics::test_snr_returns_zero_without_info PASSED [ 91%]
tests/test_tls_basic.py::TestSDEKernelSize::test_auto_kernel_capped_at_91 PASSED [ 91%]
tests/test_tls_basic.py::TestSDEKernelSize::test_small_grids_keep_length_scaled_kernel PASSED [ 91%]
tests/test_tls_basic.py::TestSDEKernelSize::test_even_kernel_rounds_up_to_odd PASSED [ 92%]
tests/test_tls_basic.py::TestSDEKernelSize::test_short_series_skips_detrending PASSED [ 92%]
tests/test_tls_basic.py::TestBatchPreprocessValidation::test_int32_point_count_guard PASSED [ 92%]
tests/test_tls_basic.py::TestBatchPreprocessValidation::test_durations_param_removed PASSED [ 92%]
tests/test_tls_basic.py::TestTLSKernel::test_kernel_compilation PASSED   [ 92%]
tests/test_tls_basic.py::TestTLSKernel::test_kernel_caching PASSED       [ 92%]
tests/test_tls_basic.py::TestTLSKernel::test_block_size_selection PASSED [ 92%]
tests/test_tls_basic.py::TestTLSMemory::test_memory_allocation PASSED    [ 92%]
tests/test_tls_basic.py::TestTLSMemory::test_memory_setdata PASSED       [ 92%]
tests/test_tls_basic.py::TestTLSMemory::test_memory_fromdata PASSED      [ 92%]
tests/test_tls_basic.py::TestTLSMemory::test_memory_setdata_subtracts_epoch PASSED [ 92%]
tests/test_tls_basic.py::TestTLSBasicExecution::test_tls_search_runs PASSED [ 92%]
tests/test_tls_basic.py::TestTLSBasicExecution::test_tls_search_with_transit PASSED [ 92%]
tests/test_tls_basic.py::TestTLSBasicExecution::test_sde_positive_with_transit PASSED [ 92%]
tests/test_tls_basic.py::TestSharedMemoryGuard::test_large_ndata_raises_value_error PASSED [ 92%]
tests/test_tls_basic.py::TestSharedMemoryGuard::test_guard_accounts_for_template_size PASSED [ 92%]
tests/test_tls_basic.py::TestSharedMemoryGuard::test_fast_path_has_no_ndata_cap PASSED [ 92%]
tests/test_tls_basic.py::TestFailedPeriodMasking::test_mask_warns_and_excludes_sentinels PASSED [ 92%]
tests/test_tls_basic.py::TestFailedPeriodMasking::test_all_failed_warns_and_masks_everything PASSED [ 93%]
tests/test_tls_basic.py::TestFailedPeriodMasking::test_no_failures_no_warning PASSED [ 93%]
tests/test_tls_basic.py::TestFailedPeriodMasking::test_sde_survives_sentinels_when_masked PASSED [ 93%]
tests/test_tls_basic.py::TestSnrNotInflated::test_chi2_based_value PASSED [ 93%]
tests/test_tls_basic.py::TestSnrNotInflated::test_n_transits_parameter_is_gone PASSED [ 93%]
tests/test_tls_basic.py::TestSnrNotInflated::test_explicit_depth_err PASSED [ 93%]
tests/test_tls_basic.py::TestTemplateFallbackWarns::test_batman_exception_warns PASSED [ 93%]
tests/test_tls_basic.py::TestT0GridDurationScaled::test_grid_size_scales_with_duration PASSED [ 93%]
tests/test_tls_basic.py::TestT0GridDurationScaled::test_coverage_guarantee PASSED [ 93%]
tests/test_tls_basic.py::TestT0GridDurationScaled::test_kernel_source_uses_duration_scaled_grid PASSED [ 93%]
tests/test_tls_basic.py::TestNoBitonicSort::test_kernel_has_no_sort PASSED [ 93%]
tests/test_tls_basic.py::TestTLSStreamParity::test_stream_matches_default PASSED [ 93%]
tests/test_tls_basic.py::TestDefaultDurationWindow::test_keplerian_window_equals_q_transit_window PASSED [ 93%]
tests/test_tls_basic.py::TestDefaultDurationWindow::test_window_factors_honoured PASSED [ 93%]
tests/test_tls_basic.py::TestDefaultDurationWindow::test_fixed_window_crossover_near_60d PASSED [ 93%]
tests/test_tls_basic.py::TestDefaultDurationWindow::test_fixed_window_warns_when_unphysical PASSED [ 93%]
tests/test_tls_basic.py::TestDefaultDurationWindow::test_fixed_window_silent_when_physical PASSED [ 93%]
tests/test_tls_basic.py::TestDefaultDurationWindow::test_unknown_window_rejected PASSED [ 94%]
tests/test_tls_basic.py::TestDefaultDurationWindow::test_search_gpu_default_passes_keplerian_window PASSED [ 94%]
tests/test_tls_basic.py::TestDefaultDurationWindow::test_search_gpu_window_kwargs_reach_the_batch PASSED [ 94%]
tests/test_tls_basic.py::TestDefaultDurationWindow::test_search_gpu_fixed_window_optin_warns PASSED [ 94%]
tests/test_tls_basic.py::TestDefaultDurationWindow::test_search_gpu_explicit_q_conflicts_with_window PASSED [ 94%]
tests/test_tls_basic.py::TestDefaultDurationWindow::test_tls_cu_standard_kernel_is_marked_retired PASSED [ 94%]
tests/test_tls_basic.py::TestTransitDurationWindowBounds::test_bounds_bitwise_match_duration_grid_keplerian PASSED [ 94%]
tests/test_tls_basic.py::TestTransitDurationWindowBounds::test_duration_table_is_not_built PASSED [ 94%]
tests/test_tls_basic.py::TestTransitDurationWindowBounds::test_bounds_match_the_other_entry_points PASSED [ 94%]
tests/test_tls_basic.py::TestTemplateTableMemoization::test_repeat_call_is_bitwise_identical PASSED [ 94%]
tests/test_tls_basic.py::TestTemplateTableMemoization::test_returns_independent_arrays PASSED [ 94%]
tests/test_tls_basic.py::TestTemplateTableMemoization::test_underlying_model_is_built_once_per_key PASSED [ 94%]
tests/test_tls_basic.py::TestTemplateTableMemoization::test_cache_does_not_leak_across_parameters PASSED [ 94%]
tests/test_tls_basic.py::TestTemplateTableMemoization::test_cache_is_bounded PASSED [ 94%]
tests/test_tls_basic.py::TestTemplateTableMemoization::test_fallback_result_is_not_cached PASSED [ 94%]
tests/test_tls_basic.py::TestTemplateTableMemoization::test_missing_batman_tables_are_cached_under_their_own_key PASSED [ 94%]
tests/test_tls_basic.py::TestBatchHasNoThreadPool::test_module_does_not_import_a_thread_pool PASSED [ 94%]
tests/test_tls_basic.py::TestReferenceSRDefinition::test_signal_residue_is_chi2min_over_chi2 PASSED [ 94%]
tests/test_tls_basic.py::TestReferenceSRDefinition::test_sde_matches_reference_spectra[2000-91] PASSED [ 95%]
tests/test_tls_basic.py::TestReferenceSRDefinition::test_sde_matches_reference_spectra[500-51] PASSED [ 95%]
tests/test_tls_basic.py::TestReferenceSRDefinition::test_sde_matches_reference_spectra[5000-91] PASSED [ 95%]
tests/test_tls_basic.py::TestReferenceSRDefinition::test_auto_kernel_matches_reference_at_91 PASSED [ 95%]
tests/test_tls_basic.py::TestReferenceSRDefinition::test_strong_signal_no_longer_halved PASSED [ 95%]
tests/test_tls_basic.py::TestReferenceSRDefinition::test_chi2_null_argument_deprecated PASSED [ 95%]
tests/test_tls_basic.py::TestReferenceSRDefinition::test_perfect_fit_and_flat_spectra PASSED [ 95%]
tests/test_tls_basic.py::TestReferenceSRDefinition::test_compute_all_statistics_uses_reference_sr PASSED [ 95%]
tests/test_tls_basic.py::TestRunningMedianEdges::test_matches_reference_running_median_exactly PASSED [ 95%]
tests/test_tls_basic.py::TestRunningMedianEdges::test_no_zero_padding_bias PASSED [ 95%]
tests/test_tls_basic.py::TestRunningMedianEdges::test_detrended_power_flat_at_edges PASSED [ 95%]
tests/test_tls_basic.py::TestRunningMedianEdges::test_even_kernel_rounds_up_and_too_long_raises PASSED [ 95%]
tests/test_tls_basic.py::TestFAPRemoved::test_compute_all_statistics_has_no_fap_key PASSED [ 95%]
tests/test_tls_basic.py::TestFAPRemoved::test_null_result_has_no_fap PASSED [ 95%]
tests/test_tls_basic.py::TestFAPRemoved::test_heuristic_helper_still_works_but_warns PASSED [ 95%]
tests/test_tls_basic.py::TestFAPRemoved::test_docs_do_not_claim_a_calibration PASSED [ 95%]
tests/test_tls_basic.py::TestFAPRemoved::test_fast_path_result_has_no_fap PASSED [ 95%]
tests/test_tls_basic.py::TestSortedPeriodGrid::test_sort_helper PASSED   [ 95%]
tests/test_tls_basic.py::TestSortedPeriodGrid::test_shuffled_round_trip PASSED [ 96%]
tests/test_tls_basic.py::TestSortedPeriodGrid::test_validate_periods PASSED [ 96%]
tests/test_tls_basic.py::TestSortedPeriodGrid::test_caller_staged_memory_requires_ascending_grid PASSED [ 96%]
tests/test_tls_basic.py::TestSortedPeriodGrid::test_period_uncertainty_positive_on_sorted_input PASSED [ 96%]
tests/test_tls_basic.py::TestT0Convention::test_first_transit_at_or_after PASSED [ 96%]
tests/test_tls_basic.py::TestT0Convention::test_docstrings_state_the_convention PASSED [ 96%]
tests/test_tls_basic.py::TestTlsSearchDispatch::test_forwards_all_kwargs_to_tls_search_gpu PASSED [ 96%]
tests/test_tls_basic.py::TestTlsSearchDispatch::test_validates_before_forwarding PASSED [ 96%]
tests/test_tls_basic.py::TestDurationGridKeplerian::test_shapes_and_counts PASSED [ 96%]
tests/test_tls_basic.py::TestDurationGridKeplerian::test_bounds_follow_q_transit_and_the_factors[kw0] PASSED [ 96%]
tests/test_tls_basic.py::TestDurationGridKeplerian::test_bounds_follow_q_transit_and_the_factors[kw1] PASSED [ 96%]
tests/test_tls_basic.py::TestDurationGridKeplerian::test_bounds_follow_q_transit_and_the_factors[kw2] PASSED [ 96%]
tests/test_tls_basic.py::TestDurationGridKeplerian::test_log_spaced_within_a_period_and_monotonic_in_period PASSED [ 96%]
tests/test_tls_basic.py::TestDurationGridKeplerian::test_single_period_and_scalar_input PASSED [ 96%]
tests/test_tls_basic.py::TestTlsInputGuards::test_dy_none_rejected_on_every_entry_point PASSED [ 96%]
tests/test_tls_basic.py::TestTlsInputGuards::test_n_durations_below_two_rejected_on_both_paths[1-True] PASSED [ 96%]
tests/test_tls_basic.py::TestTlsInputGuards::test_n_durations_below_two_rejected_on_both_paths[1-False] PASSED [ 96%]
tests/test_tls_basic.py::TestTlsInputGuards::test_n_durations_below_two_rejected_on_both_paths[0-True] PASSED [ 96%]
tests/test_tls_basic.py::TestTlsInputGuards::test_n_durations_below_two_rejected_on_both_paths[0-False] PASSED [ 97%]
tests/test_tls_basic.py::TestTlsInputGuards::test_n_durations_below_two_rejected_on_both_paths[-3-True] PASSED [ 97%]
tests/test_tls_basic.py::TestTlsInputGuards::test_n_durations_below_two_rejected_on_both_paths[-3-False] PASSED [ 97%]
tests/test_tls_basic.py::TestTlsInputGuards::test_n_durations_must_be_an_integer PASSED [ 97%]
tests/test_tls_basic.py::TestTlsInputGuards::test_unknown_keywords_are_rejected_with_a_fap_hint PASSED [ 97%]
tests/test_tls_fast.py::TestBatchConsistency::test_batch_matches_single PASSED [ 97%]
tests/test_tls_fast.py::TestBatchConsistency::test_recovers_injected_periods PASSED [ 97%]
tests/test_tls_fast.py::TestBatchConsistency::test_noise_lc_scores_below_signal PASSED [ 97%]
tests/test_tls_fast.py::TestStatisticsSeparation::test_spectrum_is_coarse_and_uniform PASSED [ 97%]
tests/test_tls_fast.py::TestStatisticsSeparation::test_refined_chi2_min_not_above_coarse PASSED [ 97%]
tests/test_tls_fast.py::TestScalability::test_ndata_beyond_legacy_cap PASSED [ 97%]
tests/test_tls_fast.py::TestScalability::test_bjd_scale_times PASSED     [ 97%]
tests/test_tls_fast.py::TestScalability::test_chunking_many_small_lcs PASSED [ 97%]
tests/test_tls_fast.py::TestScalability::test_mixed_lengths_offsets PASSED [ 97%]
tests/test_tls_fast.py::TestValidation::test_empty_batch PASSED          [ 97%]
tests/test_tls_fast.py::TestValidation::test_mismatched_qmin_qmax PASSED [ 97%]
tests/test_tls_fast.py::TestValidation::test_qmin_only_rejected PASSED   [ 97%]
tests/test_tls_fast.py::TestValidation::test_bad_n_durations PASSED      [ 97%]
tests/test_tls_fast.py::TestBanding::test_banded_matches_single_band PASSED [ 98%]
tests/test_tls_fast.py::TestRefinementFallback::test_all_refinements_fail_falls_back_no_crash PASSED [ 98%]
tests/test_tls_fast.py::TestT0Semantics::test_T0_first_transit_after_min_t_on_all_paths[100.3-0.37] PASSED [ 98%]
tests/test_tls_fast.py::TestT0Semantics::test_T0_first_transit_after_min_t_on_all_paths[100.9-0.8] PASSED [ 98%]
tests/test_tls_fast.py::TestT0Semantics::test_T0_first_transit_after_min_t_on_all_paths[2457000.3-0.37] PASSED [ 98%]
tests/test_tls_fast.py::TestT0Semantics::test_paths_agree_on_T0 PASSED   [ 98%]
tests/test_tls_fast.py::TestUnsortedPeriodGrid::test_descending_and_shuffled_match_ascending PASSED [ 98%]
tests/test_tls_fast.py::TestFlatLightCurve::test_sde_zero_on_all_paths PASSED [ 98%]
tests/test_tls_fast.py::TestFAPKey::test_no_fap_without_calibration PASSED [ 98%]
tests/test_tls_fast.py::TestFAPKey::test_null_bootstrap PASSED           [ 98%]
tests/test_tls_fast.py::TestFAPKey::test_bad_draw_count PASSED           [ 98%]
tests/test_tls_fast.py::TestSNRDefinition::test_snr_is_delta_chi2_over_constant_model PASSED [ 98%]
tests/test_tls_fast.py::TestDurationWindowDefault::test_default_equals_explicit_keplerian PASSED [ 98%]
tests/test_tls_fast.py::TestDurationWindowDefault::test_fixed_window_optin_warns_and_default_does_not PASSED [ 98%]
tests/test_tls_fast.py::TestDurationWindowDefault::test_legacy_path_uses_keplerian_kernel PASSED [ 98%]
tests/test_tls_fast.py::TestBatchStatisticsAreSequential::test_statistics_run_on_the_calling_thread_in_order PASSED [ 98%]
tests/test_tls_fast.py::TestBatchStatisticsAreSequential::test_results_are_returned_in_lightcurve_order PASSED [ 98%]
tests/test_tls_fast.py::TestFastLegacyParity::test_fast_matches_legacy_on_an_explicit_grid PASSED [ 98%]
tests/test_tls_fast.py::TestTlsTransitSmoke::test_recovers_injected_transit PASSED [ 99%]
tests/test_tls_golden.py::TestNarrowTransitRecovery::test_long_period_narrow_transit PASSED [ 99%]
tests/test_tls_golden.py::TestNarrowTransitRecovery::test_short_period_regression PASSED [ 99%]
tests/test_tls_golden.py::TestGoldenVsTransitLeastSquares::test_recovery_matches_reference[3.0-0.04-0.01] PASSED [ 99%]
tests/test_tls_golden.py::TestGoldenVsTransitLeastSquares::test_recovery_matches_reference[12.0-0.014-0.012] PASSED [ 99%]
tests/test_tls_golden.py::TestLongPeriodDurationWindow::test_p365_on_1400d_baseline PASSED [ 99%]
tests/test_tls_golden.py::TestLongPeriodDurationWindow::test_true_default_grid_recovers_p365 PASSED [ 99%]
tests/test_tls_golden.py::TestSDEParityWithReference::test_strong_signal_sde_matches_reference PASSED [ 99%]
tests/test_tls_t0_oversample.py::test_t0_oversample_overrides_kernel_define PASSED [ 99%]
tests/test_tls_t0_oversample.py::test_t0_oversample_in_public_signatures PASSED [ 99%]
tests/test_tls_t0_oversample.py::test_t0_oversample_is_part_of_cache_key PASSED [ 99%]
tests/test_tls_t0_oversample.py::test_t0_grid_size_mirrors_oversample PASSED [ 99%]
tests/test_utils.py::test_normalize_subtracts_means PASSED               [ 99%]
tests/test_utils.py::test_normalize_does_not_mutate_input PASSED         [ 99%]
tests/test_utils.py::test_normalize_passes_none_through PASSED           [ 99%]
tests/test_utils.py::test_normalize_legacy_four_tuple PASSED             [ 99%]
tests/test_utils.py::test_conflict_scatter_perm_is_permutation PASSED    [ 99%]
tests/test_utils.py::test_conflict_scatter_perm_small_n_passthrough PASSED [100%]

=============================== warnings summary ===============================
tests/test_api_freeze.py::test_submodules_reachable_as_attributes
  /usr/lib/python3.11/importlib/__init__.py:126: DeprecationWarning: cuvarbase.core is deprecated; import from cuvarbase.base. It will be removed in 2.0
    return _bootstrap._gcd_import(name[level:], package, level)

tests/test_bls.py::TestPowerConventions::test_snr_matches_astropy
tests/test_bls.py::TestPowerConventions::test_loglik_matches_astropy_up_to_reference
  /tmp/cuvarbase-phase5/venvs/wheel-test/lib/python3.11/site-packages/astropy/timeseries/periodograms/bls/methods.py:113: RuntimeWarning: invalid value encountered in scalar divide
    y_in = np.sum(y[m_in] * ivar[m_in]) / ivar_in

tests/test_bls.py::TestPowerConventions::test_snr_matches_astropy
tests/test_bls.py::TestPowerConventions::test_loglik_matches_astropy_up_to_reference
  /tmp/cuvarbase-phase5/venvs/wheel-test/lib/python3.11/site-packages/astropy/timeseries/periodograms/bls/methods.py:118: RuntimeWarning: divide by zero encountered in scalar divide
    depth_err = np.sqrt(1.0 / ivar_in + 1.0 / ivar_out)

tests/test_input_validation.py::TestEntryPointsRejectBadLightcurves::test_nan_in_t[NUFFTLRTAsyncProcess.run]
tests/test_input_validation.py::TestEntryPointsRejectBadLightcurves::test_inf_in_y[NUFFTLRTAsyncProcess.run]
tests/test_input_validation.py::TestEntryPointsRejectBadLightcurves::test_mismatched_lengths[NUFFTLRTAsyncProcess.run]
tests/test_input_validation.py::TestEntryPointsRejectBadLightcurves::test_empty_arrays[NUFFTLRTAsyncProcess.run]
tests/test_input_validation.py::TestEntryPointsRejectBadLightcurves::test_below_method_minimum[NUFFTLRTAsyncProcess.run]
tests/test_input_validation.py::TestEntryPointsRejectBadGrids::test_non_finite_periods[NUFFTLRTAsyncProcess.run]
tests/test_input_validation.py::TestEntryPointsRejectBadGrids::test_non_positive_periods[NUFFTLRTAsyncProcess.run]
  /tmp/cuvarbase-phase5/venvs/wheel-test/lib/python3.11/site-packages/cuvarbase/tests/test_input_validation.py:185: UserWarning: cuvarbase.nufft_lrt is EXPERIMENTAL and outside the 1.x API-stability promise. Its Sep-2026 correctness fixes were re-validated by injection-recovery (the default path is correct on BJD-scale times and recovers random-epoch transits), but that campaign also showed that its defaults and return conventions should still change (automatic epoch grid resolution, PSD whitening without measurable gain, tuple-or-array return), so run() may change incompatibly in a 1.x release; the statistic is not N(0, 1) and thresholds must be calibrated empirically (see https://johnh2o2.github.io/cuvarbase/nufft_lrt.html).
    lambda t, y, dy, f=None: NUFFTLRTAsyncProcess().run(

tests/test_tls_basic.py::TestTLSStreamParity::test_stream_matches_default
  /tmp/cuvarbase-phase5/venvs/wheel-test/lib/python3.11/site-packages/cuvarbase/tls.py:893: UserWarning: use_fast=True is ignored because a pre-compiled kernel, external memory/stream, or transfer control was supplied; falling back to the legacy per-point kernel (which caps ndata at ~3,500 points)
    warnings.warn(

tests/test_tls_fast.py::TestDurationWindowDefault::test_fixed_window_optin_warns_and_default_does_not
  /tmp/cuvarbase-phase5/venvs/wheel-test/lib/python3.11/site-packages/_pytest/unraisableexception.py:67: PytestUnraisableExceptionWarning: Exception ignored in: <_io.FileIO name='/tmp/cuvarbase-phase5/venvs/wheel-test/lib/python3.11/site-packages/cuvarbase/kernels/tls_fast.cu' mode='rb' closefd=True>
  
  Traceback (most recent call last):
    File "/tmp/cuvarbase-phase5/venvs/wheel-test/lib/python3.11/site-packages/cuvarbase/utils.py", line 308, in _module_reader
      txt = open(fname, 'r').read()
            ^^^^^^^^^^^^^^^^^^^^^^^
  ResourceWarning: unclosed file <_io.TextIOWrapper name='/tmp/cuvarbase-phase5/venvs/wheel-test/lib/python3.11/site-packages/cuvarbase/kernels/tls_fast.cu' mode='r' encoding='UTF-8'>
  
  Enable tracemalloc to get traceback where the object was allocated.
  See https://docs.pytest.org/en/stable/how-to/capture-warnings.html#resource-warnings for more info.
    warnings.warn(pytest.PytestUnraisableExceptionWarning(msg))

tests/test_tls_golden.py::TestGoldenVsTransitLeastSquares::test_recovery_matches_reference[3.0-0.04-0.01]
tests/test_tls_golden.py::TestGoldenVsTransitLeastSquares::test_recovery_matches_reference[12.0-0.014-0.012]
tests/test_tls_golden.py::TestSDEParityWithReference::test_strong_signal_sde_matches_reference
  /tmp/cuvarbase-phase5/venvs/wheel-test/lib/python3.11/site-packages/transitleastsquares/stats.py:458: RuntimeWarning: divide by zero encountered in scalar divide
    snr_pink_per_transit[i] = (1 - mean_flux) / pinknoise

-- Docs: https://docs.pytest.org/en/stable/how-to/capture-warnings.html
=========================== short test summary info ============================
SKIPPED [1] ../../tmp/cuvarbase-phase5/venvs/wheel-test/lib/python3.11/site-packages/cuvarbase/tests/test_api_freeze.py:315: docs/source not present (installed wheel)
SKIPPED [1] ../../tmp/cuvarbase-phase5/venvs/wheel-test/lib/python3.11/site-packages/cuvarbase/tests/test_bls.py:2590: docs/source/bls.rst not found (running outside the source tree)
SKIPPED [1] ../../tmp/cuvarbase-phase5/venvs/wheel-test/lib/python3.11/site-packages/cuvarbase/tests/test_examples_compile.py:89: examples/ and notebooks/ not found (running outside the source tree)
SKIPPED [1] ../../tmp/cuvarbase-phase5/venvs/wheel-test/lib/python3.11/site-packages/cuvarbase/tests/test_examples_compile.py:94: got empty parameter set for (path)
SKIPPED [1] ../../tmp/cuvarbase-phase5/venvs/wheel-test/lib/python3.11/site-packages/cuvarbase/tests/test_examples_compile.py:101: got empty parameter set for (path)
SKIPPED [6] ../../tmp/cuvarbase-phase5/venvs/wheel-test/lib/python3.11/site-packages/cuvarbase/tests/test_readme_consistency.py:20: README.md not found (running outside the source tree)
========== 1773 passed, 11 skipped, 17 warnings in 655.60s (0:10:55) ===========
