regime,config,offset_index,bin_phase_offset,epoch_phase,template_snr_over_oracle,box_snr_over_oracle,physical_projection_retention,physical_binned_over_unbinned,own_template_binned_over_unbinned,epoch_grid_only_retention,duration_grid_only_retention,coarse_grid_native_selected_over_oracle
sun_jupiter_5d,api_default,0,0.0,0.5390625,0.9999994531783142,0.9858781335771497,0.9904215102893457,0.9904219905878442,0.9902853758861967,0.984216296509977,0.9997872833014779,0.9856794324341361
sun_jupiter_5d,api_default,1,0.03125,0.7462158203125,0.9999994531783142,0.9858781335771497,0.9904177236548921,0.9904181993461226,0.9902835747737727,0.9918900472932919,0.9997872833014779,0.9708479685975405
sun_jupiter_5d,api_default,2,0.0625,0.644775390625,0.9999994531783142,0.9858781335771497,0.9904042118646342,0.9904046793725666,0.990279835482113,0.9258256207555947,0.9997872833014779,0.9773616932658754
sun_jupiter_5d,api_default,3,0.09375,0.4808349609375,0.9999994531783142,0.9858781335771497,0.9903775535945111,0.9903780126053053,0.9902663886519115,0.999143879886553,0.9997872833014779,0.9701097288043538
sun_jupiter_5d,api_default,4,0.125,0.29345703125,0.9999994531783142,0.9858781335771497,0.9903336382799903,0.9903340898270037,0.9902364062581758,0.9906603076068041,0.9997872833014779,0.9709785894585565
sun_jupiter_5d,api_default,5,0.15625,0.3013916015625,0.9999994531783142,0.9858781335771497,0.9902690545906704,0.9902695035763797,0.9901861347272402,0.9976425678047905,0.9997872833014779,0.95388560069606
sun_jupiter_5d,api_default,6,0.1875,0.684326171875,0.9999994531783142,0.9858781335771497,0.9901832439813845,0.9901836895547543,0.9901146918516853,0.8848827921243586,0.9997872833014779,0.9786963800377105
sun_jupiter_5d,api_default,7,0.21875,0.3836669921875,0.9999994531783142,0.9858781335771497,0.9900784957485583,0.9900789418492847,0.9900240854515897,0.9307851989133988,0.9997872833014779,0.9784997738052309
sun_jupiter_5d,api_default,8,0.25,0.6689453125,0.9999994531783142,0.9858781335771497,0.9899598550936478,0.9899603031170789,0.9899191008777434,0.9929704858802213,0.9997872833014779,0.9813165418546957
sun_jupiter_5d,api_default,9,0.28125,0.6300048828125,0.9999994531783142,0.9858781335771497,0.9898349935371318,0.989835443167503,0.9898071469817036,0.9649036272779807,0.9997872833014779,0.9776733891060757
sun_jupiter_5d,api_default,10,0.3125,0.255126953125,0.9999994531783142,0.9858781335771497,0.989713961038297,0.9897144172202118,0.9896981252771493,0.9983773211127847,0.9997872833014779,0.9641151140962674
sun_jupiter_5d,api_default,11,0.34375,0.3177490234375,0.9999994531783142,0.9858781335771497,0.9896067166874737,0.9896071787961924,0.989604238210854,0.9349445696506199,0.9997872833014779,0.9587441893535616
sun_jupiter_5d,api_default,12,0.375,0.47802734375,0.9999994531783142,0.9858781335771497,0.9895195581276367,0.9895200269464586,0.9895351711987371,0.931509673550086,0.9997872833014779,0.9821200254684014
sun_jupiter_5d,api_default,13,0.40625,0.3726806640625,0.9999994531783142,0.9858781335771497,0.9894548604072875,0.9894553322018191,0.9894855582773501,0.871888843049249,0.9997872833014779,0.9801270917791673
sun_jupiter_5d,api_default,14,0.4375,0.669677734375,0.9999994531783142,0.9858781335771497,0.9894109517691054,0.9894114237515748,0.9894517397708076,0.9998262018714777,0.9997872833014779,0.9820288765292922
sun_jupiter_5d,api_default,15,0.46875,0.2752685546875,0.9999994531783142,0.9858781335771497,0.9893852637882732,0.9893857373742722,0.9894319392736506,0.9756103434508995,0.9997872833014779,0.9837730815717534
sun_jupiter_5d,api_default,16,0.5,0.439453125,0.9999994531783142,0.9858781335771497,0.9893767912944961,0.9893772648998441,0.9894253681551046,0.9008165095317812,0.9997872833014779,0.9779744641438003
sun_jupiter_5d,api_default,17,0.53125,0.5333251953125,0.9999994531783142,0.9858781335771497,0.989385263788273,0.989385737381749,0.9894319386155339,0.8826019030941852,0.9997872833014779,0.989253991548235
sun_jupiter_5d,api_default,18,0.5625,0.564697265625,0.9999994531783142,0.9858781335771497,0.9894109517691051,0.9894114237211429,0.9894517384284244,0.9839099674689468,0.9997872833014779,0.9801533819460799
sun_jupiter_5d,api_default,19,0.59375,0.2757568359375,0.9999994531783142,0.9858781335771497,0.9894548604072876,0.9894553321844737,0.9894855562008503,0.9619064592140067,0.9997872833014779,0.9882467782507542
sun_jupiter_5d,api_default,20,0.625,0.33837890625,0.9999994531783142,0.9858781335771497,0.9895195581276367,0.9895200269207552,0.9895351683094903,0.9860048236284894,0.9997872833014779,0.9786527529016174
sun_jupiter_5d,api_default,21,0.65625,0.4556884765625,0.9999994531783142,0.9858781335771497,0.989606716687474,0.989607178778899,0.9896042917138287,0.9399734375522125,0.9997872833014779,0.9771737361464704
sun_jupiter_5d,api_default,22,0.6875,0.518310546875,0.9999994531783142,0.9858781335771497,0.9897139610382975,0.9897144172449452,0.9896981744978182,0.9970236973943691,0.9997872833014779,0.9601526577701407
sun_jupiter_5d,api_default,23,0.71875,0.3895263671875,0.9999994531783142,0.9858781335771497,0.9898349935371316,0.9898354431529945,0.9898071917971909,0.9441356329897731,0.9997872833014779,0.984551404444508
sun_jupiter_5d,api_default,24,0.75,0.2763671875,0.9999994531783142,0.9858781335771497,0.9899598550936481,0.9899603031321065,0.989919141165994,0.9425260389557623,0.9997872833014779,0.9895607284102337
sun_jupiter_5d,api_default,25,0.78125,0.5460205078125,0.9999994531783142,0.9858781335771497,0.9900784957485583,0.9900789418783158,0.990024121090124,0.9879339401907288,0.9997872833014779,0.9682943664977298
sun_jupiter_5d,api_default,26,0.8125,0.632080078125,0.9999994531783142,0.9858781335771497,0.9901832439813845,0.9901836895887645,0.9901147227174251,0.9999997672587384,0.9997872833014779,0.9777001983242574
sun_jupiter_5d,api_default,27,0.84375,0.5462646484375,0.9999994531783142,0.9858781335771497,0.9902690545906704,0.990269503552239,0.9901861607025171,0.99234546214437,0.9997872833014779,0.973250965965807
sun_jupiter_5d,api_default,28,0.875,0.51513671875,0.9999994531783142,0.9858781335771497,0.9903336382799904,0.9903340898600035,0.9902364272269808,0.9088280188828627,0.9997872833014779,0.9853816868781159
sun_jupiter_5d,api_default,29,0.90625,0.6090087890625,0.9999994531783142,0.9858781335771497,0.9903775535945111,0.990378012571837,0.9902664045071894,0.8909445211975786,0.9997872833014779,0.988645692233689
sun_jupiter_5d,api_default,30,0.9375,0.499755859375,0.9999994531783142,0.9858781335771497,0.9904042118646342,0.9904046793567605,0.9902798461270728,0.9994209923636118,0.9997872833014779,0.9510366612167764
sun_jupiter_5d,api_default,31,0.96875,0.4490966796875,0.9999994531783142,0.9858781335771497,0.9904177236548921,0.9904181993667095,0.9902835801249246,0.9087417964671926,0.9997872833014779,0.9764246959080857
sun_jupiter_5d,benchmark_original,0,0.0,0.369140625,0.9999994531783142,0.9858781335771497,0.9968726055741833,0.9968730272575412,0.9968425893860912,0.9988390748788757,0.997746494117232,0.9752252305405489
sun_jupiter_5d,benchmark_original,1,0.03125,0.46490478515625,0.9999994531783142,0.9858781335771497,0.996877510618926,0.9968779277681977,0.996847453004704,0.9288587393506995,0.997746494117232,0.9732048444277639
sun_jupiter_5d,benchmark_original,2,0.0625,0.5606689453125,0.9999994531783142,0.9858781335771497,0.9968919608811052,0.9968923664071988,0.9968628152468084,0.9985654885436654,0.997746494117232,0.9873395084046359
sun_jupiter_5d,benchmark_original,3,0.09375,0.57244873046875,0.9999994531783142,0.9858781335771497,0.9969151745182029,0.9969155657415064,0.9968878173873096,0.9663908201270741,0.997746494117232,0.9866601709867631
sun_jupiter_5d,benchmark_original,4,0.125,0.607666015625,0.9999994531783142,0.9858781335771497,0.9969460044415742,0.9969463801709386,0.9969209480347058,0.9591519308825769,0.997746494117232,0.9719966532513452
sun_jupiter_5d,benchmark_original,5,0.15625,0.52960205078125,0.9999994531783142,0.9858781335771497,0.9969832331574533,0.996983594909932,0.9969603976059939,0.9576247573057616,0.997746494117232,0.9935904323026961
sun_jupiter_5d,benchmark_original,6,0.1875,0.4027099609375,0.9999994531783142,0.9858781335771497,0.9970254429777801,0.9970257886225059,0.9970044574617233,0.9791072112234739,0.997746494117232,0.9935568353938332
sun_jupiter_5d,benchmark_original,7,0.21875,0.65081787109375,0.9999994531783142,0.9858781335771497,0.9970710612130773,0.9970713874741236,0.9970513989194483,0.9761085837113053,0.997746494117232,0.9768969323609598
sun_jupiter_5d,benchmark_original,8,0.25,0.44189453125,0.9999994531783142,0.9858781335771497,0.9971184589794235,0.9971187637418633,0.9970995710699967,0.9617181331040126,0.997746494117232,0.9947957840549913
sun_jupiter_5d,benchmark_original,9,0.28125,0.45367431640625,0.9999994531783142,0.9858781335771497,0.9971659167769207,0.9971661984584724,0.997147504936514,0.9995018789167102,0.997746494117232,0.9788071794123103
sun_jupiter_5d,benchmark_original,10,0.3125,0.4537353515625,0.9999994531783142,0.9858781335771497,0.9972116853292519,0.9972119472838048,0.9971938555512436,0.9997338639961028,0.997746494117232,0.9785572913897204
sun_jupiter_5d,benchmark_original,11,0.34375,0.72528076171875,0.9999994531783142,0.9858781335771497,0.9972540495989121,0.9972542972599594,0.9972375170378215,0.9704305048716193,0.997746494117232,0.9801671379719149
sun_jupiter_5d,benchmark_original,12,0.375,0.709716796875,0.9999994531783142,0.9858781335771497,0.9972913896848614,0.9972916266524982,0.9972764323616413,0.9976261248171175,0.997746494117232,0.9896009444914847
sun_jupiter_5d,benchmark_original,13,0.40625,0.52032470703125,0.9999994531783142,0.9858781335771497,0.9973222361447276,0.9973224657699334,0.9973086941457341,0.948718005255415,0.997746494117232,0.9674069005344488
sun_jupiter_5d,benchmark_original,14,0.4375,0.5203857421875,0.9999994531783142,0.9858781335771497,0.9973453088707046,0.9973455343508598,0.99733282323132,0.9467284081158394,0.997746494117232,0.9684468242573349
sun_jupiter_5d,benchmark_original,15,0.46875,0.43060302734375,0.9999994531783142,0.9858781335771497,0.9973595787348707,0.9973598035398239,0.9973477302723908,0.966340878498806,0.997746494117232,0.9641662297433029
sun_jupiter_5d,benchmark_original,16,0.5,0.5810546875,0.9999994531783142,0.9858781335771497,0.9973644065762927,0.9973646317106273,0.9973527696765049,0.997543831744938,0.997746494117232,0.9862213728817257
sun_jupiter_5d,benchmark_original,17,0.53125,0.31353759765625,0.9999994531783142,0.9858781335771497,0.9973595787348706,0.9973598036170382,0.997347727357865,0.9806699881835204,0.997746494117232,0.9941983360420127
sun_jupiter_5d,benchmark_original,18,0.5625,0.4815673828125,0.9999994531783142,0.9858781335771497,0.9973453088707046,0.997345534452885,0.9973328173988466,0.9953211853801929,0.997746494117232,0.9789780105697112
sun_jupiter_5d,benchmark_original,19,0.59375,0.38592529296875,0.9999994531783142,0.9858781335771497,0.9973222361447276,0.9973224657796608,0.9973086853922833,0.9369737925265015,0.997746494117232,0.9747154876928968
sun_jupiter_5d,benchmark_original,20,0.625,0.665283203125,0.9999994531783142,0.9858781335771497,0.997291389684861,0.9972916266885491,0.9972764206844579,0.9829421529113614,0.997746494117232,0.9852893769055435
sun_jupiter_5d,benchmark_original,21,0.65625,0.33135986328125,0.9999994531783142,0.9858781335771497,0.997254049598912,0.9972542971974333,0.9972375024362312,0.9677059680585042,0.997746494117232,0.9658427398925471
sun_jupiter_5d,benchmark_original,22,0.6875,0.4681396484375,0.9999994531783142,0.9858781335771497,0.9972116853292518,0.9972119472655201,0.9971938380190941,0.9999709809166556,0.997746494117232,0.9824694468272883
sun_jupiter_5d,benchmark_original,23,0.71875,0.73577880859375,0.9999994531783142,0.9858781335771497,0.9971659167769207,0.9971661984935529,0.9971475113625681,0.9722584583251083,0.997746494117232,0.9862824598410422
sun_jupiter_5d,benchmark_original,24,0.75,0.28271484375,0.9999994531783142,0.9858781335771497,0.9971184589794235,0.997118763861526,0.9970995768044232,0.9912053430892113,0.997746494117232,0.9884056513851301
sun_jupiter_5d,benchmark_original,25,0.78125,0.41363525390625,0.9999994531783142,0.9858781335771497,0.9970710612130773,0.99707138759948,0.9970514038233206,0.9583968459826051,0.997746494117232,0.9809697050339219
sun_jupiter_5d,benchmark_original,26,0.8125,0.6871337890625,0.9999994531783142,0.9858781335771497,0.99702544297778,0.9970257885763514,0.9970044615835755,0.9938304402902695,0.997746494117232,0.9950897551217669
sun_jupiter_5d,benchmark_original,27,0.84375,0.29656982421875,0.9999994531783142,0.9858781335771497,0.9969832331574536,0.9969835948864474,0.9969604009840839,0.9847457701649349,0.997746494117232,0.9683408945219063
sun_jupiter_5d,benchmark_original,28,0.875,0.359130859375,0.9999994531783142,0.9858781335771497,0.9969460044415744,0.9969463802129334,0.9969209506994011,0.9494608477539705,0.997746494117232,0.9880907600506511
sun_jupiter_5d,benchmark_original,29,0.90625,0.52130126953125,0.9999994531783142,0.9858781335771497,0.9969151745182031,0.9969155656531918,0.9968878193645194,0.9165972209110491,0.997746494117232,0.9856055344338366
sun_jupiter_5d,benchmark_original,30,0.9375,0.6678466796875,0.9999994531783142,0.9858781335771497,0.9968919608811052,0.9968923664183579,0.9968628165532791,0.9873195191648579,0.997746494117232,0.984483333780154
sun_jupiter_5d,benchmark_original,31,0.96875,0.60345458984375,0.9999994531783142,0.9858781335771497,0.9968775106189264,0.9968779277625605,0.996847453654682,0.9963579664186966,0.997746494117232,0.9865993265072996
sun_jupiter_5d,benchmark_fine,0,0.0,0.4454345703125,0.9999994531783142,0.9858781335771497,0.999987960796562,0.9999879404273646,0.9999878320145721,0.9966192510988693,0.9994637175568503,0.9964643261530672
sun_jupiter_5d,benchmark_fine,1,0.03125,0.4870643615722656,0.9999994531783142,0.9858781335771497,0.9999879608061961,0.9999879412631532,0.9999878318533757,0.9977821162342743,0.9994637175568503,0.9943873074282557
sun_jupiter_5d,benchmark_fine,2,0.0625,0.7169265747070312,0.9999994531783142,0.9858781335771497,0.9999879608344613,0.9999879412287397,0.9999878314939871,0.9997652814834177,0.9994637175568503,0.9941768903737191
sun_jupiter_5d,benchmark_fine,3,0.09375,0.6504020690917969,0.9999994531783142,0.9858781335771497,0.9999879608806315,0.9999879410811516,0.9999878307014533,0.9933191777791972,0.9994637175568503,0.998959095701255
sun_jupiter_5d,benchmark_fine,4,0.125,0.3131256103515625,0.9999994531783142,0.9858781335771497,0.9999879609432355,0.9999879412992304,0.999987829505193,0.9999830896664382,0.9994637175568503,0.9988424651156842
sun_jupiter_5d,benchmark_fine,5,0.15625,0.4242134094238281,0.9999994531783142,0.9858781335771497,0.9999879610197392,0.9999879415856092,0.999987828057945,0.9950078059521266,0.9994637175568503,0.9987644507190641
sun_jupiter_5d,benchmark_fine,6,0.1875,0.7159652709960938,0.9999994531783142,0.9858781335771497,0.9999879611075817,0.9999879421493321,0.9999878266527182,0.9958194859256706,0.9994637175568503,0.9994135690942997
sun_jupiter_5d,benchmark_fine,7,0.21875,0.5736351013183594,0.9999994531783142,0.9858781335771497,0.9999879612028736,0.9999879416278226,0.9999878250130642,0.9955873504700189,0.9994637175568503,0.9989432532821141
sun_jupiter_5d,benchmark_fine,8,0.25,0.478790283203125,0.9999994531783142,0.9858781335771497,0.9999879613017735,0.9999879422046252,0.9999878230663871,0.9998020264403039,0.9994637175568503,0.9985583727769415
sun_jupiter_5d,benchmark_fine,9,0.28125,0.2579689025878906,0.9999994531783142,0.9858781335771497,0.9999879614006357,0.999987943139202,0.999987820903327,0.9999857644078041,0.9994637175568503,0.9992895676370187
sun_jupiter_5d,benchmark_fine,10,0.3125,0.49625396728515625,0.9999994531783142,0.9858781335771497,0.9999879614953259,0.9999879429483466,0.9999878189187407,0.9996586744674743,0.9994637175568503,0.9987879495838016
sun_jupiter_5d,benchmark_fine,11,0.34375,0.4244804382324219,0.9999994531783142,0.9858781335771497,0.999987961582136,0.9999879433997128,0.999987817421997,0.9941658055484034,0.9994637175568503,0.9990631560542382
sun_jupiter_5d,benchmark_fine,12,0.375,0.7048797607421875,0.9999994531783142,0.9858781335771497,0.99998796165692,0.9999879442022082,0.9999878164874989,0.9993762809622838,0.9994637175568503,0.9990978213788713
sun_jupiter_5d,benchmark_fine,13,0.40625,0.3533210754394531,0.9999994531783142,0.9858781335771497,0.9999879617170747,0.9999879444028398,0.9999878159181195,0.9943800290037357,0.9994637175568503,0.999089512073686
sun_jupiter_5d,benchmark_fine,14,0.4375,0.49651336669921875,0.9999994531783142,0.9858781335771497,0.999987961761099,0.9999879435869954,0.9999878153622539,0.9999493386221406,0.9994637175568503,0.9994516287739554
sun_jupiter_5d,benchmark_fine,15,0.46875,0.3597984313964844,0.9999994531783142,0.9858781335771497,0.9999879617880039,0.9999879437583503,0.9999878149572272,0.998691395884228,0.9994637175568503,0.9940973328650095
sun_jupiter_5d,benchmark_fine,16,0.5,0.45465087890625,0.9999994531783142,0.9858781335771497,0.9999879617971835,0.9999879444708578,0.9999878148031618,0.9929841298099585,0.9994637175568503,0.999424406355078
sun_jupiter_5d,benchmark_fine,17,0.53125,0.7473793029785156,0.9999994531783142,0.9858781335771497,0.9999879617880035,0.9999879437510123,0.9999878149759375,0.9999772117509614,0.9994637175568503,0.9994511288043668
sun_jupiter_5d,benchmark_fine,18,0.5625,0.37128448486328125,0.9999994531783142,0.9858781335771497,0.9999879617610995,0.9999879436384758,0.999987815435624,0.9965415761521003,0.9994637175568503,0.9990465244024401
sun_jupiter_5d,benchmark_fine,19,0.59375,0.6887931823730469,0.9999994531783142,0.9858781335771497,0.9999879617170757,0.9999879444750632,0.9999878160461089,0.9996809673751608,0.9994637175568503,0.9984515505786785
sun_jupiter_5d,benchmark_fine,20,0.625,0.4718780517578125,0.9999994531783142,0.9858781335771497,0.99998796165692,0.9999879442624336,0.9999878166716267,0.9988290665560032,0.9994637175568503,0.9989978918912403
sun_jupiter_5d,benchmark_fine,21,0.65625,0.7067451477050781,0.9999994531783142,0.9858781335771497,0.999987961582136,0.9999879434626248,0.9999878176770275,0.9988842183746657,0.9994637175568503,0.9991109649180911
sun_jupiter_5d,benchmark_fine,22,0.6875,0.7371444702148438,0.9999994531783142,0.9858781335771497,0.9999879614953257,0.9999879429704782,0.9999878192275523,0.9976942019479751,0.9994637175568503,0.9990210693191264
sun_jupiter_5d,benchmark_fine,23,0.71875,0.6414451599121094,0.9999994531783142,0.9858781335771497,0.9999879614006354,0.9999879431509259,0.9999878212565777,0.9928169406526638,0.9994637175568503,0.9983975419509441
sun_jupiter_5d,benchmark_fine,24,0.75,0.315521240234375,0.9999994531783142,0.9858781335771497,0.9999879613017739,0.9999879422862431,0.9999878233730779,0.9968399328398384,0.9994637175568503,0.9991004400509679
sun_jupiter_5d,benchmark_fine,25,0.78125,0.3189430236816406,0.9999994531783142,0.9858781335771497,0.9999879612028739,0.9999879417417302,0.999987825224227,0.9981529195254233,0.9994637175568503,0.999293257844564
sun_jupiter_5d,benchmark_fine,26,0.8125,0.6078872680664062,0.9999994531783142,0.9858781335771497,0.9999879611075814,0.9999879422450358,0.9999878268216023,0.9959313238702397,0.9994637175568503,0.9992957961712163
sun_jupiter_5d,benchmark_fine,27,0.84375,0.6467094421386719,0.9999994531783142,0.9858781335771497,0.999987961019739,0.9999879416771004,0.9999878282476984,0.9939407426798019,0.9994637175568503,0.9990537273160703
sun_jupiter_5d,benchmark_fine,28,0.875,0.2595062255859375,0.9999994531783142,0.9858781335771497,0.9999879609432362,0.9999879413329132,0.9999878297037944,0.999237874124079,0.9994637175568503,0.9993960279738097
sun_jupiter_5d,benchmark_fine,29,0.90625,0.4999885559082031,0.9999994531783142,0.9858781335771497,0.9999879608806311,0.9999879410787167,0.999987830868354,0.9999986990469596,0.9994637175568503,0.9994504113837877
sun_jupiter_5d,benchmark_fine,30,0.9375,0.44591522216796875,0.9999994531783142,0.9858781335771497,0.9999879608344616,0.9999879412289571,0.9999878316255119,0.9952967802040203,0.9994637175568503,0.999392827906694
sun_jupiter_5d,benchmark_fine,31,0.96875,0.7177696228027344,0.9999994531783142,0.9858781335771497,0.9999879608061965,0.9999879412581805,0.9999878319192833,0.9955059435744684,0.9994637175568503,0.9994516703143751
sun_subneptune_10d,api_default,0,0.0,0.58984375,0.9991792879296207,0.9886868522906087,0.9835870924740858,0.9843944745511725,0.9884498736593523,0.8808575012290365,0.9970914575666282,0.978373854420001
sun_subneptune_10d,api_default,1,0.03125,0.68170166015625,0.9991792879296207,0.9886868522906087,0.9836681739040809,0.9844756016496718,0.9884961152571118,0.9029693876091162,0.9970914575666282,0.9659695056862411
sun_subneptune_10d,api_default,2,0.0625,0.5391845703125,0.9991792879296207,0.9886868522906087,0.9839112216377145,0.9847187826262436,0.98863258449545,0.9962824234305167,0.9970914575666282,0.9781460121723092
sun_subneptune_10d,api_default,3,0.09375,0.41424560546875,0.9991792879296207,0.9886868522906087,0.984315644019742,0.9851233408392224,0.9888417737967803,0.9350699156768827,0.9970914575666282,0.9629690189394652
sun_subneptune_10d,api_default,4,0.125,0.289306640625,0.9991792879296207,0.9886868522906087,0.9848804481585339,0.9856879921886161,0.9890967950489711,0.9125526840111303,0.9970914575666282,0.980665936941792
sun_subneptune_10d,api_default,5,0.15625,0.58038330078125,0.9991792879296207,0.9886868522906087,0.9856042290529139,0.9864106874544786,0.9893814775215438,0.8992786308106904,0.9970914575666282,0.9560176512111905
sun_subneptune_10d,api_default,6,0.1875,0.4945068359375,0.9991792879296207,0.9886868522906087,0.9864851529011078,0.987288439285897,0.9896852165387663,0.9880449876100529,0.9970914575666282,0.9795072387917483
sun_subneptune_10d,api_default,7,0.21875,0.59417724609375,0.9991792879296207,0.9886868522906087,0.9875207888620052,0.9883169954469574,0.9900009005276612,0.913343868599399,0.9970914575666282,0.9850674930240368
sun_subneptune_10d,api_default,8,0.25,0.45361328125,0.9991792879296207,0.9886868522906087,0.9886981402250739,0.989481130123625,0.9903247164175842,0.8981132093068851,0.9970914575666282,0.9856447072777493
sun_subneptune_10d,api_default,9,0.28125,0.44000244140625,0.9991792879296207,0.9886868522906087,0.989973222444504,0.9907357097347611,0.9906535131333334,0.9270428026103017,0.9970914575666282,0.9825651068078922
sun_subneptune_10d,api_default,10,0.3125,0.6666259765625,0.9991792879296207,0.9886868522906087,0.9912751522897034,0.9920112075472397,0.9909715242793709,0.9381151904000704,0.9970914575666282,0.9886372469047572
sun_subneptune_10d,api_default,11,0.34375,0.65887451171875,0.9991792879296207,0.9886868522906087,0.9925129803325597,0.9932213894463405,0.9912633755639587,0.9541875745139334,0.9970914575666282,0.9844287842143455
sun_subneptune_10d,api_default,12,0.375,0.594482421875,0.9991792879296207,0.9886868522906087,0.9935983846715599,0.9942841344941872,0.991517418177705,0.8913202042555639,0.9970914575666282,0.9865708015648731
sun_subneptune_10d,api_default,13,0.40625,0.40509033203125,0.9991792879296207,0.9886868522906087,0.9944704231076003,0.9951425373526214,0.9917245275366057,0.8965979687990288,0.9970914575666282,0.9783602737359736
sun_subneptune_10d,api_default,14,0.4375,0.7489013671875,0.9991792879296207,0.9886868522906087,0.9950948120431372,0.9957626394905382,0.9918775285718127,0.953654362286397,0.9970914575666282,0.9901712161537006
sun_subneptune_10d,api_default,15,0.46875,0.46380615234375,0.9991792879296207,0.9886868522906087,0.9954643403536529,0.9961334458923932,0.9919713561212896,0.8939885538653196,0.9970914575666282,0.9822529285451848
sun_subneptune_10d,api_default,16,0.5,0.2626953125,0.9991792879296207,0.9886868522906087,0.99558625584999,0.9962566203898682,0.9920030121065878,0.9907390676121853,0.9970914575666282,0.991881010187794
sun_subneptune_10d,api_default,17,0.53125,0.40338134765625,0.9991792879296207,0.9886868522906087,0.9954643403536523,0.996133447300066,0.9919713548202242,0.993420659433161,0.9970914575666282,0.977256001627186
sun_subneptune_10d,api_default,18,0.5625,0.4288330078125,0.9991792879296207,0.9886868522906087,0.9950948120431369,0.9957626402217379,0.991877525954618,0.9334752412694547,0.9970914575666282,0.9526333453955919
sun_subneptune_10d,api_default,19,0.59375,0.25115966796875,0.9991792879296207,0.9886868522906087,0.9944704231075997,0.9951425377216637,0.9917245235684785,0.9572818702148691,0.9970914575666282,0.9902352907487042
sun_subneptune_10d,api_default,20,0.625,0.569580078125,0.9991792879296207,0.9886868522906087,0.9935983846715597,0.9942841364112026,0.9915174128058047,0.93541867714434,0.9970914575666282,0.991055484037059
sun_subneptune_10d,api_default,21,0.65625,0.54815673828125,0.9991792879296207,0.9886868522906087,0.9925129803325597,0.993221389180771,0.9912633687201001,0.9954679330983499,0.9970914575666282,0.9694387884914725
sun_subneptune_10d,api_default,22,0.6875,0.4017333984375,0.9991792879296207,0.9886868522906087,0.9912751522897026,0.9920112070851858,0.9909715158766624,0.9623826060689867,0.9970914575666282,0.980053227051219
sun_subneptune_10d,api_default,23,0.71875,0.73577880859375,0.9991792879296207,0.9886868522906087,0.9899732224445034,0.9907357096591402,0.9906535030619661,0.903311179591569,0.9970914575666282,0.9732826592502211
sun_subneptune_10d,api_default,24,0.75,0.67724609375,0.9991792879296207,0.9886868522906087,0.9886981402250735,0.9894811292770417,0.9903247601728496,0.8826460806421662,0.9970914575666282,0.9821198572742091
sun_subneptune_10d,api_default,25,0.78125,0.61090087890625,0.9991792879296207,0.9886868522906087,0.9875207888620043,0.9883169953417579,0.9900009391660735,0.9837671343996206,0.9970914575666282,0.9574103827491613
sun_subneptune_10d,api_default,26,0.8125,0.7496337890625,0.9991792879296207,0.9886868522906087,0.9864851529011075,0.9872884396220664,0.9896852499358603,0.905057794464531,0.9970914575666282,0.9671901118454166
sun_subneptune_10d,api_default,27,0.84375,0.65789794921875,0.9991792879296207,0.9886868522906087,0.9856042290529136,0.986410687620571,0.9893815055586067,0.8878422912279269,0.9970914575666282,0.9763388496555462
sun_subneptune_10d,api_default,28,0.875,0.484130859375,0.9991792879296207,0.9886868522906087,0.9848804481585339,0.9856879923452923,0.9890968176179998,0.955001840080486,0.9970914575666282,0.9661912079158478
sun_subneptune_10d,api_default,29,0.90625,0.30841064453125,0.9991792879296207,0.9886868522906087,0.9843156440197416,0.9851233409051527,0.988841790803406,0.8898705178080516,0.9970914575666282,0.9455789468280182
sun_subneptune_10d,api_default,30,0.9375,0.3983154296875,0.9991792879296207,0.9886868522906087,0.9839112216377148,0.9847187826231504,0.9886325958641137,0.9979659018913677,0.9970914575666282,0.9734584840668042
sun_subneptune_10d,api_default,31,0.96875,0.36322021484375,0.9991792879296207,0.9886868522906087,0.9836681739040807,0.9844756015019397,0.9884961209474498,0.9790584950535245,0.9970914575666282,0.9661614148170825
sun_subneptune_10d,benchmark_original,0,0.0,0.5703125,0.9991792879296207,0.9886868522906087,0.9835870924740858,0.9843944745511725,0.9884498736593523,0.9895164928640584,0.9998399295283349,0.9713013214926953
sun_subneptune_10d,benchmark_original,1,0.03125,0.52349853515625,0.9991792879296207,0.9886868522906087,0.9836681739040809,0.9844756016496718,0.9884961152571118,0.9994091526451899,0.9998399295283349,0.9742587599368294
sun_subneptune_10d,benchmark_original,2,0.0625,0.5665283203125,0.9991792879296207,0.9886868522906087,0.9839112216377145,0.9847187826262436,0.98863258449545,0.9839809174898603,0.9998399295283349,0.9745266198024426
sun_subneptune_10d,benchmark_original,3,0.09375,0.47869873046875,0.9991792879296207,0.9886868522906087,0.984315644019742,0.9851233408392224,0.9888417737967803,0.9552855768335424,0.9998399295283349,0.9822323389640937
sun_subneptune_10d,benchmark_original,4,0.125,0.445556640625,0.9991792879296207,0.9886868522906087,0.9848804481585339,0.9856879921886161,0.9890967950489711,0.9289923690733427,0.9998399295283349,0.9676321638626689
sun_subneptune_10d,benchmark_original,5,0.15625,0.29522705078125,0.9991792879296207,0.9886868522906087,0.9856042290529139,0.9864106874544786,0.9893814775215438,0.986462641624641,0.9998399295283349,0.9645854432432271
sun_subneptune_10d,benchmark_original,6,0.1875,0.2777099609375,0.9991792879296207,0.9886868522906087,0.9864851529011078,0.987288439285897,0.9896852165387663,0.9525835617112398,0.9998399295283349,0.9768962547124151
sun_subneptune_10d,benchmark_original,7,0.21875,0.43206787109375,0.9991792879296207,0.9886868522906087,0.9875207888620052,0.9883169954469574,0.9900009005276612,0.9872943977572932,0.9998399295283349,0.9815057979932764
sun_subneptune_10d,benchmark_original,8,0.25,0.59814453125,0.9991792879296207,0.9886868522906087,0.9886981402250739,0.989481130123625,0.9903247164175842,0.9246245534726263,0.9998399295283349,0.9455679297334406
sun_subneptune_10d,benchmark_original,9,0.28125,0.69781494140625,0.9991792879296207,0.9886868522906087,0.989973222444504,0.9907357097347611,0.9906535131333334,0.9959154258735369,0.9998399295283349,0.9890411603877789
sun_subneptune_10d,benchmark_original,10,0.3125,0.2818603515625,0.9991792879296207,0.9886868522906087,0.9912751522897034,0.9920112075472397,0.9909715242793709,0.9249559194273299,0.9998399295283349,0.9870119419435234
sun_subneptune_10d,benchmark_original,11,0.34375,0.27606201171875,0.9991792879296207,0.9886868522906087,0.9925129803325597,0.9932213894463405,0.9912633755639587,0.9972165531657177,0.9998399295283349,0.9570041110664129
sun_subneptune_10d,benchmark_original,12,0.375,0.455810546875,0.9991792879296207,0.9886868522906087,0.9935983846715599,0.9942841344941872,0.991517418177705,0.9574242120605264,0.9998399295283349,0.9672701300304607
sun_subneptune_10d,benchmark_original,13,0.40625,0.36016845703125,0.9991792879296207,0.9886868522906087,0.9944704231076003,0.9951425373526214,0.9917245275366057,0.9991194928572522,0.9998399295283349,0.9871794788812432
sun_subneptune_10d,benchmark_original,14,0.4375,0.3836669921875,0.9991792879296207,0.9886868522906087,0.9950948120431372,0.9957626394905382,0.9918775285718127,0.9241723216374157,0.9998399295283349,0.9866339005743309
sun_subneptune_10d,benchmark_original,15,0.46875,0.37982177734375,0.9991792879296207,0.9886868522906087,0.9954643403536529,0.9961334458923932,0.9919713561212896,0.9340396694081124,0.9998399295283349,0.9886169777579823
sun_subneptune_10d,benchmark_original,16,0.5,0.6572265625,0.9991792879296207,0.9886868522906087,0.99558625584999,0.9962566203898682,0.9920030121065878,0.9743666917219077,0.9998399295283349,0.9903424166484943
sun_subneptune_10d,benchmark_original,17,0.53125,0.41510009765625,0.9991792879296207,0.9886868522906087,0.9954643403536523,0.996133447300066,0.9919713548202242,0.9908900008353294,0.9998399295283349,0.9874679163124067
sun_subneptune_10d,benchmark_original,18,0.5625,0.5382080078125,0.9991792879296207,0.9886868522906087,0.9950948120431369,0.9957626402217379,0.991877525954618,0.9999785393909651,0.9998399295283349,0.9756826452560767
sun_subneptune_10d,benchmark_original,19,0.59375,0.66717529296875,0.9991792879296207,0.9886868522906087,0.9944704231075997,0.9951425377216637,0.9917245235684785,0.9286803049188895,0.9998399295283349,0.9895516421220718
sun_subneptune_10d,benchmark_original,20,0.625,0.264892578125,0.9991792879296207,0.9886868522906087,0.9935983846715597,0.9942841364112026,0.9915174128058047,0.990656686531566,0.9998399295283349,0.9812402502454739
sun_subneptune_10d,benchmark_original,21,0.65625,0.70440673828125,0.9991792879296207,0.9886868522906087,0.9925129803325597,0.993221389180771,0.9912633687201001,0.969602324668732,0.9998399295283349,0.9777540195187564
sun_subneptune_10d,benchmark_original,22,0.6875,0.4212646484375,0.9991792879296207,0.9886868522906087,0.9912751522897026,0.9920112070851858,0.9909715158766624,0.9909251972162235,0.9998399295283349,0.9835906684855691
sun_subneptune_10d,benchmark_original,23,0.71875,0.70452880859375,0.9991792879296207,0.9886868522906087,0.9899732224445034,0.9907357096591402,0.9906535030619661,0.9758221868350243,0.9998399295283349,0.9737591488889493
sun_subneptune_10d,benchmark_original,24,0.75,0.56591796875,0.9991792879296207,0.9886868522906087,0.9886981402250735,0.9894811292770417,0.9903247601728496,0.9520732860199187,0.9998399295283349,0.9711200728117224
sun_subneptune_10d,benchmark_original,25,0.78125,0.40386962890625,0.9991792879296207,0.9886868522906087,0.9875207888620043,0.9883169953417579,0.9900009391660735,0.998322214040923,0.9998399295283349,0.9873292116595264
sun_subneptune_10d,benchmark_original,26,0.8125,0.5640869140625,0.9991792879296207,0.9886868522906087,0.9864851529011075,0.9872884396220664,0.9896852499358603,0.9939065254995321,0.9998399295283349,0.9782428304576026
sun_subneptune_10d,benchmark_original,27,0.84375,0.74383544921875,0.9991792879296207,0.9886868522906087,0.9856042290529136,0.986410687620571,0.9893815055586067,0.9354067866999525,0.9998399295283349,0.9631743704241863
sun_subneptune_10d,benchmark_original,28,0.875,0.513427734375,0.9991792879296207,0.9886868522906087,0.9848804481585339,0.9856879923452923,0.9890968176179998,0.9857369563712983,0.9998399295283349,0.9823246226390894
sun_subneptune_10d,benchmark_original,29,0.90625,0.51739501953125,0.9991792879296207,0.9886868522906087,0.9843156440197416,0.9851233409051527,0.988841790803406,0.9704687243112722,0.9998399295283349,0.9824503617332809
sun_subneptune_10d,benchmark_original,30,0.9375,0.4256591796875,0.9991792879296207,0.9886868522906087,0.9839112216377148,0.9847187826231504,0.9886325958641137,0.9987050170046821,0.9998399295283349,0.9705146882145009
sun_subneptune_10d,benchmark_original,31,0.96875,0.38861083984375,0.9991792879296207,0.9886868522906087,0.9836681739040807,0.9844756015019397,0.9884961209474498,0.9931086695842704,0.9998399295283349,0.9800178494650453
sun_subneptune_10d,benchmark_fine,0,0.0,0.6231689453125,0.9991792879296207,0.9886868522906087,0.9999251582951214,0.9999498106747294,0.9999535869003927,0.9962799044385213,0.9998113725379725,0.9972344947252637
sun_subneptune_10d,benchmark_fine,1,0.03125,0.6481971740722656,0.9991792879296207,0.9886868522906087,0.9999251580964749,0.9999499420292498,0.9999535893214305,0.9998643656925312,0.9998113725379725,0.9972651740663947
sun_subneptune_10d,benchmark_fine,2,0.0625,0.5677566528320312,0.9991792879296207,0.9886868522906087,0.9999251574296625,0.9999499250600502,0.999953593702439,0.999245717679704,0.9998113725379725,0.9989004422415267
sun_subneptune_10d,benchmark_fine,3,0.09375,0.3796501159667969,0.9991792879296207,0.9886868522906087,0.9999251560963754,0.9999499451086273,0.9999535990024776,0.9943318452173029,0.9998113725379725,0.997372780658202
sun_subneptune_10d,benchmark_fine,4,0.125,0.4110260009765625,0.9991792879296207,0.9886868522906087,0.999925153868447,0.9999498132103638,0.9999536052562941,0.9997171260634744,0.9998113725379725,0.998438087781406
sun_subneptune_10d,benchmark_fine,5,0.15625,0.7165718078613281,0.9991792879296207,0.9886868522906087,0.9999251505789329,0.9999499385529184,0.9999536124565095,0.9998369562741898,0.9998113725379725,0.9988607990955166
sun_subneptune_10d,benchmark_fine,6,0.1875,0.7430648803710938,0.9991792879296207,0.9886868522906087,0.9999251462650077,0.9999499149969225,0.9999536200765845,0.9994772641649792,0.9998113725379725,0.9932780098648543
sun_subneptune_10d,benchmark_fine,7,0.21875,0.4695091247558594,0.9991792879296207,0.9886868522906087,0.9999251410666014,0.9999499295556405,0.999953628144418,0.9999310906129026,0.9998113725379725,0.9969878489905953
sun_subneptune_10d,benchmark_fine,8,0.25,0.585479736328125,0.9991792879296207,0.9886868522906087,0.9999251352380096,0.9999497958902624,0.9999536358998475,0.9981173305209734,0.9998113725379725,0.9912533984402047
sun_subneptune_10d,benchmark_fine,9,0.28125,0.3420753479003906,0.9991792879296207,0.9886868522906087,0.9999251290967306,0.9999499219799821,0.9999536429445135,0.9983122791285787,0.9998113725379725,0.9985995344109676
sun_subneptune_10d,benchmark_fine,10,0.3125,0.5798721313476562,0.9991792879296207,0.9886868522906087,0.9999251229823142,0.9999498959686368,0.9999536478316011,0.9996287987258058,0.9998113725379725,0.9973049781542506
sun_subneptune_10d,benchmark_fine,11,0.34375,0.4989433288574219,0.9991792879296207,0.9886868522906087,0.9999251172186153,0.9999499119814789,0.9999536509001581,0.9970498499173717,0.9998113725379725,0.9936391940697983
sun_subneptune_10d,benchmark_fine,12,0.375,0.5354461669921875,0.9991792879296207,0.9886868522906087,0.9999251120945821,0.9999497792772631,0.9999536525896402,0.9962650933657945,0.9998113725379725,0.9955366982830386
sun_subneptune_10d,benchmark_fine,13,0.40625,0.3109626770019531,0.9991792879296207,0.9886868522906087,0.9999251078445925,0.9999499079012144,0.9999536524198761,0.9995886597798802,0.9998113725379725,0.9961646280326948
sun_subneptune_10d,benchmark_fine,14,0.4375,0.6364059448242188,0.9991792879296207,0.9886868522906087,0.9999251046657882,0.9999498887438178,0.9999536517422294,0.9995121877350196,0.9998113725379725,0.9956449819065615
sun_subneptune_10d,benchmark_fine,15,0.46875,0.6519126892089844,0.9991792879296207,0.9886868522906087,0.9999251027040084,0.9999499081283217,0.9999536507323143,0.9994320830264855,0.9998113725379725,0.9946535786993016
sun_subneptune_10d,benchmark_fine,16,0.5,0.36358642578125,0.9991792879296207,0.9886868522906087,0.9999251020435143,0.9999497784677892,0.9999536505358143,0.9994512110153874,0.9998113725379725,0.9955299143202533
sun_subneptune_10d,benchmark_fine,17,0.53125,0.7387123107910156,0.9991792879296207,0.9886868522906087,0.9999251027040081,0.9999499077373886,0.9999536506911632,0.9965821744394779,0.9998113725379725,0.9989411834948763
sun_subneptune_10d,benchmark_fine,18,0.5625,0.7172317504882812,0.9991792879296207,0.9886868522906087,0.999925104665788,0.9999498892979235,0.9999536516920251,0.9990026829471459,0.9998113725379725,0.9945864137685575
sun_subneptune_10d,benchmark_fine,19,0.59375,0.6717033386230469,0.9991792879296207,0.9886868522906087,0.9999251078445925,0.9999499079246461,0.9999536523455735,0.9994826472766443,0.9998113725379725,0.9969528044414242
sun_subneptune_10d,benchmark_fine,20,0.625,0.5731964111328125,0.9991792879296207,0.9886868522906087,0.9999251120945821,0.9999497796262016,0.9999536524712063,0.9989335025048466,0.9998113725379725,0.9958779443950029
sun_subneptune_10d,benchmark_fine,21,0.65625,0.7332344055175781,0.9991792879296207,0.9886868522906087,0.9999251172186149,0.999949912993727,0.999953650756124,0.9967488883168049,0.9998113725379725,0.9959872070652419
sun_subneptune_10d,benchmark_fine,22,0.6875,0.7483749389648438,0.9991792879296207,0.9886868522906087,0.9999251229823144,0.9999498963886029,0.9999536478174278,0.9999722243669332,0.9998113725379725,0.9988258825803974
sun_subneptune_10d,benchmark_fine,23,0.71875,0.7211570739746094,0.9991792879296207,0.9886868522906087,0.9999251290967304,0.9999499242545428,0.9999536431441411,0.9996904324403685,0.9998113725379725,0.9963955922473338
sun_subneptune_10d,benchmark_fine,24,0.75,0.409637451171875,0.9991792879296207,0.9886868522906087,0.9999251352380095,0.9999498004792008,0.9999536364259621,0.996492735946535,0.9998113725379725,0.9940381460518454
sun_subneptune_10d,benchmark_fine,25,0.78125,0.3580055236816406,0.9991792879296207,0.9886868522906087,0.999925141066602,0.9999499366234224,0.9999536289376811,0.9981626910169176,0.9998113725379725,0.9957681747606922
sun_subneptune_10d,benchmark_fine,26,0.8125,0.7415542602539062,0.9991792879296207,0.9886868522906087,0.9999251462650075,0.9999499243358156,0.9999536207705129,0.9941255040275487,0.9998113725379725,0.9988812112669418
sun_subneptune_10d,benchmark_fine,27,0.84375,0.2734184265136719,0.9991792879296207,0.9886868522906087,0.9999251505789329,0.9999499457752141,0.9999536130419882,0.9999065819520172,0.9998113725379725,0.997240719935328
sun_subneptune_10d,benchmark_fine,28,0.875,0.5599212646484375,0.9991792879296207,0.9886868522906087,0.9999251538684473,0.9999498170291544,0.9999536057109842,0.998598519825203,0.9998113725379725,0.9984378271032053
sun_subneptune_10d,benchmark_fine,29,0.90625,0.4905891418457031,0.9991792879296207,0.9886868522906087,0.9999251560963751,0.9999499450745666,0.9999535993318027,0.9991981954553695,0.9998113725379725,0.9967030627940747
sun_subneptune_10d,benchmark_fine,30,0.9375,0.35143280029296875,0.9991792879296207,0.9886868522906087,0.9999251574296619,0.9999499216312798,0.9999535939291487,0.9942846109845443,0.9998113725379725,0.9980930873144639
sun_subneptune_10d,benchmark_fine,31,0.96875,0.5037803649902344,0.9991792879296207,0.9886868522906087,0.9999251580964745,0.9999499401641323,0.9999535894410765,0.9968408538118838,0.9998113725379725,0.9950401511710185
sun_earth_10d,api_default,0,0.0,0.447265625,0.9987268320716993,0.9888003064061207,0.9942792959021038,0.9954284075940741,0.9920657714617197,0.9872834444183778,0.9997206421744224,0.974376131906892
sun_earth_10d,api_default,1,0.03125,0.26763916015625,0.9987268320716993,0.9888003064061207,0.9942754348164257,0.995418276098343,0.9920642459155281,0.9997338794696433,0.9997206421744224,0.988029185318778
sun_earth_10d,api_default,2,0.0625,0.5626220703125,0.9987268320716993,0.9888003064061207,0.9942614130483778,0.995385392906752,0.9920597457885174,0.9991166169102969,0.9997206421744224,0.9866503535688674
sun_earth_10d,api_default,3,0.09375,0.29315185546875,0.9987268320716993,0.9888003064061207,0.9942259066457887,0.9953203462866154,0.99205317288787,0.9345130129886562,0.9997206421744224,0.9793970805818236
sun_earth_10d,api_default,4,0.125,0.451416015625,0.9987268320716993,0.9888003064061207,0.994091244761685,0.9951542230791707,0.9920457183897702,0.9222886765321099,0.9997206421744224,0.9904937627479865
sun_earth_10d,api_default,5,0.15625,0.43975830078125,0.9987268320716993,0.9888003064061207,0.9937087984015214,0.9947588547813121,0.99203928981974,0.8930458500881827,0.9997206421744224,0.9933373836751374
sun_earth_10d,api_default,6,0.1875,0.7171630859375,0.9987268320716993,0.9888003064061207,0.9930107424500441,0.9940782693896965,0.9920365074389941,0.9674414192638042,0.9997206421744224,0.9915128067726972
sun_earth_10d,api_default,7,0.21875,0.66839599609375,0.9987268320716993,0.9888003064061207,0.9920467538181318,0.993156867877067,0.9920413336909386,0.9459237766053631,0.9997206421744224,0.989884562715511
sun_earth_10d,api_default,8,0.25,0.36767578125,0.9987268320716993,0.9888003064061207,0.9909604894970353,0.9921196907965915,0.9920592463956472,0.9553348035588478,0.9997206421744224,0.99022901086575
sun_earth_10d,api_default,9,0.28125,0.32672119140625,0.9987268320716993,0.9888003064061207,0.989928750593196,0.9911266672524417,0.9920873616914634,0.9751139215674526,0.9997206421744224,0.9781238106687833
sun_earth_10d,api_default,10,0.3125,0.7349853515625,0.9987268320716993,0.9888003064061207,0.9890273048940974,0.9902507164526807,0.9921205069081249,0.8851663554778942,0.9997206421744224,0.9888511967728084
sun_earth_10d,api_default,11,0.34375,0.25848388671875,0.9987268320716993,0.9888003064061207,0.9882614780487503,0.9895007174124073,0.9921549668072184,0.950098704478618,0.9997206421744224,0.9814696638136263
sun_earth_10d,api_default,12,0.375,0.531982421875,0.9987268320716993,0.9888003064061207,0.9876328209898999,0.988881173483735,0.9921884607471375,0.9346486635249875,0.9997206421744224,0.9539280037221305
sun_earth_10d,api_default,13,0.40625,0.57891845703125,0.9987268320716993,0.9888003064061207,0.9871425854785854,0.9883957039571816,0.9922201588244898,0.9981592140750719,0.9997206421744224,0.9809396789022666
sun_earth_10d,api_default,14,0.4375,0.5770263671875,0.9987268320716993,0.9888003064061207,0.9867917350873915,0.9880470078217289,0.9922503311697901,0.9178525054442779,0.9997206421744224,0.9595899834688472
sun_earth_10d,api_default,15,0.46875,0.47357177734375,0.9987268320716993,0.9888003064061207,0.9865809529709432,0.9878370327220278,0.9922769040029559,0.9398116216896124,0.9997206421744224,0.975583449872379
sun_earth_10d,api_default,16,0.5,0.2626953125,0.9987268320716993,0.9888003064061207,0.9865106470478148,0.9877669126682447,0.9922876205223806,0.9970460663409904,0.9997206421744224,0.9763016987845659
sun_earth_10d,api_default,17,0.53125,0.29205322265625,0.9987268320716993,0.9888003064061207,0.9865809529709428,0.9878370326519159,0.9922768988828119,0.9036336903821628,0.9997206421744224,0.9589534188412177
sun_earth_10d,api_default,18,0.5625,0.6358642578125,0.9987268320716993,0.9888003064061207,0.9867917350873908,0.9880470076565183,0.9922503209602181,0.9313330192709596,0.9997206421744224,0.9217576270036729
sun_earth_10d,api_default,19,0.59375,0.25897216796875,0.9987268320716993,0.9888003064061207,0.9871425854785849,0.9883957037809867,0.9922201435914565,0.9219447591642977,0.9997206421744224,0.9869111768189023
sun_earth_10d,api_default,20,0.625,0.694580078125,0.9987268320716993,0.9888003064061207,0.9876328209898995,0.9888811733488544,0.9921884405720185,0.9934912056829067,0.9997206421744224,0.9729268282357977
sun_earth_10d,api_default,21,0.65625,0.57940673828125,0.9987268320716993,0.9888003064061207,0.9882614780487495,0.9895007171657009,0.9921549417798866,0.9994586866809877,0.9997206421744224,0.9792224781727481
sun_earth_10d,api_default,22,0.6875,0.2962646484375,0.9987268320716993,0.9888003064061207,0.9890273048940968,0.9902507163243913,0.9921204771241691,0.9735885103839764,0.9997206421744224,0.9659628384389989
sun_earth_10d,api_default,23,0.71875,0.71234130859375,0.9987268320716993,0.9888003064061207,0.9899287505931955,0.9911266679096805,0.9920873272496091,0.9328397626126268,0.9997206421744224,0.9642027236021394
sun_earth_10d,api_default,24,0.75,0.70849609375,0.9987268320716993,0.9888003064061207,0.9909604894970349,0.9921196922469602,0.9920592073994495,0.9370416403022993,0.9997206421744224,0.9559398493698272
sun_earth_10d,api_default,25,0.78125,0.69097900390625,0.9987268320716993,0.9888003064061207,0.9920467538181317,0.9931568674061806,0.9920412902438618,0.9024413880692185,0.9997206421744224,0.9502886245590452
sun_earth_10d,api_default,26,0.8125,0.3511962890625,0.9987268320716993,0.9888003064061207,0.9930107424500444,0.9940782694952298,0.9920365135376974,0.9598153971828852,0.9997206421744224,0.9623443637625871
sun_earth_10d,api_default,27,0.84375,0.28680419921875,0.9987268320716993,0.9888003064061207,0.9937087984015212,0.9947588532405661,0.9920392947483458,0.8896811316648888,0.9997206421744224,0.9796686880508281
sun_earth_10d,api_default,28,0.875,0.681396484375,0.9987268320716993,0.9888003064061207,0.9940912447616844,0.9951542240919307,0.9920457222330101,0.9495361663901545,0.9997206421744224,0.9842250480714457
sun_earth_10d,api_default,29,0.90625,0.68341064453125,0.9987268320716993,0.9888003064061207,0.9942259066457882,0.9953203455122669,0.9920531757134587,0.9977392679767145,0.9997206421744224,0.9840187581532497
sun_earth_10d,api_default,30,0.9375,0.4666748046875,0.9987268320716993,0.9888003064061207,0.9942614130483773,0.9953853920305359,0.9920597476455869,0.9187524783867785,0.9997206421744224,0.9797214461058258
sun_earth_10d,api_default,31,0.96875,0.41595458984375,0.9987268320716993,0.9888003064061207,0.9942754348164257,0.9954182751576938,0.9920642468364796,0.9920023718750841,0.9997206421744224,0.9924054782681805
sun_earth_10d,benchmark_original,0,0.0,0.267578125,0.9987268320716993,0.9888003064061207,0.9942792959021038,0.9954284075940741,0.9920657714617197,0.9735001825518227,0.9974824123189268,0.9683683630545844
sun_earth_10d,benchmark_original,1,0.03125,0.27349853515625,0.9987268320716993,0.9888003064061207,0.9942754348164257,0.995418276098343,0.9920642459155281,0.9774719118522006,0.9974824123189268,0.9909964399915006
sun_earth_10d,benchmark_original,2,0.0625,0.3790283203125,0.9987268320716993,0.9888003064061207,0.9942614130483778,0.995385392906752,0.9920597457885174,0.9316467743305812,0.9974824123189268,0.959905706709969
sun_earth_10d,benchmark_original,3,0.09375,0.74627685546875,0.9987268320716993,0.9888003064061207,0.9942259066457887,0.9953203462866154,0.99205317288787,0.9974068985831844,0.9974824123189268,0.9873125058132493
sun_earth_10d,benchmark_original,4,0.125,0.720947265625,0.9987268320716993,0.9888003064061207,0.994091244761685,0.9951542230791707,0.9920457183897702,0.9975580677536361,0.9974824123189268,0.9922721559086697
sun_earth_10d,benchmark_original,5,0.15625,0.55889892578125,0.9987268320716993,0.9888003064061207,0.9937087984015214,0.9947588547813121,0.99203928981974,0.9571041009252054,0.9974824123189268,0.9782475467518141
sun_earth_10d,benchmark_original,6,0.1875,0.6409912109375,0.9987268320716993,0.9888003064061207,0.9930107424500441,0.9940782693896965,0.9920365074389941,0.9504427430121841,0.9974824123189268,0.9840719836404194
sun_earth_10d,benchmark_original,7,0.21875,0.73870849609375,0.9987268320716993,0.9888003064061207,0.9920467538181318,0.993156867877067,0.9920413336909386,0.9809622351382538,0.9974824123189268,0.9870196949202636
sun_earth_10d,benchmark_original,8,0.25,0.61767578125,0.9987268320716993,0.9888003064061207,0.9909604894970353,0.9921196907965915,0.9920592463956472,0.9738528342160543,0.9974824123189268,0.9863915203855671
sun_earth_10d,benchmark_original,9,0.28125,0.40289306640625,0.9987268320716993,0.9888003064061207,0.989928750593196,0.9911266672524417,0.9920873616914634,0.9703785819848182,0.9974824123189268,0.9811842544557626
sun_earth_10d,benchmark_original,10,0.3125,0.5396728515625,0.9987268320716993,0.9888003064061207,0.9890273048940974,0.9902507164526807,0.9921205069081249,0.9676968891967106,0.9974824123189268,0.9627486348540165
sun_earth_10d,benchmark_original,11,0.34375,0.62957763671875,0.9987268320716993,0.9888003064061207,0.9882614780487503,0.9895007174124073,0.9921549668072184,0.9545759340016313,0.9974824123189268,0.962983655219906
sun_earth_10d,benchmark_original,12,0.375,0.289794921875,0.9987268320716993,0.9888003064061207,0.9876328209898999,0.988881173483735,0.9921884607471375,0.9733232428748774,0.9974824123189268,0.9676547335455966
sun_earth_10d,benchmark_original,13,0.40625,0.33868408203125,0.9987268320716993,0.9888003064061207,0.9871425854785854,0.9883957039571816,0.9922201588244898,0.9592840521348533,0.9974824123189268,0.9821800057130142
sun_earth_10d,benchmark_original,14,0.4375,0.5809326171875,0.9987268320716993,0.9888003064061207,0.9867917350873915,0.9880470078217289,0.9922503311697901,0.9797634918395474,0.9974824123189268,0.9767679209457306
sun_earth_10d,benchmark_original,15,0.46875,0.54583740234375,0.9987268320716993,0.9888003064061207,0.9865809529709432,0.9878370327220278,0.9922769040029559,0.9892809305134093,0.9974824123189268,0.9743428274101531
sun_earth_10d,benchmark_original,16,0.5,0.3681640625,0.9987268320716993,0.9888003064061207,0.9865106470478148,0.9877669126682447,0.9922876205223806,0.9911253793545015,0.9974824123189268,0.9829188642689843
sun_earth_10d,benchmark_original,17,0.53125,0.44830322265625,0.9987268320716993,0.9888003064061207,0.9865809529709428,0.9878370326519159,0.9922768988828119,0.953937873437363,0.9974824123189268,0.9831659183621987
sun_earth_10d,benchmark_original,18,0.5625,0.6807861328125,0.9987268320716993,0.9888003064061207,0.9867917350873908,0.9880470076565183,0.9922503209602181,0.9961154577466944,0.9974824123189268,0.9687604986790993
sun_earth_10d,benchmark_original,19,0.59375,0.67303466796875,0.9987268320716993,0.9888003064061207,0.9871425854785849,0.9883957037809867,0.9922201435914565,0.9845934418254562,0.9974824123189268,0.9755490943595649
sun_earth_10d,benchmark_original,20,0.625,0.522705078125,0.9987268320716993,0.9888003064061207,0.9876328209898995,0.9888811733488544,0.9921884405720185,0.9371184708911005,0.9974824123189268,0.9737612280721235
sun_earth_10d,benchmark_original,21,0.65625,0.61260986328125,0.9987268320716993,0.9888003064061207,0.9882614780487495,0.9895007171657009,0.9921549417798866,0.9331128447290737,0.9974824123189268,0.9812767605619762
sun_earth_10d,benchmark_original,22,0.6875,0.4114990234375,0.9987268320716993,0.9888003064061207,0.9890273048940968,0.9902507163243913,0.9921204771241691,0.949572434861226,0.9974824123189268,0.9834407126482508
sun_earth_10d,benchmark_original,23,0.71875,0.31585693359375,0.9987268320716993,0.9888003064061207,0.9899287505931955,0.9911266679096805,0.9920873272496091,0.9985280926393846,0.9974824123189268,0.9871747253964408
sun_earth_10d,benchmark_original,24,0.75,0.33740234375,0.9987268320716993,0.9888003064061207,0.9909604894970349,0.9921196922469602,0.9920592073994495,0.9664449530579576,0.9974824123189268,0.9729292836500696
sun_earth_10d,benchmark_original,25,0.78125,0.69293212890625,0.9987268320716993,0.9888003064061207,0.9920467538181317,0.9931568674061806,0.9920412902438618,0.9982439469143924,0.9974824123189268,0.9864521087976701
sun_earth_10d,benchmark_original,26,0.8125,0.6324462890625,0.9987268320716993,0.9888003064061207,0.9930107424500444,0.9940782694952298,0.9920365135376974,0.9682687024343806,0.9974824123189268,0.986645162315383
sun_earth_10d,benchmark_original,27,0.84375,0.67156982421875,0.9987268320716993,0.9888003064061207,0.9937087984015212,0.9947588532405661,0.9920392947483458,0.9941382177487186,0.9974824123189268,0.9584630798227542
sun_earth_10d,benchmark_original,28,0.875,0.679443359375,0.9987268320716993,0.9888003064061207,0.9940912447616844,0.9951542240919307,0.9920457222330101,0.9852417692567267,0.9974824123189268,0.989883474168473
sun_earth_10d,benchmark_original,29,0.90625,0.32012939453125,0.9987268320716993,0.9888003064061207,0.9942259066457882,0.9953203455122669,0.9920531757134587,0.9961326088166981,0.9974824123189268,0.9841558406644589
sun_earth_10d,benchmark_original,30,0.9375,0.3709716796875,0.9987268320716993,0.9888003064061207,0.9942614130483773,0.9953853920305359,0.9920597476455869,0.9316468644717787,0.9974824123189268,0.969875844294876
sun_earth_10d,benchmark_original,31,0.96875,0.51361083984375,0.9987268320716993,0.9888003064061207,0.9942754348164257,0.9954182751576938,0.9920642468364796,0.9674574071415061,0.9974824123189268,0.9855988158892892
sun_earth_10d,benchmark_fine,0,0.0,0.3515625,0.9987268320716993,0.9888003064061207,0.9999148659038489,0.9999618444698454,0.9999634891008601,0.9999040589370297,0.9994329423912218,0.9979192629429484
sun_earth_10d,benchmark_fine,1,0.03125,0.3531532287597656,0.9987268320716993,0.9888003064061207,0.9999148629492395,0.9999618883352603,0.9999634892489961,0.9971601296329569,0.9994329423912218,0.9936366751979888
sun_earth_10d,benchmark_fine,2,0.0625,0.5670242309570312,0.9987268320716993,0.9888003064061207,0.9999148541965582,0.9999620374347874,0.9999634899975203,0.9984199957899843,0.9994329423912218,0.9981214755050287
sun_earth_10d,benchmark_fine,3,0.09375,0.4146842956542969,0.9987268320716993,0.9888003064061207,0.9999148391567431,0.9999619908062928,0.9999634914837928,0.9953393824656682,0.9994329423912218,0.9963769427963416
sun_earth_10d,benchmark_fine,4,0.125,0.4308013916015625,0.9987268320716993,0.9888003064061207,0.9999148173091846,0.9999618450482771,0.9999634939831414,0.9994415680467443,0.9994329423912218,0.9980948958775021
sun_earth_10d,benchmark_fine,5,0.15625,0.4165229797363281,0.9987268320716993,0.9888003064061207,0.9999147881875067,0.999961831090361,0.9999634977416486,0.9985136586710156,0.9994329423912218,0.9980803199348461
sun_earth_10d,benchmark_fine,6,0.1875,0.38234710693359375,0.9987268320716993,0.9888003064061207,0.9999147535899363,0.9999619215182111,0.9999635021348052,0.9999890507636819,0.9994329423912218,0.9979854427923375
sun_earth_10d,benchmark_fine,7,0.21875,0.4469261169433594,0.9987268320716993,0.9888003064061207,0.9999147158769888,0.9999619660639355,0.9999635071710011,0.9996152321003257,0.9994329423912218,0.9951990508860143
sun_earth_10d,benchmark_fine,8,0.25,0.348541259765625,0.9987268320716993,0.9888003064061207,0.9999146780807195,0.9999618602922135,0.9999635129723616,0.9996690565383589,0.9994329423912218,0.9971299779531911
sun_earth_10d,benchmark_fine,9,0.28125,0.4901466369628906,0.9987268320716993,0.9888003064061207,0.9999146425275599,0.9999617995547062,0.9999635199283625,0.9998520756374893,0.9994329423912218,0.9980860972276143
sun_earth_10d,benchmark_fine,10,0.3125,0.31143951416015625,0.9987268320716993,0.9888003064061207,0.9999146106317834,0.9999618307205601,0.9999635266903414,0.9999817462008679,0.9994329423912218,0.9952381350019475
sun_earth_10d,benchmark_fine,11,0.34375,0.3772392272949219,0.9987268320716993,0.9888003064061207,0.9999145834017439,0.9999620316407593,0.9999635321384548,0.9999438664503797,0.9994329423912218,0.9953819436164154
sun_earth_10d,benchmark_fine,12,0.375,0.6007537841796875,0.9987268320716993,0.9888003064061207,0.9999145606975361,0.9999620207185486,0.9999635366142481,0.9957418947879357,0.9994329423912218,0.9953660282174324
sun_earth_10d,benchmark_fine,13,0.40625,0.6147956848144531,0.9987268320716993,0.9888003064061207,0.9999145422286849,0.9999618316348302,0.9999635401664445,0.9992541467014008,0.9994329423912218,0.991125371420066
sun_earth_10d,benchmark_fine,14,0.4375,0.7391891479492188,0.9987268320716993,0.9888003064061207,0.9999145276747468,0.9999618167394441,0.9999635424598049,0.9989656862050419,0.9994329423912218,0.996666482262723
sun_earth_10d,benchmark_fine,15,0.46875,0.4266929626464844,0.9987268320716993,0.9888003064061207,0.9999145179500569,0.999961892807827,0.9999635435220482,0.9994250219570039,0.9994329423912218,0.9953269208908772
sun_earth_10d,benchmark_fine,16,0.5,0.48236083984375,0.9987268320716993,0.9888003064061207,0.9999145143578262,0.999961961860311,0.9999635439473896,0.9977920099334662,0.9994329423912218,0.9980342292583829
sun_earth_10d,benchmark_fine,17,0.53125,0.3643226623535156,0.9987268320716993,0.9888003064061207,0.9999145179500569,0.9999618951907758,0.999963543435389,0.9953755303817047,0.9994329423912218,0.9940253369535416
sun_earth_10d,benchmark_fine,18,0.5625,0.37311553955078125,0.9987268320716993,0.9888003064061207,0.9999145276747471,0.9999618199985756,0.9999635422153466,0.9999666823690111,0.9994329423912218,0.9976075605025891
sun_earth_10d,benchmark_fine,19,0.59375,0.6754875183105469,0.9987268320716993,0.9888003064061207,0.9999145422286846,0.9999618359121042,0.999963539798327,0.998794955299435,0.9994329423912218,0.9950193385411089
sun_earth_10d,benchmark_fine,20,0.625,0.3688507080078125,0.9987268320716993,0.9888003064061207,0.9999145606975364,0.9999620255975968,0.999963536427508,0.9997726924269468,0.9994329423912218,0.995145134500379
sun_earth_10d,benchmark_fine,21,0.65625,0.6636543273925781,0.9987268320716993,0.9888003064061207,0.9999145834017439,0.9999620341746255,0.9999635321947589,0.9986454824387699,0.9994329423912218,0.9979371006539024
sun_earth_10d,benchmark_fine,22,0.6875,0.7266464233398438,0.9987268320716993,0.9888003064061207,0.9999146106317834,0.999961832069007,0.9999635269352279,0.999985863256444,0.9994329423912218,0.997331864426164
sun_earth_10d,benchmark_fine,23,0.71875,0.7344627380371094,0.9987268320716993,0.9888003064061207,0.9999146425275599,0.9999617991318361,0.9999635202534382,0.9973685436187109,0.9994329423912218,0.994884470137795
sun_earth_10d,benchmark_fine,24,0.75,0.453582763671875,0.9987268320716993,0.9888003064061207,0.9999146780807195,0.9999618578884762,0.9999635132651432,0.9978060942500501,0.9994329423912218,0.9974451487015401
sun_earth_10d,benchmark_fine,25,0.78125,0.2795143127441406,0.9987268320716993,0.9888003064061207,0.9999147158769891,0.999961962792289,0.9999635074446741,0.9999793944579796,0.9994329423912218,0.9939045438608087
sun_earth_10d,benchmark_fine,26,0.8125,0.42844390869140625,0.9987268320716993,0.9888003064061207,0.9999147535899366,0.9999619188355551,0.9999635023965419,0.9997014977410508,0.9994329423912218,0.9976732789643393
sun_earth_10d,benchmark_fine,27,0.84375,0.6845512390136719,0.9987268320716993,0.9888003064061207,0.9999147881875067,0.9999618290693314,0.9999634979359487,0.9999093225195832,0.9994329423912218,0.9980091128934843
sun_earth_10d,benchmark_fine,28,0.875,0.6190032958984375,0.9987268320716993,0.9888003064061207,0.9999148173091843,0.9999618437793553,0.9999634941005042,0.9983663007671867,0.9994329423912218,0.996823466689552
sun_earth_10d,benchmark_fine,29,0.90625,0.2950325012207031,0.9987268320716993,0.9888003064061207,0.9999148391567428,0.9999619905362118,0.9999634916061889,0.999913852486821,0.9994329423912218,0.997592218023956
sun_earth_10d,benchmark_fine,30,0.9375,0.47301483154296875,0.9987268320716993,0.9888003064061207,0.9999148541965579,0.9999620373647309,0.9999634900897798,0.9988516261902788,0.9994329423912218,0.9976163919578678
sun_earth_10d,benchmark_fine,31,0.96875,0.4404258728027344,0.9987268320716993,0.9888003064061207,0.9999148629492393,0.999961888177129,0.9999634892658024,0.9957592955658033,0.9994329423912218,0.9966203682722404
sun_earth_10d_b08,api_default,0,0.0,0.54296875,0.9988716796221485,0.9899140538169188,0.9710074215356034,0.9720997306311475,0.9806595809103009,0.9329904459565475,0.999262748449585,0.9615061315285355
sun_earth_10d_b08,api_default,1,0.03125,0.55279541015625,0.9988716796221485,0.9899140538169188,0.9711299839648161,0.9722223604034357,0.9807197404122313,0.9520052366398543,0.999262748449585,0.9590820041322259
sun_earth_10d_b08,api_default,2,0.0625,0.3555908203125,0.9988716796221485,0.9899140538169188,0.9714971946181801,0.9725897665607381,0.9808979419963858,0.9411772575761284,0.999262748449585,0.9367251690244052
sun_earth_10d_b08,api_default,3,0.09375,0.55487060546875,0.9988716796221485,0.9899140538169188,0.9721076165248198,0.9732004933666947,0.981186748222752,0.9943429073839526,0.999262748449585,0.9684405523104561
sun_earth_10d_b08,api_default,4,0.125,0.650634765625,0.9988716796221485,0.9899140538169188,0.9729588306537064,0.9740520913943185,0.9815567077764596,0.8948776772249141,0.999262748449585,0.9721681632011204
sun_earth_10d_b08,api_default,5,0.15625,0.31280517578125,0.9988716796221485,0.9899140538169188,0.9740473979008358,0.975141071188919,0.9819219805599824,0.890932440088957,0.999262748449585,0.9631332548190937
sun_earth_10d_b08,api_default,6,0.1875,0.7249755859375,0.9988716796221485,0.9899140538169188,0.9753688016923029,0.9764628413149214,0.9822261739815955,0.9670078775448772,0.999262748449585,0.9571711426641512
sun_earth_10d_b08,api_default,7,0.21875,0.32855224609375,0.9988716796221485,0.9899140538169188,0.9769173653503049,0.9780116211896177,0.9824405584386201,0.9657263736483253,0.999262748449585,0.9570084642977149
sun_earth_10d_b08,api_default,8,0.25,0.54931640625,0.9988716796221485,0.9899140538169188,0.9786861308063696,0.979780206322619,0.9825526318544243,0.9634340966891642,0.999262748449585,0.9554300834318823
sun_earth_10d_b08,api_default,9,0.28125,0.70758056640625,0.9988716796221485,0.9899140538169188,0.9806666603697589,0.9817593956670614,0.982563115357629,0.9043060910987535,0.999262748449585,0.9667448014832419
sun_earth_10d_b08,api_default,10,0.3125,0.5084228515625,0.9988716796221485,0.9899140538169188,0.9828486414947022,0.9839368148275817,0.9824843172115931,0.9997748692127939,0.999262748449585,0.9684594671803198
sun_earth_10d_b08,api_default,11,0.34375,0.59442138671875,0.9988716796221485,0.9899140538169188,0.9852189668053397,0.9862954473069998,0.9823388438231194,0.9571745471996776,0.999262748449585,0.9409743422125492
sun_earth_10d_b08,api_default,12,0.375,0.668701171875,0.9988716796221485,0.9899140538169188,0.9877600121024893,0.988811680607748,0.982158450174714,0.9977741355043174,0.999262748449585,0.9825829242291482
sun_earth_10d_b08,api_default,13,0.40625,0.71173095703125,0.9988716796221485,0.9899140538169188,0.9904184950189413,0.9914246407119242,0.9819826601165156,0.9769019087550103,0.999262748449585,0.9752532746417989
sun_earth_10d_b08,api_default,14,0.4375,0.2547607421875,0.9988716796221485,0.9899140538169188,0.9929178087253053,0.9938589299491136,0.9818564513802018,0.9811000232715669,0.999262748449585,0.9381653338587016
sun_earth_10d_b08,api_default,15,0.46875,0.25286865234375,0.9988716796221485,0.9899140538169188,0.9947754322658993,0.9956526549072124,0.9817908734130247,0.9183674138375696,0.999262748449585,0.980165443475574
sun_earth_10d_b08,api_default,16,0.5,0.6591796875,0.9988716796221485,0.9899140538169188,0.9954852666416121,0.9963342242749229,0.9817703136404852,0.9942190469938612,0.999262748449585,0.9704162779487115
sun_earth_10d_b08,api_default,17,0.53125,0.36822509765625,0.9988716796221485,0.9899140538169188,0.9947754322658996,0.9956526563348775,0.981790873051715,0.993657370254449,0.999262748449585,0.9828293985408344
sun_earth_10d_b08,api_default,18,0.5625,0.4542236328125,0.9988716796221485,0.9899140538169188,0.992917808725305,0.9938589293847703,0.9818564505920716,0.9781129710141712,0.999262748449585,0.9550926162196531
sun_earth_10d_b08,api_default,19,0.59375,0.37420654296875,0.9988716796221485,0.9899140538169188,0.9904184950189399,0.9914246411726418,0.981982729967477,0.9919326533603106,0.999262748449585,0.980786112231543
sun_earth_10d_b08,api_default,20,0.625,0.716064453125,0.9988716796221485,0.9899140538169188,0.9877600121024885,0.988811681449654,0.9821585156675371,0.9931500517257603,0.999262748449585,0.9691784753822341
sun_earth_10d_b08,api_default,21,0.65625,0.37237548828125,0.9988716796221485,0.9899140538169188,0.9852189668053394,0.9862954481021068,0.9823389047823322,0.9353422328103632,0.999262748449585,0.9521669054707371
sun_earth_10d_b08,api_default,22,0.6875,0.6302490234375,0.9988716796221485,0.9899140538169188,0.9828486414947014,0.983936814666807,0.9824843734530025,0.9004432937166388,0.999262748449585,0.974001599420963
sun_earth_10d_b08,api_default,23,0.71875,0.65179443359375,0.9988716796221485,0.9899140538169188,0.9806666603697586,0.9817593956911703,0.9825631666909693,0.9917595333132389,0.999262748449585,0.9476891934572071
sun_earth_10d_b08,api_default,24,0.75,0.52099609375,0.9988716796221485,0.9899140538169188,0.9786861308063692,0.979780206159325,0.9825526780869186,0.9696461698144371,0.999262748449585,0.9603492971850308
sun_earth_10d_b08,api_default,25,0.78125,0.74566650390625,0.9988716796221485,0.9899140538169188,0.976917365350305,0.9780116213707997,0.9824405993779256,0.9986266709899152,0.999262748449585,0.957810093183983
sun_earth_10d_b08,api_default,26,0.8125,0.6871337890625,0.9988716796221485,0.9899140538169188,0.9753688016923029,0.976462841446086,0.9822262094405589,0.8974317143940642,0.999262748449585,0.9651227093751312
sun_earth_10d_b08,api_default,27,0.84375,0.58758544921875,0.9988716796221485,0.9899140538169188,0.9740473979008358,0.9751410713259824,0.9819220103604246,0.9441643120667713,0.999262748449585,0.9552973338581728
sun_earth_10d_b08,api_default,28,0.875,0.679443359375,0.9988716796221485,0.9899140538169188,0.9729588306537069,0.9740520914537067,0.9815567317614297,0.9850910107906489,0.999262748449585,0.9558325995471134
sun_earth_10d_b08,api_default,29,0.90625,0.64044189453125,0.9988716796221485,0.9899140538169188,0.9721076165248198,0.973200493770761,0.9811867662732217,0.8833898979043118,0.999262748449585,0.9521991286872962
sun_earth_10d_b08,api_default,30,0.9375,0.5135498046875,0.9988716796221485,0.9899140538169188,0.9714971946181795,0.9725897664183611,0.980897954054807,0.8989831983753426,0.999262748449585,0.9653664309790019
sun_earth_10d_b08,api_default,31,0.96875,0.26556396484375,0.9988716796221485,0.9899140538169188,0.9711299839648159,0.9722223604271752,0.9807197464486643,0.9145395356863295,0.999262748449585,0.9435941274151468
sun_earth_10d_b08,benchmark_original,0,0.0,0.572265625,0.9988716796221485,0.9899140538169188,0.9710074215356034,0.9720997306311475,0.9806595809103009,0.962151954152627,0.9999964561959241,0.9623446544153287
sun_earth_10d_b08,benchmark_original,1,0.03125,0.25982666015625,0.9988716796221485,0.9899140538169188,0.9711299839648161,0.9722223604034357,0.9807197404122313,0.9631444878904613,0.9999964561959241,0.9663044174313149
sun_earth_10d_b08,benchmark_original,2,0.0625,0.7071533203125,0.9988716796221485,0.9899140538169188,0.9714971946181801,0.9725897665607381,0.9808979419963858,0.9914617473445192,0.9999964561959241,0.9703558923572699
sun_earth_10d_b08,benchmark_original,3,0.09375,0.27166748046875,0.9988716796221485,0.9899140538169188,0.9721076165248198,0.9732004933666947,0.981186748222752,0.9489141331283543,0.9999964561959241,0.9653209066995356
sun_earth_10d_b08,benchmark_original,4,0.125,0.359619140625,0.9988716796221485,0.9899140538169188,0.9729588306537064,0.9740520913943185,0.9815567077764596,0.9271530879898547,0.9999964561959241,0.9503728545453592
sun_earth_10d_b08,benchmark_original,5,0.15625,0.25616455078125,0.9988716796221485,0.9899140538169188,0.9740473979008358,0.975141071188919,0.9819219805599824,0.9844118100186533,0.9999964561959241,0.9579116549221159
sun_earth_10d_b08,benchmark_original,6,0.1875,0.4261474609375,0.9988716796221485,0.9899140538169188,0.9753688016923029,0.9764628413149214,0.9822261739815955,0.9995993409735097,0.9999964561959241,0.955625177456315
sun_earth_10d_b08,benchmark_original,7,0.21875,0.32269287109375,0.9988716796221485,0.9899140538169188,0.9769173653503049,0.9780116211896177,0.9824405584386201,0.9788135478168819,0.9999964561959241,0.9751333550546977
sun_earth_10d_b08,benchmark_original,8,0.25,0.43798828125,0.9988716796221485,0.9899140538169188,0.9786861308063696,0.979780206322619,0.9825526318544243,0.979289100601168,0.9999964561959241,0.9466627484835808
sun_earth_10d_b08,benchmark_original,9,0.28125,0.56695556640625,0.9988716796221485,0.9899140538169188,0.9806666603697589,0.9817593956670614,0.982563115357629,0.983587551582412,0.9999964561959241,0.9726473117235178
sun_earth_10d_b08,benchmark_original,10,0.3125,0.7017822265625,0.9988716796221485,0.9899140538169188,0.9828486414947022,0.9839368148275817,0.9824843172115931,0.9999540043264328,0.9999964561959241,0.982408319042602
sun_earth_10d_b08,benchmark_original,11,0.34375,0.34832763671875,0.9988716796221485,0.9899140538169188,0.9852189668053397,0.9862954473069998,0.9823388438231194,0.9998888825080989,0.9999964561959241,0.9768787713785092
sun_earth_10d_b08,benchmark_original,12,0.375,0.678466796875,0.9988716796221485,0.9899140538169188,0.9877600121024893,0.988811680607748,0.982158450174714,0.9705495600272182,0.9999964561959241,0.9708715871968918
sun_earth_10d_b08,benchmark_original,13,0.40625,0.62579345703125,0.9988716796221485,0.9899140538169188,0.9904184950189413,0.9914246407119242,0.9819826601165156,0.9673203375705718,0.9999964561959241,0.9888700103122307
sun_earth_10d_b08,benchmark_original,14,0.4375,0.4832763671875,0.9988716796221485,0.9899140538169188,0.9929178087253053,0.9938589299491136,0.9818564513802018,0.9893295608307806,0.9999964561959241,0.983043993796262
sun_earth_10d_b08,benchmark_original,15,0.46875,0.29388427734375,0.9988716796221485,0.9899140538169188,0.9947754322658993,0.9956526549072124,0.9817908734130247,0.9763773136542988,0.9999964561959241,0.9887433109719276
sun_earth_10d_b08,benchmark_original,16,0.5,0.3740234375,0.9988716796221485,0.9899140538169188,0.9954852666416121,0.9963342242749229,0.9817703136404852,0.9804816573911677,0.9999964561959241,0.995161197210396
sun_earth_10d_b08,benchmark_original,17,0.53125,0.68072509765625,0.9988716796221485,0.9899140538169188,0.9947754322658996,0.9956526563348775,0.981790873051715,0.9499510331494808,0.9999964561959241,0.9853739860012756
sun_earth_10d_b08,benchmark_original,18,0.5625,0.3448486328125,0.9988716796221485,0.9899140538169188,0.992917808725305,0.9938589293847703,0.9818564505920716,0.9466449182792538,0.9999964561959241,0.9749882413974921
sun_earth_10d_b08,benchmark_original,19,0.59375,0.58514404296875,0.9988716796221485,0.9899140538169188,0.9904184950189399,0.9914246411726418,0.981982729967477,0.9309351900587357,0.9999964561959241,0.9882424597791565
sun_earth_10d_b08,benchmark_original,20,0.625,0.413330078125,0.9988716796221485,0.9899140538169188,0.9877600121024885,0.988811681449654,0.9821585156675371,0.9975760753936632,0.9999964561959241,0.9569749346057442
sun_earth_10d_b08,benchmark_original,21,0.65625,0.48370361328125,0.9988716796221485,0.9899140538169188,0.9852189668053394,0.9862954481021068,0.9823389047823322,0.9999980784888028,0.9999964561959241,0.9798962384883426
sun_earth_10d_b08,benchmark_original,22,0.6875,0.3001708984375,0.9988716796221485,0.9899140538169188,0.9828486414947014,0.983936814666807,0.9824843734530025,0.9810469073942906,0.9999964561959241,0.9730435040364382
sun_earth_10d_b08,benchmark_original,23,0.71875,0.47796630859375,0.9988716796221485,0.9899140538169188,0.9806666603697586,0.9817593956911703,0.9825631666909693,0.9706075620831628,0.9999964561959241,0.9744783793254562
sun_earth_10d_b08,benchmark_original,24,0.75,0.28662109375,0.9988716796221485,0.9899140538169188,0.9786861308063692,0.979780206159325,0.9825526780869186,0.9562779321221154,0.9999964561959241,0.9731713907061731
sun_earth_10d_b08,benchmark_original,25,0.78125,0.42926025390625,0.9988716796221485,0.9899140538169188,0.976917365350305,0.9780116213707997,0.9824405993779256,0.9736987772251913,0.9999964561959241,0.9636734689816755
sun_earth_10d_b08,benchmark_original,26,0.8125,0.4019775390625,0.9988716796221485,0.9899140538169188,0.9753688016923029,0.976462841446086,0.9822262094405589,0.9503179958793181,0.9999964561959241,0.9580712936023317
sun_earth_10d_b08,benchmark_original,27,0.84375,0.46649169921875,0.9988716796221485,0.9899140538169188,0.9740473979008358,0.9751410713259824,0.9819220103604246,0.9938744451024879,0.9999964561959241,0.9687019640675774
sun_earth_10d_b08,benchmark_original,28,0.875,0.515380859375,0.9988716796221485,0.9899140538169188,0.9729588306537069,0.9740520914537067,0.9815567317614297,0.9560150891610208,0.9999964561959241,0.9640244410380817
sun_earth_10d_b08,benchmark_original,29,0.90625,0.62872314453125,0.9988716796221485,0.9899140538169188,0.9721076165248198,0.973200493770761,0.9811867662732217,0.9929876125563343,0.9999964561959241,0.9721039244360068
sun_earth_10d_b08,benchmark_original,30,0.9375,0.2752685546875,0.9988716796221485,0.9899140538169188,0.9714971946181795,0.9725897664183611,0.980897954054807,0.98991298469861,0.9999964561959241,0.9472411322951425
sun_earth_10d_b08,benchmark_original,31,0.96875,0.26361083984375,0.9988716796221485,0.9899140538169188,0.9711299839648159,0.9722223604271752,0.9807197464486643,0.9883400142712786,0.9999964561959241,0.9552174972432125
sun_earth_10d_b08,benchmark_fine,0,0.0,0.4725341796875,0.9988716796221485,0.9899140538169188,0.9998287808271913,0.9998920743040777,0.9999022733604674,0.9978202354264869,0.9999079741213373,0.9980738662235729
sun_earth_10d_b08,benchmark_fine,1,0.03125,0.4011268615722656,0.9988716796221485,0.9899140538169188,0.9998287337068854,0.9998920015784405,0.9999022685374854,0.9990488904258578,0.9999079741213373,0.9981413602367375
sun_earth_10d_b08,benchmark_fine,2,0.0625,0.25257110595703125,0.9988716796221485,0.9899140538169188,0.9998285957415899,0.9998919646129614,0.9999022555671498,0.9994836381533807,0.9999079741213373,0.9976141665096199
sun_earth_10d_b08,benchmark_fine,3,0.09375,0.4072380065917969,0.9988716796221485,0.9899140538169188,0.9998283738992979,0.9998919889472693,0.9999022396622234,0.9952884834146453,0.9999079741213373,0.9986410290575427
sun_earth_10d_b08,benchmark_fine,4,0.125,0.6086578369140625,0.9988716796221485,0.9899140538169188,0.9998280782532208,0.9998919922556028,0.9999022227191166,0.9991567151434609,0.9999079741213373,0.9960540043480238
sun_earth_10d_b08,benchmark_fine,5,0.15625,0.7324409484863281,0.9988716796221485,0.9899140538169188,0.9998277217711933,0.9998918512611261,0.9999022046537568,0.998632789726619,0.9999079741213373,0.9981009638809333
sun_earth_10d_b08,benchmark_fine,6,0.1875,0.42971038818359375,0.9988716796221485,0.9899140538169188,0.9998273202913374,0.9998918223045775,0.9999021842900627,0.9965608635370109,0.9999079741213373,0.9929531575500165
sun_earth_10d_b08,benchmark_fine,7,0.21875,0.5893821716308594,0.9988716796221485,0.9899140538169188,0.9998268919553543,0.9998919194860065,0.9999021584359713,0.9999028421016077,0.9999079741213373,0.9986718633762375
sun_earth_10d_b08,benchmark_fine,8,0.25,0.474273681640625,0.9988716796221485,0.9899140538169188,0.9998264545301789,0.9998917230304782,0.999902125841469,0.9950590294527663,0.9999079741213373,0.9961436512620238
sun_earth_10d_b08,benchmark_fine,9,0.28125,0.7346534729003906,0.9988716796221485,0.9899140538169188,0.9998260249529913,0.9998916735963919,0.9999020882734022,0.998801207451064,0.9999079741213373,0.997729129876202
sun_earth_10d_b08,benchmark_fine,10,0.3125,0.32889556884765625,0.9988716796221485,0.9899140538169188,0.9998256187669946,0.9998916694546316,0.9999020521417075,0.9961388181063902,0.9999079741213373,0.9965343628983663
sun_earth_10d_b08,benchmark_fine,11,0.34375,0.2930107116699219,0.9988716796221485,0.9899140538169188,0.9998252500216759,0.9998916627795928,0.9999020252097366,0.9971611019132773,0.9999079741213373,0.998671686188842
sun_earth_10d_b08,benchmark_fine,12,0.375,0.2648162841796875,0.9988716796221485,0.9899140538169188,0.9998249309428928,0.9998915671596684,0.9999020044603312,0.996666478661498,0.9999079741213373,0.9985955542948719
sun_earth_10d_b08,benchmark_fine,13,0.40625,0.4008064270019531,0.9988716796221485,0.9899140538169188,0.9998246719282619,0.9998915242156028,0.9999019867037634,0.9981137681984168,0.9999079741213373,0.9931976695290945
sun_earth_10d_b08,benchmark_fine,14,0.4375,0.7263717651367188,0.9988716796221485,0.9899140538169188,0.9998244810674269,0.9998916440623167,0.9999019715271749,0.995654553892514,0.9999079741213373,0.997791250030541
sun_earth_10d_b08,benchmark_fine,15,0.46875,0.4342613220214844,0.9988716796221485,0.9899140538169188,0.9998243642382385,0.9998915340163188,0.9999019610023788,0.99714354083487,0.9999079741213373,0.9975313276374095
sun_earth_10d_b08,benchmark_fine,16,0.5,0.35772705078125,0.9988716796221485,0.9899140538169188,0.9998243249075914,0.9998914828415892,0.9999019570709099,0.9958801236877451,0.9999079741213373,0.996474922469387
sun_earth_10d_b08,benchmark_fine,17,0.53125,0.3007240295410156,0.9988716796221485,0.9899140538169188,0.9998243642382387,0.9998915318657721,0.9999019608573361,0.9972700394903865,0.9999079741213373,0.9963797008278565
sun_earth_10d_b08,benchmark_fine,18,0.5625,0.6702346801757812,0.9988716796221485,0.9899140538169188,0.9998244810674267,0.9998916400062023,0.9999019712577247,0.9999861880132053,0.9999079741213373,0.995368717215667
sun_earth_10d_b08,benchmark_fine,19,0.59375,0.7068595886230469,0.9988716796221485,0.9899140538169188,0.9998246719282619,0.9998915204396023,0.9999019862841085,0.9955757162868236,0.9999079741213373,0.9973747159441719
sun_earth_10d_b08,benchmark_fine,20,0.625,0.3974151611328125,0.9988716796221485,0.9899140538169188,0.9998249309428928,0.9998915635707883,0.9999020039014068,0.9996491384383946,0.9999079741213373,0.9943669305257109
sun_earth_10d_b08,benchmark_fine,21,0.65625,0.5506172180175781,0.9988716796221485,0.9899140538169188,0.9998252500216759,0.9998916606110143,0.9999020245175801,0.998729650660535,0.9999079741213373,0.9951718906894862
sun_earth_10d_b08,benchmark_fine,22,0.6875,0.27388763427734375,0.9988716796221485,0.9899140538169188,0.9998256187669946,0.9998916683857143,0.9999020512928881,0.9994826885767096,0.9999079741213373,0.9943004775430637
sun_earth_10d_b08,benchmark_fine,23,0.71875,0.4320945739746094,0.9988716796221485,0.9899140538169188,0.9998260249529911,0.9998916708256268,0.9999020872921073,0.9991558472059512,0.9999079741213373,0.9986063581094565
sun_earth_10d_b08,benchmark_fine,24,0.75,0.732513427734375,0.9988716796221485,0.9899140538169188,0.9998264545301785,0.9998917170180127,0.9999021247058335,0.997051440277074,0.9999079741213373,0.9986579438296402
sun_earth_10d_b08,benchmark_fine,25,0.78125,0.2885475158691406,0.9988716796221485,0.9899140538169188,0.9998268919553551,0.9998919118844404,0.9999021571591594,0.9987422255168904,0.9999079741213373,0.9943462312039225
sun_earth_10d_b08,benchmark_fine,26,0.8125,0.44919586181640625,0.9988716796221485,0.9899140538169188,0.9998273202913369,0.9998918172225703,0.9999021828580908,0.995040740874911,0.9999079741213373,0.9951096771989792
sun_earth_10d_b08,benchmark_fine,27,0.84375,0.5972709655761719,0.9988716796221485,0.9899140538169188,0.9998277217711927,0.9998918458209328,0.9999022030558727,0.9971496137830643,0.9999079741213373,0.9963085230219653
sun_earth_10d_b08,benchmark_fine,28,0.875,0.7302093505859375,0.9988716796221485,0.9899140538169188,0.9998280782532207,0.9998919827817991,0.9999022209671633,0.9977055031020972,0.9999079741213373,0.9962815786566904
sun_earth_10d_b08,benchmark_fine,29,0.90625,0.3771858215332031,0.9988716796221485,0.9899140538169188,0.9998283738992976,0.999891974993538,0.9999022382850263,0.9965514109410692,0.9999079741213373,0.9964590634433318
sun_earth_10d_b08,benchmark_fine,30,0.9375,0.7383956909179688,0.9988716796221485,0.9899140538169188,0.9998285957415899,0.9998919536905202,0.9999022550881898,0.9984541467173166,0.9999079741213373,0.9961966863404841
sun_earth_10d_b08,benchmark_fine,31,0.96875,0.2801475524902344,0.9988716796221485,0.9899140538169188,0.9998287337068854,0.999891996002995,0.9999022685109734,0.99937069710526,0.9999079741213373,0.9979833119006323
sun_earth_10d_b095,api_default,0,0.0,0.515625,0.9996982310314724,0.9887414997973586,0.948170370886221,0.9484331304350744,0.9562394717326609,0.9980436346791355,0.9003917080436523,0.8736606078207826
sun_earth_10d_b095,api_default,1,0.03125,0.70513916015625,0.9996982310314724,0.9887414997973586,0.9483914396036732,0.9486535172260573,0.9563515379112176,0.8767437721615017,0.9003917080436523,0.8480216828693584
sun_earth_10d_b095,api_default,2,0.0625,0.3790283203125,0.9996982310314724,0.9887414997973586,0.9490509009196821,0.9493108492631763,0.9566820122146961,0.9973816116479111,0.9003917080436523,0.851060723188065
sun_earth_10d_b095,api_default,3,0.09375,0.35174560546875,0.9996982310314724,0.9887414997973586,0.9501379858944825,0.9503940934506189,0.9572129329169881,0.9413402565402287,0.9003917080436523,0.8407534773134008
sun_earth_10d_b095,api_default,4,0.125,0.351806640625,0.9996982310314724,0.9887414997973586,0.9516336494557716,0.9518837310776205,0.9579111323577257,0.9306628530381251,0.9003917080436523,0.8338918136445325
sun_earth_10d_b095,api_default,5,0.15625,0.62921142578125,0.9996982310314724,0.9887414997973586,0.9534711097680193,0.953712503738823,0.9587199687324012,0.9046960548769265,0.9003917080436523,0.8741453889728562
sun_earth_10d_b095,api_default,6,0.1875,0.7132568359375,0.9996982310314724,0.9887414997973586,0.9554451615310017,0.955676242549469,0.9594586056958716,0.9862526157413672,0.9003917080436523,0.8542324431275994
sun_earth_10d_b095,api_default,7,0.21875,0.46917724609375,0.9996982310314724,0.9887414997973586,0.9572545649558145,0.9574763876589111,0.9596669037585777,0.9756191647961001,0.9003917080436523,0.8601594052280144
sun_earth_10d_b095,api_default,8,0.25,0.51611328125,0.9996982310314724,0.9887414997973586,0.9585594761077821,0.9587730427974868,0.9591285575719236,0.96444874973586,0.9003917080436523,0.8740591787968613
sun_earth_10d_b095,api_default,9,0.28125,0.32476806640625,0.9996982310314724,0.9887414997973586,0.959083241575009,0.9592905516694924,0.9578139669801085,0.9393974375145371,0.9003917080436523,0.8443692289374476
sun_earth_10d_b095,api_default,10,0.3125,0.7154541015625,0.9996982310314724,0.9887414997973586,0.9587284695929449,0.9589325845899722,0.9558117149804801,0.9967445585108912,0.9003917080436523,0.8901112842542895
sun_earth_10d_b095,api_default,11,0.34375,0.57684326171875,0.9996982310314724,0.9887414997973586,0.957550864276436,0.9577550715861386,0.9533041223139753,0.9954201329407395,0.9003917080436523,0.8816381762897406
sun_earth_10d_b095,api_default,12,0.375,0.590576171875,0.9996982310314724,0.9887414997973586,0.9557577786988454,0.9559643285842352,0.9505505349429688,0.8699892848318685,0.9003917080436523,0.842260531874572
sun_earth_10d_b095,api_default,13,0.40625,0.44415283203125,0.9996982310314724,0.9887414997973586,0.9537393071758955,0.9539480502704755,0.9478770873085405,0.9437674139189931,0.9003917080436523,0.9037528914263924
sun_earth_10d_b095,api_default,14,0.4375,0.3953857421875,0.9996982310314724,0.9887414997973586,0.9519350233673194,0.9521442742929124,0.9457009643925198,0.9919929388861272,0.9003917080436523,0.8775667659311406
sun_earth_10d_b095,api_default,15,0.46875,0.40130615234375,0.9996982310314724,0.9887414997973586,0.9507036916038009,0.950912004947468,0.9443736829584498,0.9902717186842095,0.9003917080436523,0.8695675536587719
sun_earth_10d_b095,api_default,16,0.5,0.5615234375,0.9996982310314724,0.9887414997973586,0.9502742260562547,0.95048208888128,0.9439305601656782,0.9648575568456847,0.9003917080436523,0.9155531707382754
sun_earth_10d_b095,api_default,17,0.53125,0.72564697265625,0.9996982310314724,0.9887414997973586,0.9507036916038005,0.9509120041861701,0.9443736745378435,0.8969988125922456,0.9003917080436523,0.9048338334415506
sun_earth_10d_b095,api_default,18,0.5625,0.6280517578125,0.9996982310314724,0.9887414997973586,0.9519350233673202,0.9521442760705595,0.9457009475786271,0.9625585831358814,0.9003917080436523,0.895076786524662
sun_earth_10d_b095,api_default,19,0.59375,0.47381591796875,0.9996982310314724,0.9887414997973586,0.9537393071758956,0.9539480498462966,0.9478771645763394,0.9283425659947584,0.9003917080436523,0.9112072897201561
sun_earth_10d_b095,api_default,20,0.625,0.602783203125,0.9996982310314724,0.9887414997973586,0.9557577786988445,0.9559643291835002,0.9505506077623291,0.9904303444776017,0.9003917080436523,0.9149697806108069
sun_earth_10d_b095,api_default,21,0.65625,0.66339111328125,0.9996982310314724,0.9887414997973586,0.957550864276436,0.9577550721541422,0.9533041904818041,0.990482991970716,0.9003917080436523,0.9129232073921206
sun_earth_10d_b095,api_default,22,0.6875,0.4036865234375,0.9996982310314724,0.9887414997973586,0.9587284695929442,0.9589325851082117,0.9558117782389979,0.9078539642049601,0.9003917080436523,0.8798920119300034
sun_earth_10d_b095,api_default,23,0.71875,0.45257568359375,0.9996982310314724,0.9887414997973586,0.959083241575008,0.9592905516008166,0.9578140250311132,0.9800770858176502,0.9003917080436523,0.9064631736711332
sun_earth_10d_b095,api_default,24,0.75,0.62451171875,0.9996982310314724,0.9887414997973586,0.9585594761077809,0.9587730428798859,0.9591286100886696,0.9839508326166738,0.9003917080436523,0.8965166766799998
sun_earth_10d_b095,api_default,25,0.78125,0.46051025390625,0.9996982310314724,0.9887414997973586,0.9572545649558128,0.9574763869633903,0.9596669503989371,0.9846099244087592,0.9003917080436523,0.9032742315566185
sun_earth_10d_b095,api_default,26,0.8125,0.5250244140625,0.9996982310314724,0.9887414997973586,0.9554451615310012,0.9556762437425317,0.9594586461247991,0.9986958434945227,0.9003917080436523,0.8435592546840406
sun_earth_10d_b095,api_default,27,0.84375,0.63250732421875,0.9996982310314724,0.9887414997973586,0.9534711097680201,0.9537125034586964,0.9587200026674696,0.9727435068302582,0.9003917080436523,0.875329099235142
sun_earth_10d_b095,api_default,28,0.875,0.642333984375,0.9996982310314724,0.9887414997973586,0.9516336494557718,0.9518837318705672,0.9579111596446522,0.8703575385388032,0.9003917080436523,0.8434635240383177
sun_earth_10d_b095,api_default,29,0.90625,0.69708251953125,0.9996982310314724,0.9887414997973586,0.9501379858944832,0.9503940934384253,0.9572129534603976,0.9875148753892489,0.9003917080436523,0.845576537692643
sun_earth_10d_b095,api_default,30,0.9375,0.5604248046875,0.9996982310314724,0.9887414997973586,0.9490509009196825,0.9493108489761664,0.9566820259467992,0.971873384593117,0.9003917080436523,0.825879167806297
sun_earth_10d_b095,api_default,31,0.96875,0.33978271484375,0.9996982310314724,0.9887414997973586,0.9483914396036731,0.9486535179207722,0.9563515447880843,0.975009763908514,0.9003917080436523,0.8802058522491758
sun_earth_10d_b095,benchmark_original,0,0.0,0.701171875,0.9996982310314724,0.9887414997973586,0.948170370886221,0.9484331304350744,0.9562394717326609,0.9259935676788535,0.9003917080436523,0.8552486142472523
sun_earth_10d_b095,benchmark_original,1,0.03125,0.36920166015625,0.9996982310314724,0.9887414997973586,0.9483914396036732,0.9486535172260573,0.9563515379112176,0.9824950600685688,0.9003917080436523,0.8793260508220211
sun_earth_10d_b095,benchmark_original,2,0.0625,0.3302001953125,0.9996982310314724,0.9887414997973586,0.9490509009196821,0.9493108492631763,0.9566820122146961,0.9972409535427982,0.9003917080436523,0.8827907697599626
sun_earth_10d_b095,benchmark_original,3,0.09375,0.68768310546875,0.9996982310314724,0.9887414997973586,0.9501379858944825,0.9503940934506189,0.9572129329169881,0.9847408050967499,0.9003917080436523,0.8862308103330763
sun_earth_10d_b095,benchmark_original,4,0.125,0.711181640625,0.9996982310314724,0.9887414997973586,0.9516336494557716,0.9518837310776205,0.9579111323577257,0.9747438428084289,0.9003917080436523,0.8593908777770576
sun_earth_10d_b095,benchmark_original,5,0.15625,0.44561767578125,0.9996982310314724,0.9887414997973586,0.9534711097680193,0.953712503738823,0.9587199687324012,0.9642883108775592,0.9003917080436523,0.8889296453476492
sun_earth_10d_b095,benchmark_original,6,0.1875,0.2562255859375,0.9996982310314724,0.9887414997973586,0.9554451615310017,0.955676242549469,0.9594586056958716,0.970221146458624,0.9003917080436523,0.8984634412754592
sun_earth_10d_b095,benchmark_original,7,0.21875,0.51800537109375,0.9996982310314724,0.9887414997973586,0.9572545649558145,0.9574763876589111,0.9596669037585777,0.9192083896363663,0.9003917080436523,0.8689327405513051
sun_earth_10d_b095,benchmark_original,8,0.25,0.70361328125,0.9996982310314724,0.9887414997973586,0.9585594761077821,0.9587730427974868,0.9591285575719236,0.9611366220358574,0.9003917080436523,0.8967984723528409
sun_earth_10d_b095,benchmark_original,9,0.28125,0.46148681640625,0.9996982310314724,0.9887414997973586,0.959083241575009,0.9592905516694924,0.9578139669801085,0.9688882977801115,0.9003917080436523,0.9063096480949442
sun_earth_10d_b095,benchmark_original,10,0.3125,0.4361572265625,0.9996982310314724,0.9887414997973586,0.9587284695929449,0.9589325845899722,0.9558117149804801,0.9223932084130732,0.9003917080436523,0.8659081080635057
sun_earth_10d_b095,benchmark_original,11,0.34375,0.33270263671875,0.9996982310314724,0.9887414997973586,0.957550864276436,0.9577550715861386,0.9533041223139753,0.9928078069794123,0.9003917080436523,0.9106854664111876
sun_earth_10d_b095,benchmark_original,12,0.375,0.342529296875,0.9996982310314724,0.9887414997973586,0.9557577786988454,0.9559643285842352,0.9505505349429688,0.9993322411775273,0.9003917080436523,0.9127325019940826
sun_earth_10d_b095,benchmark_original,13,0.40625,0.61602783203125,0.9996982310314724,0.9887414997973586,0.9537393071758955,0.9539480502704755,0.9478770873085405,0.9883785155039968,0.9003917080436523,0.915179435405037
sun_earth_10d_b095,benchmark_original,14,0.4375,0.3465576171875,0.9996982310314724,0.9887414997973586,0.9519350233673194,0.9521442742929124,0.9457009643925198,0.9915564342178366,0.9003917080436523,0.9069648796949396
sun_earth_10d_b095,benchmark_original,15,0.46875,0.44427490234375,0.9996982310314724,0.9887414997973586,0.9507036916038009,0.950912004947468,0.9443736829584498,0.9574309728718303,0.9003917080436523,0.8765336743391399
sun_earth_10d_b095,benchmark_original,16,0.5,0.6513671875,0.9996982310314724,0.9887414997973586,0.9502742260562547,0.95048208888128,0.9439305601656782,0.9479270896691451,0.9003917080436523,0.9036111333470208
sun_earth_10d_b095,benchmark_original,17,0.53125,0.60064697265625,0.9996982310314724,0.9887414997973586,0.9507036916038005,0.9509120041861701,0.9443736745378435,0.9977882371816563,0.9003917080436523,0.8542236802202197
sun_earth_10d_b095,benchmark_original,18,0.5625,0.6319580078125,0.9996982310314724,0.9887414997973586,0.9519350233673202,0.9521442760705595,0.9457009475786271,0.9493070986356981,0.9003917080436523,0.8955797870965279
sun_earth_10d_b095,benchmark_original,19,0.59375,0.60076904296875,0.9996982310314724,0.9887414997973586,0.9537393071758956,0.9539480498462966,0.9478771645763394,0.9886008332640943,0.9003917080436523,0.8570171694507049
sun_earth_10d_b095,benchmark_original,20,0.625,0.477783203125,0.9996982310314724,0.9887414997973586,0.9557577786988445,0.9559643291835002,0.9505506077623291,0.9192552004373592,0.9003917080436523,0.8745819702703024
sun_earth_10d_b095,benchmark_original,21,0.65625,0.64190673828125,0.9996982310314724,0.9887414997973586,0.957550864276436,0.9577550721541422,0.9533041904818041,0.9839859828897387,0.9003917080436523,0.8814608055545033
sun_earth_10d_b095,benchmark_original,22,0.6875,0.6536865234375,0.9996982310314724,0.9887414997973586,0.9587284695929442,0.9589325851082117,0.9558117782389979,0.9605318666206933,0.9003917080436523,0.8985502528197011
sun_earth_10d_b095,benchmark_original,23,0.71875,0.38812255859375,0.9996982310314724,0.9887414997973586,0.959083241575008,0.9592905516008166,0.9578140250311132,0.987293982775779,0.9003917080436523,0.9072621203607546
sun_earth_10d_b095,benchmark_original,24,0.75,0.58544921875,0.9996982310314724,0.9887414997973586,0.9585594761077809,0.9587730428798859,0.9591286100886696,0.9941733360507466,0.9003917080436523,0.9072181652484818
sun_earth_10d_b095,benchmark_original,25,0.78125,0.69293212890625,0.9996982310314724,0.9887414997973586,0.9572545649558128,0.9574763869633903,0.9596669503989371,0.9404775653958051,0.9003917080436523,0.8786436585129761
sun_earth_10d_b095,benchmark_original,26,0.8125,0.6968994140625,0.9996982310314724,0.9887414997973586,0.9554451615310012,0.9556762437425317,0.9594586461247991,0.9236283271841887,0.9003917080436523,0.885513286851116
sun_earth_10d_b095,benchmark_original,27,0.84375,0.74188232421875,0.9996982310314724,0.9887414997973586,0.9534711097680201,0.9537125034586964,0.9587200026674696,0.9947857421984556,0.9003917080436523,0.8905799840152155
sun_earth_10d_b095,benchmark_original,28,0.875,0.714599609375,0.9996982310314724,0.9887414997973586,0.9516336494557718,0.9518837318705672,0.9579111596446522,0.9769225797038841,0.9003917080436523,0.8868203743497405
sun_earth_10d_b095,benchmark_original,29,0.90625,0.62091064453125,0.9996982310314724,0.9887414997973586,0.9501379858944832,0.9503940934384253,0.9572129534603976,0.957162036646522,0.9003917080436523,0.8755747443296384
sun_earth_10d_b095,benchmark_original,30,0.9375,0.6893310546875,0.9996982310314724,0.9887414997973586,0.9490509009196825,0.9493108489761664,0.9566820259467992,0.999970034113098,0.9003917080436523,0.8571572012107331
sun_earth_10d_b095,benchmark_original,31,0.96875,0.41009521484375,0.9996982310314724,0.9887414997973586,0.9483914396036731,0.9486535179207722,0.9563515447880843,0.9576190901986152,0.9003917080436523,0.8701608621235509
sun_earth_10d_b095,benchmark_fine,0,0.0,0.496337890625,0.9996982310314724,0.9887414997973586,0.9996510018777481,0.999659021247883,0.9996858122823283,0.999919030458868,0.9003917080436523,0.9000754511281794
sun_earth_10d_b095,benchmark_fine,1,0.03125,0.4943885803222656,0.9996982310314724,0.9887414997973586,0.9996510068870794,0.9996590801807768,0.9996857584215805,0.9965349564519997,0.9003917080436523,0.900141529143507
sun_earth_10d_b095,benchmark_fine,2,0.0625,0.7288894653320312,0.9996982310314724,0.9887414997973586,0.9996510216005405,0.9996591395631661,0.9996855843324369,0.999847136060003,0.9003917080436523,0.8989625951527791
sun_earth_10d_b095,benchmark_fine,3,0.09375,0.5702018737792969,0.9996982310314724,0.9887414997973586,0.9996510450323285,0.9996592130365772,0.9996852996707625,0.9980625705429628,0.9003917080436523,0.8991415139613342
sun_earth_10d_b095,benchmark_fine,4,0.125,0.7052154541015625,0.9996982310314724,0.9887414997973586,0.9996510755787292,0.9996593820727623,0.9996849103344634,0.99764298165051,0.9003917080436523,0.8993368054876192
sun_earth_10d_b095,benchmark_fine,5,0.15625,0.5116157531738281,0.9996982310314724,0.9887414997973586,0.99965111089891,0.9996595560725171,0.9996844421322824,0.9999611202727268,0.9003917080436523,0.8990941220243596
sun_earth_10d_b095,benchmark_fine,6,0.1875,0.6239242553710938,0.9996982310314724,0.9887414997973586,0.9996511472644699,0.9996597285078902,0.9996839081425226,0.9931157018558581,0.9003917080436523,0.9000161894650667
sun_earth_10d_b095,benchmark_fine,7,0.21875,0.7132835388183594,0.9996982310314724,0.9887414997973586,0.9996511802137558,0.999659945429372,0.9996833216197694,0.9999711972018934,0.9003917080436523,0.9001679318805956
sun_earth_10d_b095,benchmark_fine,8,0.25,0.578887939453125,0.9996982310314724,0.9887414997973586,0.9996512060268039,0.9996601598149237,0.9996827213550289,0.9984237530136832,0.9003917080436523,0.8985495770180009
sun_earth_10d_b095,benchmark_fine,9,0.28125,0.3082618713378906,0.9996982310314724,0.9887414997973586,0.999651224416111,0.999660340641961,0.999682108295487,0.9996676811472734,0.9003917080436523,0.900081538767839
sun_earth_10d_b095,benchmark_fine,10,0.3125,0.49869537353515625,0.9996982310314724,0.9887414997973586,0.9996512372313697,0.9996605077740628,0.9996814939154501,0.9979014723525612,0.9003917080436523,0.8987017911633532
sun_earth_10d_b095,benchmark_fine,11,0.34375,0.2805595397949219,0.9996982310314724,0.9887414997973586,0.9996512461008046,0.9996606903294574,0.9996808916565508,0.9973321446841666,0.9003917080436523,0.9001797618323985
sun_earth_10d_b095,benchmark_fine,12,0.375,0.3175506591796875,0.9996982310314724,0.9887414997973586,0.9996512521279091,0.9996608242101324,0.9996803702461312,0.9994104752044133,0.9003917080436523,0.9001715675056366
sun_earth_10d_b095,benchmark_fine,13,0.40625,0.7416267395019531,0.9996982310314724,0.9887414997973586,0.9996512561715151,0.9996609026581391,0.9996799530216027,0.995676219509882,0.9003917080436523,0.8998926495143074
sun_earth_10d_b095,benchmark_fine,14,0.4375,0.5991744995117188,0.9996982310314724,0.9887414997973586,0.999651258663253,0.9996610265793195,0.9996796478997914,0.9984531304309086,0.9003917080436523,0.9001861310998558
sun_earth_10d_b095,benchmark_fine,15,0.46875,0.6173667907714844,0.9996982310314724,0.9887414997973586,0.9996512599281729,0.9996610767793637,0.9996794634115318,0.995835406732359,0.9003917080436523,0.8990938542591681
sun_earth_10d_b095,benchmark_fine,16,0.5,0.45782470703125,0.9996982310314724,0.9887414997973586,0.9996512603119113,0.9996610525496181,0.9996793997342726,0.999998408348118,0.9003917080436523,0.9001483717557481
sun_earth_10d_b095,benchmark_fine,17,0.53125,0.7363929748535156,0.9996982310314724,0.9887414997973586,0.9996512599281725,0.9996610761190917,0.9996794633174512,0.9937304676663586,0.9003917080436523,0.9001835312128912
sun_earth_10d_b095,benchmark_fine,18,0.5625,0.35883331298828125,0.9996982310314724,0.9887414997973586,0.9996512586632523,0.9996610273965296,0.9996796477140247,0.9987242972788256,0.9003917080436523,0.8996026573681025
sun_earth_10d_b095,benchmark_fine,19,0.59375,0.6389884948730469,0.9996982310314724,0.9887414997973586,0.9996512561715146,0.9996609041399529,0.9996799527419375,0.9998258135782351,0.9003917080436523,0.8986334736390611
sun_earth_10d_b095,benchmark_fine,20,0.625,0.3402862548828125,0.9996982310314724,0.9887414997973586,0.9996512521279091,0.9996608249940885,0.9996803698653597,0.9958703991014605,0.9003917080436523,0.8999157598065044
sun_earth_10d_b095,benchmark_fine,21,0.65625,0.6239814758300781,0.9996982310314724,0.9887414997973586,0.9996512461008044,0.9996606886928912,0.999680891171693,0.9970109870121933,0.9003917080436523,0.8996872056981357
sun_earth_10d_b095,benchmark_fine,22,0.6875,0.5797958374023438,0.9996982310314724,0.9887414997973586,0.9996512372313697,0.9996605081292331,0.9996814933204775,0.9952488775180454,0.9003917080436523,0.8996307890790299
sun_earth_10d_b095,benchmark_fine,23,0.71875,0.3946189880371094,0.9996982310314724,0.9887414997973586,0.999651224416111,0.9996603411917484,0.9996821078529283,0.9996661033871703,0.9003917080436523,0.9001497445263031
sun_earth_10d_b095,benchmark_fine,24,0.75,0.365692138671875,0.9996982310314724,0.9887414997973586,0.999651206026804,0.9996601586293049,0.9996827242855494,0.9940201941321447,0.9003917080436523,0.899267706967445
sun_earth_10d_b095,benchmark_fine,25,0.78125,0.5795631408691406,0.9996982310314724,0.9887414997973586,0.9996511802137559,0.9996599444024686,0.9996833249967105,0.9975691673446934,0.9003917080436523,0.8999856326816928
sun_earth_10d_b095,benchmark_fine,26,0.8125,0.45737457275390625,0.9996982310314724,0.9887414997973586,0.9996511472644701,0.9996597288361405,0.999683911026405,0.997115012079129,0.9003917080436523,0.900168352276509
sun_earth_10d_b095,benchmark_fine,27,0.84375,0.6323051452636719,0.9996982310314724,0.9887414997973586,0.9996511108989102,0.9996595570851604,0.9996844445293329,0.9966287552046692,0.9003917080436523,0.8986707391268427
sun_earth_10d_b095,benchmark_fine,28,0.875,0.2615814208984375,0.9996982310314724,0.9887414997973586,0.9996510755787293,0.9996593829929121,0.9996849122514068,0.9954337806883021,0.9003917080436523,0.900176247091042
sun_earth_10d_b095,benchmark_fine,29,0.90625,0.3990364074707031,0.9996982310314724,0.9887414997973586,0.9996510450323284,0.9996592153819707,0.999685301100965,0.9956137641800109,0.9003917080436523,0.8986090421203513
sun_earth_10d_b095,benchmark_fine,30,0.9375,0.31517791748046875,0.9996982310314724,0.9887414997973586,0.9996510216005405,0.999659143269624,0.9996855852829524,0.9999758677636861,0.9003917080436523,0.8993995847724232
sun_earth_10d_b095,benchmark_fine,31,0.96875,0.3612022399902344,0.9996982310314724,0.9887414997973586,0.999651006887079,0.9996590814835781,0.999685758901307,0.9956083705321291,0.9003917080436523,0.9001163335565456
sun_earth_10d_grazing,api_default,0,0.0,0.453125,0.9882782844353473,0.9593726849744494,0.6617587771412712,0.6696077283032226,0.71355953139585,0.9194491042121933,0.5454592473144753,0.530037099678846
sun_earth_10d_grazing,api_default,1,0.03125,0.72271728515625,0.9882782844353473,0.9593726849744494,0.6645266320323154,0.6723899046666645,0.7152558286848939,0.9999899378617484,0.5454592473144753,0.5397729743016451
sun_earth_10d_grazing,api_default,2,0.0625,0.4473876953125,0.9882782844353473,0.9593726849744494,0.6726701686846315,0.6805818323302696,0.7203086868280091,0.9490742459704167,0.5454592473144753,0.5352656599663529
sun_earth_10d_grazing,api_default,3,0.09375,0.35760498046875,0.9882782844353473,0.9593726849744494,0.68573053126027,0.6937385553977661,0.7286121580813227,0.9964336533148349,0.5454592473144753,0.5196710551622049
sun_earth_10d_grazing,api_default,4,0.125,0.730712890625,0.9882782844353473,0.9593726849744494,0.7030070772996887,0.7111740574705309,0.7399965337766264,0.9892105509619405,0.5454592473144753,0.540042260891697
sun_earth_10d_grazing,api_default,5,0.15625,0.50030517578125,0.9882782844353473,0.9593726849744494,0.723633955413653,0.7320298045190061,0.7542373169454852,0.9273453682566893,0.5454592473144753,0.5317478200411333
sun_earth_10d_grazing,api_default,6,0.1875,0.4124755859375,0.9882782844353473,0.9593726849744494,0.7466583507983202,0.7553478280499062,0.7710654890540021,0.9559823592703476,0.5454592473144753,0.5243894189655621
sun_earth_10d_grazing,api_default,7,0.21875,0.65667724609375,0.9882782844353473,0.9593726849744494,0.7711076860072917,0.780136968440011,0.7901774565598977,0.9136286769646609,0.5454592473144753,0.5402237862953836
sun_earth_10d_grazing,api_default,8,0.25,0.59423828125,0.9882782844353473,0.9593726849744494,0.7960404595226993,0.8054262179427835,0.8112432439720682,0.9794980665875115,0.5454592473144753,0.5490100444643176
sun_earth_10d_grazing,api_default,9,0.28125,0.56890869140625,0.9882782844353473,0.9593726849744494,0.820581273988787,0.8303044228610407,0.8339117711596741,0.9185324158816847,0.5454592473144753,0.5373813265150342
sun_earth_10d_grazing,api_default,10,0.3125,0.3404541015625,0.9882782844353473,0.9593726849744494,0.8439436558084245,0.853948914393591,0.8578121812443054,0.9485249015384478,0.5454592473144753,0.5355600840761242
sun_earth_10d_grazing,api_default,11,0.34375,0.40887451171875,0.9882782844353473,0.9593726849744494,0.8654450506417142,0.8756476922092749,0.882549920709928,0.9206922105023414,0.5454592473144753,0.5377044967666581
sun_earth_10d_grazing,api_default,12,0.375,0.393310546875,0.9882782844353473,0.9593726849744494,0.8845180479338663,0.8948221406247363,0.9076950812339293,0.9527155452872931,0.5454592473144753,0.529211535452212
sun_earth_10d_grazing,api_default,13,0.40625,0.55743408203125,0.9882782844353473,0.9593726849744494,0.9006714042948043,0.9110528133221798,0.9327569138647103,0.9934150030990058,0.5454592473144753,0.5289013788402975
sun_earth_10d_grazing,api_default,14,0.4375,0.5477294921875,0.9882782844353473,0.9593726849744494,0.9132078014366162,0.923806309708466,0.957112061835849,0.9655099050989132,0.5454592473144753,0.5545869361819472
sun_earth_10d_grazing,api_default,15,0.46875,0.29193115234375,0.9882782844353473,0.9593726849744494,0.9212767483360984,0.9321157144937855,0.9774725230388366,0.9908058273615354,0.5454592473144753,0.5312902814488409
sun_earth_10d_grazing,api_default,16,0.5,0.4111328125,0.9882782844353473,0.9593726849744494,0.9241001133035585,0.9350224736981537,0.985740948912814,0.8984993370720183,0.5454592473144753,0.5546161196679322
sun_earth_10d_grazing,api_default,17,0.53125,0.43267822265625,0.9882782844353473,0.9593726849744494,0.9212767483361061,0.9321157144937934,0.9774725197186076,0.9632240739935208,0.5454592473144753,0.5535308127983338
sun_earth_10d_grazing,api_default,18,0.5625,0.7276611328125,0.9882782844353473,0.9593726849744494,0.9132078014366174,0.9238063765478917,0.9571120551962767,0.9624477383256523,0.5454592473144753,0.5326632618234926
sun_earth_10d_grazing,api_default,19,0.59375,0.29412841796875,0.9882782844353473,0.9593726849744494,0.9006714042948004,0.9110530473814854,0.9327570220856715,0.9879968419670069,0.5454592473144753,0.5371492158848267
sun_earth_10d_grazing,api_default,20,0.625,0.548095703125,0.9882782844353473,0.9593726849744494,0.8845180479338656,0.8948224412755053,0.9076951850928122,0.9785753853158864,0.5454592473144753,0.5535216070160827
sun_earth_10d_grazing,api_default,21,0.65625,0.54620361328125,0.9882782844353473,0.9593726849744494,0.8654450506417108,0.8756478977576747,0.8825500195944784,0.9474880619024425,0.5454592473144753,0.5361794926063591
sun_earth_10d_grazing,api_default,22,0.6875,0.4310302734375,0.9882782844353473,0.9593726849744494,0.8439436558084182,0.8539489773243697,0.8578122745084313,0.9055229426933014,0.5454592473144753,0.5397750468992303
sun_earth_10d_grazing,api_default,23,0.71875,0.26116943359375,0.9882782844353473,0.9593726849744494,0.820581273988781,0.8303043206559165,0.8339118581205232,0.9902339707691193,0.5454592473144753,0.5395575243183787
sun_earth_10d_grazing,api_default,24,0.75,0.34716796875,0.9882782844353473,0.9593726849744494,0.7960404595226931,0.8054259472535468,0.8112433239135739,0.9740933639439185,0.5454592473144753,0.5338812613400258
sun_earth_10d_grazing,api_default,25,0.78125,0.60699462890625,0.9882782844353473,0.9593726849744494,0.7711076860072867,0.7801365438455837,0.7901775287424103,0.9966668258498997,0.5454592473144753,0.525920269960061
sun_earth_10d_grazing,api_default,26,0.8125,0.4683837890625,0.9882782844353473,0.9593726849744494,0.7466583507983151,0.7553472828686948,0.7710655527304812,0.9923930780571171,0.5454592473144753,0.5408488545604457
sun_earth_10d_grazing,api_default,27,0.84375,0.36297607421875,0.9882782844353473,0.9593726849744494,0.7236339554136477,0.7320291882258582,0.7542373713843544,0.9826213773447834,0.5454592473144753,0.517867477465328
sun_earth_10d_grazing,api_default,28,0.875,0.425537109375,0.9882782844353473,0.9593726849744494,0.7030070772996839,0.7111734360678712,0.7399965782907594,0.9996256999340742,0.5454592473144753,0.5378761135155709
sun_earth_10d_grazing,api_default,29,0.90625,0.59356689453125,0.9882782844353473,0.9593726849744494,0.6857305312602657,0.6937380010006992,0.7286121920613592,0.9929818413878331,0.5454592473144753,0.532462689549594
sun_earth_10d_grazing,api_default,30,0.9375,0.4061279296875,0.9882782844353473,0.9593726849744494,0.6726701686846285,0.680581415558184,0.7203087097771476,0.9626873795793344,0.5454592473144753,0.54045205070782
sun_earth_10d_grazing,api_default,31,0.96875,0.28118896484375,0.9882782844353473,0.9593726849744494,0.6645266320323137,0.6723896803021785,0.7152558402509087,0.962267536851472,0.5454592473144753,0.5318984899688947
sun_earth_10d_grazing,benchmark_original,0,0.0,0.484375,0.9882782844353473,0.9593726849744494,0.6617587771412712,0.6696077283032226,0.71355953139585,0.9819620248448493,0.5454592473144753,0.5378613809997704
sun_earth_10d_grazing,benchmark_original,1,0.03125,0.74224853515625,0.9882782844353473,0.9593726849744494,0.6645266320323154,0.6723899046666645,0.7152558286848939,0.9848266111426404,0.5454592473144753,0.532638187880241
sun_earth_10d_grazing,benchmark_original,2,0.0625,0.5059814453125,0.9882782844353473,0.9593726849744494,0.6726701686846315,0.6805818323302696,0.7203086868280091,0.9758859962139906,0.5454592473144753,0.5347719557186983
sun_earth_10d_grazing,benchmark_original,3,0.09375,0.40447998046875,0.9882782844353473,0.9593726849744494,0.68573053126027,0.6937385553977661,0.7286121580813227,0.9971322784122287,0.5454592473144753,0.5391362598010266
sun_earth_10d_grazing,benchmark_original,4,0.125,0.484619140625,0.9882782844353473,0.9593726849744494,0.7030070772996887,0.7111740574705309,0.7399965337766264,0.9781424521824109,0.5454592473144753,0.539592685402949
sun_earth_10d_grazing,benchmark_original,5,0.15625,0.28155517578125,0.9882782844353473,0.9593726849744494,0.723633955413653,0.7320298045190061,0.7542373169454852,0.9864096714669056,0.5454592473144753,0.5380629871664946
sun_earth_10d_grazing,benchmark_original,6,0.1875,0.3597412109375,0.9882782844353473,0.9593726849744494,0.7466583507983202,0.7553478280499062,0.7710654890540021,0.9992797103401005,0.5454592473144753,0.5370653889808705
sun_earth_10d_grazing,benchmark_original,7,0.21875,0.52386474609375,0.9882782844353473,0.9593726849744494,0.7711076860072917,0.780136968440011,0.7901774565598977,0.964641207045794,0.5454592473144753,0.5399770993218332
sun_earth_10d_grazing,benchmark_original,8,0.25,0.33642578125,0.9882782844353473,0.9593726849744494,0.7960404595226993,0.8054262179427835,0.8112432439720682,0.9983792460827038,0.5454592473144753,0.5491172037608055
sun_earth_10d_grazing,benchmark_original,9,0.28125,0.52789306640625,0.9882782844353473,0.9593726849744494,0.820581273988787,0.8303044228610407,0.8339117711596741,0.9975242029704838,0.5454592473144753,0.5443163978999754
sun_earth_10d_grazing,benchmark_original,10,0.3125,0.4752197265625,0.9882782844353473,0.9593726849744494,0.8439436558084245,0.853948914393591,0.8578121812443054,0.9802968549435521,0.5454592473144753,0.5332913772798943
sun_earth_10d_grazing,benchmark_original,11,0.34375,0.55340576171875,0.9882782844353473,0.9593726849744494,0.8654450506417142,0.8756476922092749,0.882549920709928,0.9999953210214765,0.5454592473144753,0.5357886212350248
sun_earth_10d_grazing,benchmark_original,12,0.375,0.395263671875,0.9882782844353473,0.9593726849744494,0.8845180479338663,0.8948221406247363,0.9076950812339293,0.9850271082254553,0.5454592473144753,0.5349650577712366
sun_earth_10d_grazing,benchmark_original,13,0.40625,0.39923095703125,0.9882782844353473,0.9593726849744494,0.9006714042948043,0.9110528133221798,0.9327569138647103,0.9583176656533324,0.5454592473144753,0.5358873599588106
sun_earth_10d_grazing,benchmark_original,14,0.4375,0.4539794921875,0.9882782844353473,0.9593726849744494,0.9132078014366162,0.923806309708466,0.957112061835849,0.9707516388935333,0.5454592473144753,0.5526375679565739
sun_earth_10d_grazing,benchmark_original,15,0.46875,0.46575927734375,0.9882782844353473,0.9593726849744494,0.9212767483360984,0.9321157144937855,0.9774725230388366,0.9652525689676311,0.5454592473144753,0.5525389670709128
sun_earth_10d_grazing,benchmark_original,16,0.5,0.5439453125,0.9882782844353473,0.9593726849744494,0.9241001133035585,0.9350224736981537,0.985740948912814,0.9978387273065522,0.5454592473144753,0.5542943978620302
sun_earth_10d_grazing,benchmark_original,17,0.53125,0.45220947265625,0.9882782844353473,0.9593726849744494,0.9212767483361061,0.9321157144937934,0.9774725197186076,0.994704746041351,0.5454592473144753,0.5503657157544745
sun_earth_10d_grazing,benchmark_original,18,0.5625,0.6905517578125,0.9882782844353473,0.9593726849744494,0.9132078014366174,0.9238063765478917,0.9571120551962767,0.9922302329673293,0.5454592473144753,0.5473507830157474
sun_earth_10d_grazing,benchmark_original,19,0.59375,0.70233154296875,0.9882782844353473,0.9593726849744494,0.9006714042948004,0.9110530473814854,0.9327570220856715,0.9966547766132992,0.5454592473144753,0.5542008457269332
sun_earth_10d_grazing,benchmark_original,20,0.625,0.444580078125,0.9882782844353473,0.9593726849744494,0.8845180479338656,0.8948224412755053,0.9076951850928122,0.9681857406624587,0.5454592473144753,0.5346914897835096
sun_earth_10d_grazing,benchmark_original,21,0.65625,0.44854736328125,0.9882782844353473,0.9593726849744494,0.8654450506417108,0.8756478977576747,0.8825500195944784,0.945052414915234,0.5454592473144753,0.5393124968878067
sun_earth_10d_grazing,benchmark_original,22,0.6875,0.6810302734375,0.9882782844353473,0.9593726849744494,0.8439436558084182,0.8539489773243697,0.8578122745084313,0.9643007396709807,0.5454592473144753,0.536060686544345
sun_earth_10d_grazing,benchmark_original,23,0.71875,0.36663818359375,0.9882782844353473,0.9593726849744494,0.820581273988781,0.8303043206559165,0.8339118581205232,0.9428832991454792,0.5454592473144753,0.5324083077996915
sun_earth_10d_grazing,benchmark_original,24,0.75,0.47216796875,0.9882782844353473,0.9593726849744494,0.7960404595226931,0.8054259472535468,0.8112433239135739,0.9888751004406936,0.5454592473144753,0.5437867489114024
sun_earth_10d_grazing,benchmark_original,25,0.78125,0.47418212890625,0.9882782844353473,0.9593726849744494,0.7711076860072867,0.7801365438455837,0.7901775287424103,0.993913327100314,0.5454592473144753,0.541585438317216
sun_earth_10d_grazing,benchmark_original,26,0.8125,0.4019775390625,0.9882782844353473,0.9593726849744494,0.7466583507983151,0.7553472828686948,0.7710655527304812,0.9651763690284029,0.5454592473144753,0.5362148819132867
sun_earth_10d_grazing,benchmark_original,27,0.84375,0.73797607421875,0.9882782844353473,0.9593726849744494,0.7236339554136477,0.7320291882258582,0.7542373713843544,0.9445468286473,0.5454592473144753,0.5403996914095979
sun_earth_10d_grazing,benchmark_original,28,0.875,0.734130859375,0.9882782844353473,0.9593726849744494,0.7030070772996839,0.7111734360678712,0.7399965782907594,0.9553388851418088,0.5454592473144753,0.5311449416649137
sun_earth_10d_grazing,benchmark_original,29,0.90625,0.49786376953125,0.9882782844353473,0.9593726849744494,0.6857305312602657,0.6937380010006992,0.7286121920613592,0.9675028712313402,0.5454592473144753,0.5353918490933074
sun_earth_10d_grazing,benchmark_original,30,0.9375,0.4549560546875,0.9882782844353473,0.9593726849744494,0.6726701686846285,0.680581415558184,0.7203087097771476,0.9970821277591532,0.5454592473144753,0.5339699532543178
sun_earth_10d_grazing,benchmark_original,31,0.96875,0.31829833984375,0.9882782844353473,0.9593726849744494,0.6645266320323137,0.6723896803021785,0.7152558402509087,0.9929138303163599,0.5454592473144753,0.5376509911648402
sun_earth_10d_grazing,benchmark_fine,0,0.0,0.4534912109375,0.9882782844353473,0.9593726849744494,0.9987303496661403,1.000196750267982,0.9980854070990572,0.9995500275094882,0.5454592473144753,0.5384860599464383
sun_earth_10d_grazing,benchmark_fine,1,0.03125,0.4438514709472656,0.9882782844353473,0.9593726849744494,0.9987303204215724,1.000193201147943,0.9980853640041905,0.9995877530706566,0.5454592473144753,0.5389373459726513
sun_earth_10d_grazing,benchmark_fine,2,0.0625,0.40210723876953125,0.9882782844353473,0.9593726849744494,0.9987302338522469,1.0001827834143622,0.9980852695860197,0.9969604552346781,0.5454592473144753,0.53847223719689
sun_earth_10d_grazing,benchmark_fine,3,0.09375,0.6119499206542969,0.9882782844353473,0.9593726849744494,0.998730093605415,1.0001658340406163,0.998085210830707,0.9995026755572088,0.5454592473144753,0.5390649714065223
sun_earth_10d_grazing,benchmark_fine,4,0.125,0.2607574462890625,0.9882782844353473,0.9593726849744494,0.9987299061912907,1.0001430418831458,0.9980852922957973,0.9990136631978258,0.5454592473144753,0.5386310921207529
sun_earth_10d_grazing,benchmark_fine,5,0.15625,0.2746772766113281,0.9882782844353473,0.9593726849744494,0.9987296818521081,1.0001162994382344,0.9980852047594618,0.9977901420905408,0.5454592473144753,0.5385263944664144
sun_earth_10d_grazing,benchmark_fine,6,0.1875,0.6332015991210938,0.9882782844353473,0.9593726849744494,0.998729432617214,1.0000868270725403,0.9980847411979885,0.999213935654839,0.5454592473144753,0.5390052219277804
sun_earth_10d_grazing,benchmark_fine,7,0.21875,0.4366722106933594,0.9882782844353473,0.9593726849744494,0.9987291699723259,1.0000557694327017,0.9980837775671543,0.9988329040626978,0.5454592473144753,0.5389753783256144
sun_earth_10d_grazing,benchmark_fine,8,0.25,0.716461181640625,0.9882782844353473,0.9593726849744494,0.9987289046277984,1.0000243772041881,0.9980822860370198,0.9971339436795893,0.5454592473144753,0.5389784094407792
sun_earth_10d_grazing,benchmark_fine,9,0.28125,0.5990333557128906,0.9882782844353473,0.9593726849744494,0.9987286463640246,0.9999938972387651,0.9980803823675345,0.9994264135888254,0.5454592473144753,0.5389152124919228
sun_earth_10d_grazing,benchmark_fine,10,0.3125,0.5754776000976562,0.9882782844353473,0.9593726849744494,0.9987284040344582,0.9999651347774529,0.9980782788185696,0.9967204527905735,0.5454592473144753,0.5390818052164693
sun_earth_10d_grazing,benchmark_fine,11,0.34375,0.4205741882324219,0.9882782844353473,0.9593726849744494,0.9987281854269014,0.9999389826415389,0.9980761295440397,0.9998675946825486,0.5454592473144753,0.5386237956682819
sun_earth_10d_grazing,benchmark_fine,12,0.375,0.3398895263671875,0.9882782844353473,0.9593726849744494,0.9987279972498366,0.9999166303335071,0.9980743947320253,0.9987279087207611,0.5454592473144753,0.5386513647761861
sun_earth_10d_grazing,benchmark_fine,13,0.40625,0.5369148254394531,0.9882782844353473,0.9593726849744494,0.9987278450508175,0.9998982940837143,0.9980733782207873,0.9994701001050807,0.5454592473144753,0.5390498987311595
sun_earth_10d_grazing,benchmark_fine,14,0.4375,0.6210250854492188,0.9882782844353473,0.9593726849744494,0.9987277331964498,0.9998844935980687,0.9980732316617262,0.9991266931592533,0.5454592473144753,0.5385090030521651
sun_earth_10d_grazing,benchmark_fine,15,0.46875,0.5747642517089844,0.9882782844353473,0.9593726849744494,0.998727664820831,0.9998760593130785,0.9980735543231928,0.9974334097365974,0.5454592473144753,0.5384935552773068
sun_earth_10d_grazing,benchmark_fine,16,0.5,0.70587158203125,0.9882782844353473,0.9593726849744494,0.9987276418168834,0.9998732577097622,0.9980737087994447,0.9999739595437451,0.5454592473144753,0.5387566910467905
sun_earth_10d_grazing,benchmark_fine,17,0.53125,0.3114662170410156,0.9882782844353473,0.9593726849744494,0.998727664820831,0.9998760991760027,0.9980735530477226,0.9987341595572129,0.5454592473144753,0.5390860362471174
sun_earth_10d_grazing,benchmark_fine,18,0.5625,0.7446975708007812,0.9882782844353473,0.9593726849744494,0.998727733196449,0.99988460851407,0.9980732291064273,0.9982588121599489,0.5454592473144753,0.5390341371684392
sun_earth_10d_grazing,benchmark_fine,19,0.59375,0.6513175964355469,0.9882782844353473,0.9593726849744494,0.9987278450508162,0.9998984272993113,0.9980733743827421,0.9987468941385668,0.5454592473144753,0.5385610852838607
sun_earth_10d_grazing,benchmark_fine,20,0.625,0.5380401611328125,0.9882782844353473,0.9593726849744494,0.9987279972498353,0.999916800666877,0.9980743896008866,0.9999656404370084,0.5454592473144753,0.5391183539082107
sun_earth_10d_grazing,benchmark_fine,21,0.65625,0.7174873352050781,0.9882782844353473,0.9593726849744494,0.9987281854269027,0.999939173514377,0.9980761231094102,0.9999999503983013,0.5454592473144753,0.5389822905428346
sun_earth_10d_grazing,benchmark_fine,22,0.6875,0.5046005249023438,0.9882782844353473,0.9593726849744494,0.9987284040344591,0.9999653763546896,0.99807827106528,0.9989531963384769,0.5454592473144753,0.5391135594737784
sun_earth_10d_grazing,benchmark_fine,23,0.71875,0.7317771911621094,0.9882782844353473,0.9593726849744494,0.9987286463640263,0.9999941360362489,0.9980803732780219,0.9986629802403825,0.5454592473144753,0.5391163018009009
sun_earth_10d_grazing,benchmark_fine,24,0.75,0.495086669921875,0.9882782844353473,0.9593726849744494,0.9987289046278003,1.0000246202221421,0.9980822755922573,0.9961353887096666,0.5454592473144753,0.5386200799167632
sun_earth_10d_grazing,benchmark_fine,25,0.78125,0.3420143127441406,0.9882782844353473,0.9593726849744494,0.9987291699723272,1.000056031303319,0.9980837657440057,0.9998962567283569,0.5454592473144753,0.5386172801250817
sun_earth_10d_grazing,benchmark_fine,26,0.8125,0.35617828369140625,0.9882782844353473,0.9593726849744494,0.9987294326172151,1.0000870856079571,0.9980847279693222,0.9965920976734585,0.5454592473144753,0.5390806487206717
sun_earth_10d_grazing,benchmark_fine,27,0.84375,0.3773002624511719,0.9882782844353473,0.9593726849744494,0.9987296818521093,1.0001165196224922,0.9980851900964585,0.9997379514375271,0.5454592473144753,0.5389866527885855
sun_earth_10d_grazing,benchmark_fine,28,0.875,0.7021331787109375,0.9882782844353473,0.9593726849744494,0.9987299061912916,1.0001432733704796,0.9980852761671795,0.9999942886179948,0.5454592473144753,0.5388002146901365
sun_earth_10d_grazing,benchmark_fine,29,0.90625,0.4792366027832031,0.9882782844353473,0.9593726849744494,0.9987300936054162,1.0001660079589232,0.9980851932020051,0.9999004437297008,0.5454592473144753,0.5386932711501198
sun_earth_10d_grazing,benchmark_fine,30,0.9375,0.48021697998046875,0.9882782844353473,0.9593726849744494,0.9987302338522472,1.0001829371849176,0.9980852602983189,0.9999988467881805,0.5454592473144753,0.538476084204325
sun_earth_10d_grazing,benchmark_fine,31,0.96875,0.2517051696777344,0.9882782844353473,0.9593726849744494,0.9987303204215723,1.0001932780311595,0.9980853640566126,0.9982693479240862,0.5454592473144753,0.5390340693458125
sun_jupiter_5d_grazing,api_default,0,0.0,0.68359375,0.9868915745490997,0.9574155546535007,0.8989882988240594,0.9109225055460711,0.9801168467276565,0.9596044042662528,0.8205488355131072,0.8154667482982857
sun_jupiter_5d_grazing,api_default,1,0.03125,0.5235595703125,0.9868915745490997,0.9574155546535007,0.8993931576848853,0.9113252076396987,0.9784073260283328,0.98518163604304,0.8205488355131072,0.7697619335479801
sun_jupiter_5d_grazing,api_default,2,0.0625,0.472900390625,0.9868915745490997,0.9574155546535007,0.9006187357912806,0.912541573856504,0.9734957486486938,0.9980255170811704,0.8205488355131072,0.8052305707470142
sun_jupiter_5d_grazing,api_default,3,0.09375,0.3753662109375,0.9868915745490997,0.9574155546535007,0.9026701872608098,0.9145682553261616,0.9661001346070675,0.9014023350716552,0.8205488355131072,0.8012348033967331
sun_jupiter_5d_grazing,api_default,4,0.125,0.36376953125,0.9868915745490997,0.9574155546535007,0.9054969422231778,0.9173395640836365,0.9576479788565483,0.9306381208039797,0.8205488355131072,0.7709624334451859
sun_jupiter_5d_grazing,api_default,5,0.15625,0.5006103515625,0.9868915745490997,0.9574155546535007,0.9089880045735504,0.9207266244911678,0.9492360084590895,0.9654012205848621,0.8205488355131072,0.8308312218564738
sun_jupiter_5d_grazing,api_default,6,0.1875,0.465576171875,0.9868915745490997,0.9574155546535007,0.9129705844026961,0.9245876558668185,0.9411291476150119,0.9491350089754863,0.8205488355131072,0.8291283451257793
sun_jupiter_5d_grazing,api_default,7,0.21875,0.7352294921875,0.9868915745490997,0.9574155546535007,0.9172434900811268,0.9287892405668061,0.9334692404043292,0.9128230211043232,0.8205488355131072,0.8262987213255111
sun_jupiter_5d_grazing,api_default,8,0.25,0.6806640625,0.9868915745490997,0.9574155546535007,0.9216147490464773,0.9331910164989139,0.9263651006843184,0.9677215157748026,0.8205488355131072,0.7787186289211713
sun_jupiter_5d_grazing,api_default,9,0.28125,0.6417236328125,0.9868915745490997,0.9574155546535007,0.9259070653325022,0.9376201889718344,0.9199054732998277,0.9101541035868569,0.8205488355131072,0.7842035185936679
sun_jupiter_5d_grazing,api_default,10,0.3125,0.653564453125,0.9868915745490997,0.9574155546535007,0.9299603033345503,0.9418579897310038,0.9141644711925859,0.9637076517215108,0.8205488355131072,0.8046987299291966
sun_jupiter_5d_grazing,api_default,11,0.34375,0.5052490234375,0.9868915745490997,0.9574155546535007,0.9336333191154632,0.9456963569815633,0.9092042557301084,0.9478789808598512,0.8205488355131072,0.811232540377948
sun_jupiter_5d_grazing,api_default,12,0.375,0.29833984375,0.9868915745490997,0.9574155546535007,0.9368052568868064,0.9490032891604439,0.9050764497748797,0.9582546483918367,0.8205488355131072,0.7641787126588208
sun_jupiter_5d_grazing,api_default,13,0.40625,0.6656494140625,0.9868915745490997,0.9574155546535007,0.9393764281596855,0.9516779187178628,0.9018228499188528,0.9996997055667649,0.8205488355131072,0.8013510148314242
sun_jupiter_5d_grazing,api_default,14,0.4375,0.341552734375,0.9868915745490997,0.9574155546535007,0.9412688802963407,0.953643118070232,0.8994758025252158,0.9237565508706048,0.8205488355131072,0.7607841672123481
sun_jupiter_5d_grazing,api_default,15,0.46875,0.2791748046875,0.9868915745490997,0.9574155546535007,0.9424267445690611,0.9548441062152896,0.8980583591200927,0.9172220793622929,0.8205488355131072,0.7951562040552689
sun_jupiter_5d_grazing,api_default,16,0.5,0.521484375,0.9868915745490997,0.9574155546535007,0.9428164344573055,0.955248084888052,0.8975843387595219,0.996826342610901,0.8205488355131072,0.7888609779898812
sun_jupiter_5d_grazing,api_default,17,0.53125,0.4942626953125,0.9868915745490997,0.9574155546535007,0.9424267445690618,0.9548441066930081,0.8980583505521635,0.9090246057962068,0.8205488355131072,0.7888002122264495
sun_jupiter_5d_grazing,api_default,18,0.5625,0.658447265625,0.9868915745490997,0.9574155546535007,0.9412688802963413,0.9536431186331965,0.8994757854253639,0.9237565038894846,0.8205488355131072,0.760784176421918
sun_jupiter_5d_grazing,api_default,19,0.59375,0.3499755859375,0.9868915745490997,0.9574155546535007,0.939376428159686,0.951677919172196,0.9018228243582721,0.9146961097933538,0.8205488355131072,0.7646529835312041
sun_jupiter_5d_grazing,api_default,20,0.625,0.47900390625,0.9868915745490997,0.9574155546535007,0.9368052568868072,0.9490032900938883,0.905076415858903,0.9964879467435077,0.8205488355131072,0.7818783475806995
sun_jupiter_5d_grazing,api_default,21,0.65625,0.4205322265625,0.9868915745490997,0.9574155546535007,0.9336333191154641,0.9456963576957087,0.90920421359612,0.9183896019336075,0.8205488355131072,0.8068414786053603
sun_jupiter_5d_grazing,api_default,22,0.6875,0.362060546875,0.9868915745490997,0.9574155546535007,0.9299603033345502,0.9418579914768777,0.9141644210078772,0.9837067975056657,0.8205488355131072,0.7721410393686602
sun_jupiter_5d_grazing,api_default,23,0.71875,0.4559326171875,0.9868915745490997,0.9574155546535007,0.9259070653325027,0.9376201895667575,0.9199054152589138,0.9985946063801922,0.8205488355131072,0.8196035851752844
sun_jupiter_5d_grazing,api_default,24,0.75,0.6162109375,0.9868915745490997,0.9574155546535007,0.9216147490464773,0.9331910181312368,0.9263650350060731,0.9080205152683425,0.8205488355131072,0.8149462016035428
sun_jupiter_5d_grazing,api_default,25,0.78125,0.3272705078125,0.9868915745490997,0.9574155546535007,0.9172434900811272,0.9287892403446474,0.9334691673293024,0.909459776733509,0.8205488355131072,0.7742394026658298
sun_jupiter_5d_grazing,api_default,26,0.8125,0.608642578125,0.9868915745490997,0.9574155546535007,0.9129705844026966,0.9245876575548765,0.9411290674029965,0.9901178733541386,0.8205488355131072,0.8255348214527906
sun_jupiter_5d_grazing,api_default,27,0.84375,0.7064208984375,0.9868915745490997,0.9574155546535007,0.9089880045735514,0.9207266259280673,0.9492359213872651,0.9439939970732114,0.8205488355131072,0.7509887555768936
sun_jupiter_5d_grazing,api_default,28,0.875,0.43310546875,0.9868915745490997,0.9574155546535007,0.9054969422231784,0.9173395641215821,0.9576478852194474,0.9942066223176678,0.8205488355131072,0.7906900208268273
sun_jupiter_5d_grazing,api_default,29,0.90625,0.5582275390625,0.9868915745490997,0.9574155546535007,0.9026701872608113,0.9145682556628885,0.966100034728136,0.9986672388741914,0.8205488355131072,0.7601755118282234
sun_jupiter_5d_grazing,api_default,30,0.9375,0.573974609375,0.9868915745490997,0.9574155546535007,0.9006187357912819,0.91254157388195,0.9734957527980304,0.9379722225930733,0.8205488355131072,0.836206734691638
sun_jupiter_5d_grazing,api_default,31,0.96875,0.5467529296875,0.9868915745490997,0.9574155546535007,0.8993931576848858,0.911325207721377,0.9784073280247515,0.9999935009147612,0.8205488355131072,0.8148181042474518
sun_jupiter_5d_grazing,benchmark_original,0,0.0,0.341796875,0.9868915745490997,0.9574155546535007,0.9767277964532038,0.9894342010119752,0.9888957555897696,0.9693775271659177,0.8205488355131072,0.8107771231944613
sun_jupiter_5d_grazing,benchmark_original,1,0.03125,0.52545166015625,0.9868915745490997,0.9574155546535007,0.9767450028500795,0.9894106999512019,0.9886053143832539,0.9996367600200401,0.8205488355131072,0.8100719800724668
sun_jupiter_5d_grazing,benchmark_original,2,0.0625,0.7403564453125,0.9868915745490997,0.9574155546535007,0.976796638868621,0.9893401041778761,0.9877477416782672,0.9997307613644998,0.8205488355131072,0.8108460339072767
sun_jupiter_5d_grazing,benchmark_original,3,0.09375,0.26385498046875,0.9868915745490997,0.9574155546535007,0.9768831211797434,0.9892224625650043,0.9863643604786523,0.9999641700210115,0.8205488355131072,0.8106844683621982
sun_jupiter_5d_grazing,benchmark_original,4,0.125,0.420166015625,0.9868915745490997,0.9574155546535007,0.9770044952238013,0.9890570894713019,0.9845248140209989,0.9461542187176726,0.8205488355131072,0.8116494414670705
sun_jupiter_5d_grazing,benchmark_original,5,0.15625,0.59796142578125,0.9868915745490997,0.9574155546535007,0.9771585674173333,0.9888406005746234,0.9823293064715128,0.9995525042395986,0.8205488355131072,0.7938896453454013
sun_jupiter_5d_grazing,benchmark_original,6,0.1875,0.4632568359375,0.9868915745490997,0.9574155546535007,0.9773409471985953,0.988567161200827,0.9799184734012243,0.9820862519930608,0.8205488355131072,0.8076968911461528
sun_jupiter_5d_grazing,benchmark_original,7,0.21875,0.64105224609375,0.9868915745490997,0.9574155546535007,0.9775453890479798,0.9882289271811554,0.9774793027927059,0.9786833843467418,0.8205488355131072,0.8152578561126025
sun_jupiter_5d_grazing,benchmark_original,8,0.25,0.29150390625,0.9868915745490997,0.9574155546535007,0.9777641609524673,0.987816557111971,0.9751791000655803,0.9999880605412947,0.8205488355131072,0.793708263945657
sun_jupiter_5d_grazing,benchmark_original,9,0.28125,0.62359619140625,0.9868915745490997,0.9574155546535007,0.9779884120726432,0.9873200851732258,0.9730932199379859,0.9979298015150873,0.8205488355131072,0.7981398015875016
sun_jupiter_5d_grazing,benchmark_original,10,0.3125,0.4010009765625,0.9868915745490997,0.9574155546535007,0.9782084531205554,0.9867511420605446,0.9712472315467896,0.9477560375993017,0.8205488355131072,0.8100366607275757
sun_jupiter_5d_grazing,benchmark_original,11,0.34375,0.62957763671875,0.9868915745490997,0.9574155546535007,0.9784139551971043,0.9861494954610261,0.969659290677205,0.9975333135531367,0.8205488355131072,0.8027227001331387
sun_jupiter_5d_grazing,benchmark_original,12,0.375,0.686279296875,0.9868915745490997,0.9574155546535007,0.9785953750842671,0.9855534063439477,0.9683431641785079,0.9522344896513103,0.8205488355131072,0.8009005551247472
sun_jupiter_5d_grazing,benchmark_original,13,0.40625,0.72540283203125,0.9868915745490997,0.9574155546535007,0.9787447955061034,0.9849998774439709,0.9673093310575291,0.9990614485118936,0.8205488355131072,0.8012584067391997
sun_jupiter_5d_grazing,benchmark_original,14,0.4375,0.3172607421875,0.9868915745490997,0.9574155546535007,0.9788560009378728,0.9845358146843226,0.9665655486043173,0.9967851285589888,0.8205488355131072,0.7961535347564722
sun_jupiter_5d_grazing,benchmark_original,15,0.46875,0.58880615234375,0.9868915745490997,0.9574155546535007,0.9789245209545755,0.9842306170693229,0.9661171750482804,0.9831287556560568,0.8205488355131072,0.8056811577017692
sun_jupiter_5d_grazing,benchmark_original,16,0.5,0.5517578125,0.9868915745490997,0.9574155546535007,0.9789476610320769,0.9841247084080306,0.9659673676263438,0.9740450692168285,0.8205488355131072,0.7948506572635173
sun_jupiter_5d_grazing,benchmark_original,17,0.53125,0.72369384765625,0.9868915745490997,0.9574155546535007,0.9789245209545753,0.9842306213215564,0.9661171681325407,0.9953123172908388,0.8205488355131072,0.8111185720314124
sun_jupiter_5d_grazing,benchmark_original,18,0.5625,0.7374267578125,0.9868915745490997,0.9574155546535007,0.9788560009378728,0.9845358062056139,0.9665655347853375,0.9598759922156046,0.8205488355131072,0.7937941719646235
sun_jupiter_5d_grazing,benchmark_original,19,0.59375,0.45233154296875,0.9868915745490997,0.9574155546535007,0.9787447955061036,0.9849998762668177,0.9673093103609578,0.9608509996035988,0.8205488355131072,0.8105566918034319
sun_jupiter_5d_grazing,benchmark_original,20,0.625,0.626220703125,0.9868915745490997,0.9574155546535007,0.9785953750842676,0.9855534061177699,0.9683431366423657,0.9744181037124148,0.8205488355131072,0.807164077657171
sun_jupiter_5d_grazing,benchmark_original,21,0.65625,0.34893798828125,0.9868915745490997,0.9574155546535007,0.9784139551971044,0.9861495002618271,0.969659256352485,0.9999998018260137,0.8205488355131072,0.8171088520039289
sun_jupiter_5d_grazing,benchmark_original,22,0.6875,0.4095458984375,0.9868915745490997,0.9574155546535007,0.9782084531205554,0.9867511451025738,0.9712471904977455,0.9443198935664406,0.8205488355131072,0.8037197313565005
sun_jupiter_5d_grazing,benchmark_original,23,0.71875,0.48968505859375,0.9868915745490997,0.9574155546535007,0.9779884120726434,0.9873200842464875,0.9730931722422824,0.9941687637126544,0.8205488355131072,0.801286181830305
sun_jupiter_5d_grazing,benchmark_original,24,0.75,0.63623046875,0.9868915745490997,0.9574155546535007,0.9777641609524673,0.9878165521998961,0.975179045815194,0.9997951719622327,0.8205488355131072,0.8035502605229836
sun_jupiter_5d_grazing,benchmark_original,25,0.78125,0.29058837890625,0.9868915745490997,0.9574155546535007,0.97754538904798,0.9882289245904639,0.9774792420966218,0.9572155439902229,0.8205488355131072,0.814543201716635
sun_jupiter_5d_grazing,benchmark_original,26,0.8125,0.7047119140625,0.9868915745490997,0.9574155546535007,0.9773409471985959,0.9885671630632429,0.9799184064070839,0.9884969661742842,0.8205488355131072,0.8029528332466692
sun_jupiter_5d_grazing,benchmark_original,27,0.84375,0.39031982421875,0.9868915745490997,0.9574155546535007,0.9771585674173338,0.9888405982638903,0.982329317002706,0.9519134605080986,0.8205488355131072,0.8084580532611833
sun_jupiter_5d_grazing,benchmark_original,28,0.875,0.491943359375,0.9868915745490997,0.9574155546535007,0.9770044952238018,0.989057087294716,0.9845248222267646,0.9886248344636487,0.8205488355131072,0.8123246388518007
sun_jupiter_5d_grazing,benchmark_original,29,0.90625,0.46661376953125,0.9868915745490997,0.9574155546535007,0.9768831211797434,0.9892224653744082,0.9863643665041719,0.9766934018733575,0.8205488355131072,0.8135011819628176
sun_jupiter_5d_grazing,benchmark_original,30,0.9375,0.4998779296875,0.9868915745490997,0.9574155546535007,0.9767966388686207,0.9893401029033584,0.9877477456333567,0.9991604742626844,0.8205488355131072,0.7918683743424056
sun_jupiter_5d_grazing,benchmark_original,31,0.96875,0.33392333984375,0.9868915745490997,0.9574155546535007,0.9767450028500783,0.9894106991819528,0.9886053163426464,0.9991992484758513,0.8205488355131072,0.7914087503156112
sun_jupiter_5d_grazing,benchmark_fine,0,0.0,0.4903564453125,0.9868915745490997,0.9574155546535007,0.9999086277037635,1.0000216794385366,0.999864617353453,0.9997307613644991,0.8205488355131072,0.8096654677282253
sun_jupiter_5d_grazing,benchmark_fine,1,0.03125,0.4014930725097656,0.9868915745490997,0.9574155546535007,0.9999086276847154,1.0000217026463987,0.9998646097897999,0.9994057875638171,0.8205488355131072,0.8095571125831464
sun_jupiter_5d_grazing,benchmark_fine,2,0.0625,0.5843582153320312,0.9868915745490997,0.9574155546535007,0.9999086276266173,1.0000217168813172,0.9998645857309846,0.9973750373802138,0.8205488355131072,0.8089293416394575
sun_jupiter_5d_grazing,benchmark_fine,3,0.09375,0.2802848815917969,0.9868915745490997,0.9574155546535007,0.9999086275326311,1.0000217975842074,0.9998645525456223,0.9999337355505907,0.8205488355131072,0.8091371463562083
sun_jupiter_5d_grazing,benchmark_fine,4,0.125,0.5333404541015625,0.9868915745490997,0.9574155546535007,0.9999086274093409,1.0000219329437976,0.9998645098786488,0.9983709546343862,0.8205488355131072,0.8097439698987166
sun_jupiter_5d_grazing,benchmark_fine,5,0.15625,0.4118843078613281,0.9868915745490997,0.9574155546535007,0.9999086272636024,1.0000220880912514,0.9998644574378409,0.998134115213548,0.8205488355131072,0.8098167604376741
sun_jupiter_5d_grazing,benchmark_fine,6,0.1875,0.36525726318359375,0.9868915745490997,0.9574155546535007,0.9999086271024625,1.000022288003182,0.9998643884109746,0.9984073049215245,0.8205488355131072,0.8096330212182963
sun_jupiter_5d_grazing,benchmark_fine,7,0.21875,0.3769798278808594,0.9868915745490997,0.9574155546535007,0.9999086269332707,1.0000224465896967,0.99986430726065,0.9987697564476671,0.8205488355131072,0.8096649539532046
sun_jupiter_5d_grazing,benchmark_fine,8,0.25,0.576324462890625,0.9868915745490997,0.9574155546535007,0.9999086267627662,1.000022637494453,0.9998642192655491,0.9961962154469374,0.8205488355131072,0.8089163808908453
sun_jupiter_5d_grazing,benchmark_fine,9,0.28125,0.5144386291503906,0.9868915745490997,0.9574155546535007,0.9999086265969686,1.0000228282134451,0.9998641267762416,0.9996662449557027,0.8205488355131072,0.8093788314399016
sun_jupiter_5d_grazing,benchmark_fine,10,0.3125,0.6981582641601562,0.9868915745490997,0.9574155546535007,0.9999086264416341,1.000023032709085,0.9998640353089345,0.9966087546625139,0.8205488355131072,0.8098044514881579
sun_jupiter_5d_grazing,benchmark_fine,11,0.34375,0.2667655944824219,0.9868915745490997,0.9574155546535007,0.9999086263017353,1.0000232543341832,0.999863944368258,0.9963383149275733,0.8205488355131072,0.8098062679235617
sun_jupiter_5d_grazing,benchmark_fine,12,0.375,0.5906219482421875,0.9868915745490997,0.9574155546535007,0.9999086261815476,1.000023466995341,0.999863855552459,0.9978324759092596,0.8205488355131072,0.8097689470625812
sun_jupiter_5d_grazing,benchmark_fine,13,0.40625,0.6863288879394531,0.9868915745490997,0.9574155546535007,0.9999086260844905,1.000023664435525,0.9998637705108729,0.9985832074209624,0.8205488355131072,0.8088602296780224
sun_jupiter_5d_grazing,benchmark_fine,14,0.4375,0.42937469482421875,0.9868915745490997,0.9574155546535007,0.9999086260131334,1.0000237769145037,0.9998637063486981,0.9991970729287305,0.8205488355131072,0.8089702491448335
sun_jupiter_5d_grazing,benchmark_fine,15,0.46875,0.5404624938964844,0.9868915745490997,0.9574155546535007,0.9999086259695869,1.0000238392566334,0.9998636660054478,0.999922892043863,0.8205488355131072,0.8090522789774104
sun_jupiter_5d_grazing,benchmark_fine,16,0.5,0.66314697265625,0.9868915745490997,0.9574155546535007,0.9999086259549925,1.000023862706859,0.9998636535454323,0.9987183028303973,0.8205488355131072,0.8098195243209866
sun_jupiter_5d_grazing,benchmark_fine,17,0.53125,0.4308509826660156,0.9868915745490997,0.9574155546535007,0.9999086259695869,1.0000238428995865,0.9998636659226184,0.9999999950410093,0.8205488355131072,0.809573265789818
sun_jupiter_5d_grazing,benchmark_fine,18,0.5625,0.6339797973632812,0.9868915745490997,0.9574155546535007,0.9999086260131334,1.0000237792078344,0.9998637061749776,0.9997778202173468,0.8205488355131072,0.8094870500723698
sun_jupiter_5d_grazing,benchmark_fine,19,0.59375,0.4937248229980469,0.9868915745490997,0.9574155546535007,0.9999086260844902,1.0000236630917436,0.9998637702417721,0.9993450101730719,0.8205488355131072,0.8093535992483617
sun_jupiter_5d_grazing,benchmark_fine,20,0.625,0.4960479736328125,0.9868915745490997,0.9574155546535007,0.9999086261815476,1.0000234615066677,0.999863855203863,0.9970680121936916,0.8205488355131072,0.8097021014808705
sun_jupiter_5d_grazing,benchmark_fine,21,0.65625,0.3072090148925781,0.9868915745490997,0.9574155546535007,0.9999086263017353,1.0000232477734763,0.9998639439188692,0.9968295882677267,0.8205488355131072,0.8091698942705685
sun_jupiter_5d_grazing,benchmark_fine,22,0.6875,0.5743026733398438,0.9868915745490997,0.9574155546535007,0.9999086264416341,1.0000230356628015,0.9998640347699902,0.9984607540659569,0.8205488355131072,0.809776176072612
sun_jupiter_5d_grazing,benchmark_fine,23,0.71875,0.4091453552246094,0.9868915745490997,0.9574155546535007,0.9999086265969689,1.000022839621106,0.9998641261327599,0.9994042885631672,0.8205488355131072,0.8090725653747615
sun_jupiter_5d_grazing,benchmark_fine,24,0.75,0.284271240234375,0.9868915745490997,0.9574155546535007,0.9999086267627662,1.0000226484311425,0.9998642185276467,0.997066348811577,0.8205488355131072,0.808656016131978
sun_jupiter_5d_grazing,benchmark_fine,25,0.78125,0.5417213439941406,0.9868915745490997,0.9574155546535007,0.9999086269332709,1.0000224530264397,0.9998643064190321,0.9969817105028467,0.8205488355131072,0.8097088215268514
sun_jupiter_5d_grazing,benchmark_fine,26,0.8125,0.49192047119140625,0.9868915745490997,0.9574155546535007,0.9999086271024624,1.0000222906460163,0.9998643875018205,0.9994271827156691,0.8205488355131072,0.8097767731477877
sun_jupiter_5d_grazing,benchmark_fine,27,0.84375,0.3587455749511719,0.9868915745490997,0.9574155546535007,0.9999086272636024,1.0000220902418264,0.999864457187083,0.9969048365426912,0.8205488355131072,0.8096637966313652
sun_jupiter_5d_grazing,benchmark_fine,28,0.875,0.2867279052734375,0.9868915745490997,0.9574155546535007,0.9999086274093408,1.0000219432004935,0.9998645110393443,0.9999624906742368,0.8205488355131072,0.8087127331981663
sun_jupiter_5d_grazing,benchmark_fine,29,0.90625,0.6599006652832031,0.9868915745490997,0.9574155546535007,0.9999086275326311,1.0000218105507712,0.9998645534755732,0.9976233542126008,0.8205488355131072,0.8098139093195098
sun_jupiter_5d_grazing,benchmark_fine,30,0.9375,0.6949386596679688,0.9868915745490997,0.9574155546535007,0.9999086276266173,1.0000217183200142,0.9998645863523015,0.9962776043628541,0.8205488355131072,0.8098209471939365
sun_jupiter_5d_grazing,benchmark_fine,31,0.96875,0.7205772399902344,0.9868915745490997,0.9574155546535007,0.9999086276847154,1.0000216970485714,0.9998646100988146,0.9984228850451646,0.8205488355131072,0.808910036668341
sun_earth_365d,api_default,0,0.0,0.68212890625,0.998484130205063,0.9887686097091335,0.9965723468429687,0.9977853119059463,0.9840447350337791,0.9197893414687642,0.999700201473392,0.9708642593967817
sun_earth_365d,api_default,1,0.03125,0.43311309814453125,0.998484130205063,0.9887686097091335,0.9960267300548798,0.9972638133818268,0.9840975389837264,0.9913247480098575,0.999700201473392,0.9812221096613563
sun_earth_365d,api_default,2,0.0625,0.5280914306640625,0.998484130205063,0.9887686097091335,0.9942583315532821,0.995581023872686,0.9842578913943814,0.9977155844342581,0.999700201473392,0.9848547375814045
sun_earth_365d,api_default,3,0.09375,0.34987640380859375,0.998484130205063,0.9887686097091335,0.9921705808401425,0.9935693602683215,0.9845315020586635,0.9946089865939921,0.999700201473392,0.9792685332094943
sun_earth_365d,api_default,4,0.125,0.607940673828125,0.998484130205063,0.9887686097091335,0.9901775143623853,0.9916227940879127,0.9848978538810307,0.934234394815361,0.999700201473392,0.9695924075267329
sun_earth_365d,api_default,5,0.15625,0.5076065063476562,0.998484130205063,0.9887686097091335,0.9883000562527838,0.9897711826373008,0.9853247930090073,0.9728998360945332,0.999700201473392,0.9546730884110717
sun_earth_365d,api_default,6,0.1875,0.2517547607421875,0.998484130205063,0.9887686097091335,0.9865520162756194,0.9880356733099503,0.9857822622125325,0.9713757050499001,0.999700201473392,0.9843291752897858
sun_earth_365d,api_default,7,0.21875,0.25493621826171875,0.998484130205063,0.9887686097091335,0.9849443139977931,0.986432760135767,0.9862429072436042,0.9842060659442791,0.999700201473392,0.9685567162924501
sun_earth_365d,api_default,8,0.25,0.46636962890625,0.998484130205063,0.9887686097091335,0.9834857988352774,0.9849750571476511,0.9866827572126833,0.9977795386320234,0.999700201473392,0.9745177404630759
sun_earth_365d,api_default,9,0.28125,0.41828155517578125,0.998484130205063,0.9887686097091335,0.9821837481982532,0.983672180456334,0.987081836844384,0.9421435626714982,0.999700201473392,0.9682183900755612
sun_earth_365d,api_default,10,0.3125,0.3445587158203125,0.998484130205063,0.9887686097091335,0.9810441798864644,0.982531457567264,0.9874247312342095,0.9729165593175025,0.999700201473392,0.9530490144330546
sun_earth_365d,api_default,11,0.34375,0.30794525146484375,0.998484130205063,0.9887686097091335,0.9800720546057479,0.9815582479370434,0.9877009966819372,0.9389229982351338,0.999700201473392,0.9681039293537633
sun_earth_365d,api_default,12,0.375,0.504241943359375,0.998484130205063,0.9887686097091335,0.9792714110602176,0.9807566705838406,0.9879056098365423,0.9997295453062701,0.999700201473392,0.9734910204146936
sun_earth_365d,api_default,13,0.40625,0.5381851196289062,0.998484130205063,0.9887686097091335,0.9786454578661624,0.9801299653911962,0.988039375262276,0.9740212736212103,0.999700201473392,0.9773575847724136
sun_earth_365d,api_default,14,0.4375,0.4681243896484375,0.998484130205063,0.9887686097091335,0.9781966365316548,0.9796805955149437,0.9881093602823473,0.8973955116651086,0.999700201473392,0.943971751300323
sun_earth_365d,api_default,15,0.46875,0.5777511596679688,0.998484130205063,0.9887686097091335,0.9779266640727656,0.9794102898573346,0.9881299795076585,0.9511465408064934,0.999700201473392,0.9744492356112346
sun_earth_365d,api_default,16,0.5,0.4005126953125,0.998484130205063,0.9887686097091335,0.9778365604727209,0.9793200743267751,0.9881270482974045,0.9286965856632585,0.999700201473392,0.9651189196926055
sun_earth_365d,api_default,17,0.53125,0.7220535278320312,0.998484130205063,0.9887686097091335,0.9779266640727664,0.9794102898045446,0.9881299740352886,0.9206286636387576,0.999700201473392,0.9651987667960149
sun_earth_365d,api_default,18,0.5625,0.5184478759765625,0.998484130205063,0.9887686097091335,0.9781966365316559,0.979680595403879,0.9881093494037475,0.9057108256859973,0.999700201473392,0.9759025526675661
sun_earth_365d,api_default,19,0.59375,0.27333831787109375,0.998484130205063,0.9887686097091335,0.9786454578661642,0.9801299656680202,0.9880393590773044,0.9894620923023844,0.999700201473392,0.9643312051897504
sun_earth_365d,api_default,20,0.625,0.489166259765625,0.998484130205063,0.9887686097091335,0.9792714110602196,0.9807566705195558,0.9879055884652872,0.9606441677919443,0.999700201473392,0.9586861870738397
sun_earth_365d,api_default,21,0.65625,0.5082168579101562,0.998484130205063,0.9887686097091335,0.9800720546057506,0.9815582477702587,0.9877009702560775,0.9999670495488044,0.999700201473392,0.9740095389638694
sun_earth_365d,api_default,22,0.6875,0.3932342529296875,0.998484130205063,0.9887686097091335,0.9810441798864669,0.9825314574198141,0.9874246998939674,0.999967498359036,0.999700201473392,0.9750762635711633
sun_earth_365d,api_default,23,0.71875,0.48748016357421875,0.998484130205063,0.9887686097091335,0.9821837481982564,0.9836721803936799,0.9870818007331656,0.935877652231725,0.999700201473392,0.9495052514846468
sun_earth_365d,api_default,24,0.75,0.72357177734375,0.998484130205063,0.9887686097091335,0.9834857988352813,0.9849750570403988,0.9866827164776446,0.9369378445553741,0.999700201473392,0.9630363602192967
sun_earth_365d,api_default,25,0.78125,0.26093292236328125,0.998484130205063,0.9887686097091335,0.9849443139977975,0.9864327597692797,0.9862428620294393,0.9739405179028214,0.999700201473392,0.9743562128841672
sun_earth_365d,api_default,26,0.8125,0.4459991455078125,0.998484130205063,0.9887686097091335,0.986552016275624,0.9880356731757043,0.9857822126612364,0.9999156381110046,0.999700201473392,0.9807077760870374
sun_earth_365d,api_default,27,0.84375,0.5309677124023438,0.998484130205063,0.9887686097091335,0.9883000562527887,0.9897711829697717,0.9853247392576058,0.9546845317534971,0.999700201473392,0.977073005806398
sun_earth_365d,api_default,28,0.875,0.333953857421875,0.998484130205063,0.9887686097091335,0.9901775143623909,0.9916227938344723,0.9848977960613415,0.995822231627551,0.999700201473392,0.9820945859901785
sun_earth_365d,api_default,29,0.90625,0.33664703369140625,0.998484130205063,0.9887686097091335,0.992170580840148,0.9935693606189462,0.9845314402942692,0.9433013316280476,0.999700201473392,0.9576159155237476
sun_earth_365d,api_default,30,0.9375,0.6987152099609375,0.998484130205063,0.9887686097091335,0.9942583315532878,0.9955810245626753,0.9842578257986839,0.9560516664525497,0.999700201473392,0.9934345676328743
sun_earth_365d,api_default,31,0.96875,0.6374435424804688,0.998484130205063,0.9887686097091335,0.9960267300548834,0.9972638121441502,0.9840975392070921,0.9267609838960684,0.999700201473392,0.9575733326997394
sun_earth_365d,benchmark_original,0,0.0,0.5340576171875,0.998484130205063,0.9887686097091335,0.9983520134790262,0.999261765064221,0.9951754812103357,0.9864384317520274,0.997531722442995,0.9880063436627037
sun_earth_365d,benchmark_original,1,0.03125,0.6419715881347656,0.998484130205063,0.9887686097091335,0.9982629221552834,0.9991820791082312,0.9951941645024487,0.9872762570384844,0.997531722442995,0.9652521143469298
sun_earth_365d,benchmark_original,2,0.0625,0.48914337158203125,0.998484130205063,0.9887686097091335,0.9979333074994184,0.9988952852649152,0.9952463271048128,0.9982984737010671,0.997531722442995,0.9772965771530742
sun_earth_365d,benchmark_original,3,0.09375,0.3388786315917969,0.998484130205063,0.9887686097091335,0.9973380219042747,0.9983819736432358,0.9953271783093107,0.9311713660713444,0.997531722442995,0.9903045257969881
sun_earth_365d,benchmark_original,4,0.125,0.7103424072265625,0.998484130205063,0.9887686097091335,0.9965818230165197,0.9977252159013921,0.9954324301995198,0.9718509620759666,0.997531722442995,0.9760425336353071
sun_earth_365d,benchmark_original,5,0.15625,0.7113227844238281,0.998484130205063,0.9887686097091335,0.9958189540526198,0.9970516610655397,0.9955582369899054,0.9981315305889324,0.997531722442995,0.9887912651663178
sun_earth_365d,benchmark_original,6,0.1875,0.5677719116210938,0.998484130205063,0.9887686097091335,0.9951120600847507,0.996415701211915,0.9956988619923663,0.928702518933068,0.997531722442995,0.9753117901803358
sun_earth_365d,benchmark_original,7,0.21875,0.4134788513183594,0.998484130205063,0.9887686097091335,0.9944660755907959,0.9958251802673357,0.9958477012929284,0.971963281927798,0.997531722442995,0.9765325611657452
sun_earth_365d,benchmark_original,8,0.25,0.427032470703125,0.998484130205063,0.9887686097091335,0.9938831465516887,0.9952845340812064,0.995998626238923,0.9489298728680635,0.997531722442995,0.9887740282758767
sun_earth_365d,benchmark_original,9,0.28125,0.6053810119628906,0.998484130205063,0.9887686097091335,0.9933650623721605,0.9947979175253714,0.9961459212061071,0.9858933124406204,0.997531722442995,0.9903846422023606
sun_earth_365d,benchmark_original,10,0.3125,0.36331939697265625,0.998484130205063,0.9887686097091335,0.9929133111519478,0.9943690327973733,0.9962844531319349,0.9997064156377836,0.997531722442995,0.9910738951075342
sun_earth_365d,benchmark_original,11,0.34375,0.3903007507324219,0.998484130205063,0.9887686097091335,0.9925291204775972,0.9940007366005189,0.9964096620223988,0.9837752384613063,0.997531722442995,0.9906450344986925
sun_earth_365d,benchmark_original,12,0.375,0.5405731201171875,0.998484130205063,0.9887686097091335,0.9922134879298113,0.9936959063890988,0.9965175965426631,0.9623220814984306,0.997531722442995,0.9870671121998752
sun_earth_365d,benchmark_original,13,0.40625,0.3717536926269531,0.998484130205063,0.9887686097091335,0.9919672037594697,0.9934566024903625,0.9966050067465342,0.9405467833538196,0.997531722442995,0.9616213961987191
sun_earth_365d,benchmark_original,14,0.4375,0.7013473510742188,0.998484130205063,0.9887686097091335,0.9917908674700336,0.9932844971335227,0.9966692947163482,0.98618309495281,0.997531722442995,0.9786161301073918
sun_earth_365d,benchmark_original,15,0.46875,0.5317955017089844,0.998484130205063,0.9887686097091335,0.9916848995710743,0.9931808055353274,0.9967086141643221,0.9930619645685097,0.997531722442995,0.975972429441693
sun_earth_365d,benchmark_original,16,0.5,0.65069580078125,0.998484130205063,0.9887686097091335,0.9916495493959311,0.9931461497099382,0.9967218555056662,0.9421679781301402,0.997531722442995,0.9796858354572793
sun_earth_365d,benchmark_original,17,0.53125,0.5873451232910156,0.998484130205063,0.9887686097091335,0.9916848995710748,0.9931808058608077,0.9967086115386543,0.9974941694746258,0.997531722442995,0.9843324227618411
sun_earth_365d,benchmark_original,18,0.5625,0.46881866455078125,0.998484130205063,0.9887686097091335,0.9917908674700345,0.9932844970516214,0.9966692894654602,0.9279191474613482,0.997531722442995,0.9760758586501991
sun_earth_365d,benchmark_original,19,0.59375,0.2887687683105469,0.998484130205063,0.9887686097091335,0.991967203759471,0.9934566021149343,0.9966049988599454,0.966878504022211,0.997531722442995,0.9827061860379281
sun_earth_365d,benchmark_original,20,0.625,0.6306915283203125,0.998484130205063,0.9887686097091335,0.9922134879298131,0.9936959061922073,0.9965175860175916,0.9999793514807253,0.997531722442995,0.9805472729852674
sun_earth_365d,benchmark_original,21,0.65625,0.5757637023925781,0.998484130205063,0.9887686097091335,0.9925291204775991,0.994000735418776,0.9964096488484496,0.9965729922849194,0.997531722442995,0.9841433353361755
sun_earth_365d,benchmark_original,22,0.6875,0.47982025146484375,0.998484130205063,0.9887686097091335,0.99291331115195,0.9943690326886454,0.9962844372956331,0.9994676533536996,0.997531722442995,0.9880354485637193
sun_earth_365d,benchmark_original,23,0.71875,0.7060203552246094,0.998484130205063,0.9887686097091335,0.993365062372163,0.9947979188354057,0.99614590269622,0.9753847000139171,0.997531722442995,0.9706754193556746
sun_earth_365d,benchmark_original,24,0.75,0.466278076171875,0.998484130205063,0.9887686097091335,0.9938831465516921,0.9952845326458771,0.9959986050368708,0.9698947745720138,0.997531722442995,0.9865322645856971
sun_earth_365d,benchmark_original,25,0.78125,0.3460426330566406,0.998484130205063,0.9887686097091335,0.9944660755907991,0.9958251801345942,0.9958476773835642,0.9716900660691514,0.997531722442995,0.982208939776208
sun_earth_365d,benchmark_original,26,0.8125,0.5519790649414062,0.998484130205063,0.9887686097091335,0.9951120600847543,0.9964157020545259,0.9956988353576753,0.9872733002771596,0.997531722442995,0.9544094090124544
sun_earth_365d,benchmark_original,27,0.84375,0.7136039733886719,0.998484130205063,0.9887686097091335,0.9958189540526234,0.9970516576044929,0.9955582076080958,0.9996912292681678,0.997531722442995,0.9680993879588774
sun_earth_365d,benchmark_original,28,0.875,0.3041839599609375,0.998484130205063,0.9887686097091335,0.9965818230165238,0.9977252161869226,0.995432398053851,0.9515402362520307,0.997531722442995,0.9910207240244798
sun_earth_365d,benchmark_original,29,0.90625,0.6328010559082031,0.998484130205063,0.9887686097091335,0.9973380219042782,0.9983819756656684,0.9953271790043562,0.9594743806287216,0.997531722442995,0.9919508050524708
sun_earth_365d,benchmark_original,30,0.9375,0.43553924560546875,0.998484130205063,0.9887686097091335,0.9979333074994207,0.9988952830725242,0.9952463275465423,0.9561952718410649,0.997531722442995,0.9711416811446336
sun_earth_365d,benchmark_original,31,0.96875,0.7239952087402344,0.998484130205063,0.9887686097091335,0.9982629221552847,0.9991820792711384,0.9951941647167086,0.9937587387421266,0.997531722442995,0.9689321632323934
sun_earth_365d,benchmark_fine,0,0.0,0.4776611328125,0.998484130205063,0.9887686097091335,0.9983520134790262,0.999261765064221,0.9951754812103357,0.9989885390756691,0.9994585586325478,0.996914220365208
sun_earth_365d,benchmark_fine,1,0.03125,0.6348915100097656,0.998484130205063,0.9887686097091335,0.9982629221552834,0.9991820791082312,0.9951941645024487,0.9979750244833284,0.9994585586325478,0.996876220937374
sun_earth_365d,benchmark_fine,2,0.0625,0.35755157470703125,0.998484130205063,0.9887686097091335,0.9979333074994184,0.9988952852649152,0.9952463271048128,0.9986377189334685,0.9994585586325478,0.9956293898440163
sun_earth_365d,benchmark_fine,3,0.09375,0.5420036315917969,0.998484130205063,0.9887686097091335,0.9973380219042747,0.9983819736432358,0.9953271783093107,0.9968685265009177,0.9994585586325478,0.993667882322837
sun_earth_365d,benchmark_fine,4,0.125,0.4008941650390625,0.998484130205063,0.9887686097091335,0.9965818230165197,0.9977252159013921,0.9954324301995198,0.9999899071961258,0.9994585586325478,0.9934313114613175
sun_earth_365d,benchmark_fine,5,0.15625,0.2924995422363281,0.998484130205063,0.9887686097091335,0.9958189540526198,0.9970516610655397,0.9955582369899054,0.9999724127817226,0.9994585586325478,0.9916315132773414
sun_earth_365d,benchmark_fine,6,0.1875,0.5643539428710938,0.998484130205063,0.9887686097091335,0.9951120600847507,0.996415701211915,0.9956988619923663,0.9991852985263872,0.9994585586325478,0.9908107560646224
sun_earth_365d,benchmark_fine,7,0.21875,0.5204124450683594,0.998484130205063,0.9887686097091335,0.9944660755907959,0.9958251802673357,0.9958477012929284,0.9996302568974852,0.9994585586325478,0.9894855828101303
sun_earth_365d,benchmark_fine,8,0.25,0.585357666015625,0.998484130205063,0.9887686097091335,0.9938831465516887,0.9952845340812064,0.995998626238923,0.9989380638934806,0.9994585586325478,0.9931867360942467
sun_earth_365d,benchmark_fine,9,0.28125,0.2967872619628906,0.998484130205063,0.9887686097091335,0.9933650623721605,0.9947979175253714,0.9961459212061071,0.9997562886540867,0.9994585586325478,0.9884130694176735
sun_earth_365d,benchmark_fine,10,0.3125,0.47940826416015625,0.998484130205063,0.9887686097091335,0.9929133111519478,0.9943690327973733,0.9962844531319349,0.999933606946587,0.9994585586325478,0.9904694765013092
sun_earth_365d,benchmark_fine,11,0.34375,0.6038017272949219,0.998484130205063,0.9887686097091335,0.9925291204775972,0.9940007366005189,0.9964096620223988,0.9980084806366758,0.9994585586325478,0.9906929084633448
sun_earth_365d,benchmark_fine,12,0.375,0.5570526123046875,0.998484130205063,0.9887686097091335,0.9922134879298113,0.9936959063890988,0.9965175965426631,0.9967317170347731,0.9994585586325478,0.9874791220395279
sun_earth_365d,benchmark_fine,13,0.40625,0.5150642395019531,0.998484130205063,0.9887686097091335,0.9919672037594697,0.9934566024903625,0.9966050067465342,0.9995794693654222,0.9994585586325478,0.9910978250426797
sun_earth_365d,benchmark_fine,14,0.4375,0.6537399291992188,0.998484130205063,0.9887686097091335,0.9917908674700336,0.9932844971335227,0.9966692947163482,0.9991575610549335,0.9994585586325478,0.9907730812531119
sun_earth_365d,benchmark_fine,15,0.46875,0.3911705017089844,0.998484130205063,0.9887686097091335,0.9916848995710743,0.9931808055353274,0.9967086141643221,0.9994199197293585,0.9994585586325478,0.9912304302848444
sun_earth_365d,benchmark_fine,16,0.5,0.65521240234375,0.998484130205063,0.9887686097091335,0.9916495493959311,0.9931461497099382,0.9967218555056662,0.9999921279229594,0.9994585586325478,0.9870344910173589
sun_earth_365d,benchmark_fine,17,0.53125,0.4570960998535156,0.998484130205063,0.9887686097091335,0.9916848995710748,0.9931808058608077,0.9967086115386543,0.9999624006811025,0.9994585586325478,0.9905735652823285
sun_earth_365d,benchmark_fine,18,0.5625,0.7288284301757812,0.998484130205063,0.9887686097091335,0.9917908674700345,0.9932844970516214,0.9966692894654602,0.9954651294857434,0.9994585586325478,0.9913263901572884
sun_earth_365d,benchmark_fine,19,0.59375,0.5740470886230469,0.998484130205063,0.9887686097091335,0.991967203759471,0.9934566021149343,0.9966049988599454,0.9971651816442759,0.9994585586325478,0.9894667593053721
sun_earth_365d,benchmark_fine,20,0.625,0.7482452392578125,0.998484130205063,0.9887686097091335,0.9922134879298131,0.9936959061922073,0.9965175860175916,0.995958197469985,0.9994585586325478,0.9891769900085504
sun_earth_365d,benchmark_fine,21,0.65625,0.4505195617675781,0.998484130205063,0.9887686097091335,0.9925291204775991,0.994000735418776,0.9964096488484496,0.9953949835954533,0.9994585586325478,0.9913149798744003
sun_earth_365d,benchmark_fine,22,0.6875,0.6722030639648438,0.998484130205063,0.9887686097091335,0.99291331115195,0.9943690326886454,0.9962844372956331,0.9999785442200577,0.9994585586325478,0.9915658758580411
sun_earth_365d,benchmark_fine,23,0.71875,0.3350486755371094,0.998484130205063,0.9887686097091335,0.993365062372163,0.9947979188354057,0.99614590269622,0.9983276303825039,0.9994585586325478,0.9925023175395575
sun_earth_365d,benchmark_fine,24,0.75,0.727752685546875,0.998484130205063,0.9887686097091335,0.9938831465516921,0.9952845326458771,0.9959986050368708,0.9999668970695417,0.9994585586325478,0.9923020725816007
sun_earth_365d,benchmark_fine,25,0.78125,0.4436988830566406,0.998484130205063,0.9887686097091335,0.9944660755907991,0.9958251801345942,0.9958476773835642,0.9958861952318275,0.9994585586325478,0.9935469672312756
sun_earth_365d,benchmark_fine,26,0.8125,0.39902496337890625,0.998484130205063,0.9887686097091335,0.9951120600847543,0.9964157020545259,0.9956988353576753,0.9999624995051702,0.9994585586325478,0.993823568313231
sun_earth_365d,benchmark_fine,27,0.84375,0.4518852233886719,0.998484130205063,0.9887686097091335,0.9958189540526234,0.9970516576044929,0.9955582076080958,0.9996035361821443,0.9994585586325478,0.9947870660162516
sun_earth_365d,benchmark_fine,28,0.875,0.5662689208984375,0.998484130205063,0.9887686097091335,0.9965818230165238,0.9977252161869226,0.995432398053851,0.998178265621518,0.9994585586325478,0.9944761752265174
sun_earth_365d,benchmark_fine,29,0.90625,0.3265266418457031,0.998484130205063,0.9887686097091335,0.9973380219042782,0.9983819756656684,0.9953271790043562,0.9964446478558168,0.9994585586325478,0.9916033691879544
sun_earth_365d,benchmark_fine,30,0.9375,0.6584396362304688,0.998484130205063,0.9887686097091335,0.9979333074994207,0.9988952830725242,0.9952463275465423,0.9959888680929134,0.9994585586325478,0.9968649885007869
sun_earth_365d,benchmark_fine,31,0.96875,0.5961875915527344,0.998484130205063,0.9887686097091335,0.9982629221552847,0.9991820792711384,0.9951941647167086,0.998931997649362,0.9994585586325478,0.9942979019564966
sun_earth_365d_b08,api_default,0,0.0,0.71435546875,0.998527831268285,0.9903191575079596,0.9660371545896537,0.9674539671900969,0.9556990331886975,0.9753690126345153,0.999179445575357,0.9580847712840482
sun_earth_365d_b08,api_default,1,0.03125,0.6460037231445312,0.998527831268285,0.9903191575079596,0.9663102839067036,0.967726752932792,0.9559729028136091,0.9095685208625072,0.999179445575357,0.9538192025924233
sun_earth_365d_b08,api_default,2,0.0625,0.6948394775390625,0.998527831268285,0.9903191575079596,0.9671288852080582,0.9685432089235698,0.95679345031907,0.88179052362524,0.999179445575357,0.9621293014917536
sun_earth_365d_b08,api_default,3,0.09375,0.39138031005859375,0.998527831268285,0.9903191575079596,0.9684906033047149,0.9698963780329936,0.9581574796122111,0.9149740343027644,0.999179445575357,0.9598506815432694
sun_earth_365d_b08,api_default,4,0.125,0.368438720703125,0.998527831268285,0.9903191575079596,0.9703914886944407,0.9717725062407405,0.9600596781528445,0.9999788626323188,0.999179445575357,0.9600085689869774
sun_earth_365d_b08,api_default,5,0.15625,0.41287994384765625,0.998527831268285,0.9903191575079596,0.9725793236586966,0.9739120592848277,0.9624652330981053,0.9020523937246344,0.999179445575357,0.9649104004937143
sun_earth_365d_b08,api_default,6,0.1875,0.5437469482421875,0.998527831268285,0.9903191575079596,0.9738102485887828,0.9751155539482396,0.9651911765328484,0.9308627542285876,0.999179445575357,0.9695613453347164
sun_earth_365d_b08,api_default,7,0.21875,0.6721725463867188,0.998527831268285,0.9903191575079596,0.973433498374456,0.9747668149845924,0.9680536132908517,0.9770717949660962,0.999179445575357,0.9559669488327048
sun_earth_365d_b08,api_default,8,0.25,0.31475830078125,0.998527831268285,0.9903191575079596,0.9721104941679073,0.9734877084405126,0.9708951225089952,0.9894401175533476,0.999179445575357,0.963248645429986
sun_earth_365d_b08,api_default,9,0.28125,0.5657424926757812,0.998527831268285,0.9903191575079596,0.9707480095271607,0.9721505914644912,0.9735762457334889,0.9905500471876741,0.999179445575357,0.9435880356982133
sun_earth_365d_b08,api_default,10,0.3125,0.5938262939453125,0.998527831268285,0.9903191575079596,0.9694831806570806,0.9708973608711167,0.9759780811403592,0.9345257288231235,0.999179445575357,0.9528564040839382
sun_earth_365d_b08,api_default,11,0.34375,0.39876556396484375,0.998527831268285,0.9903191575079596,0.968363318382713,0.9697817707800641,0.9780065449075527,0.9970144226323531,0.999179445575357,0.9630996171075019
sun_earth_365d_b08,api_default,12,0.375,0.503753662109375,0.998527831268285,0.9903191575079596,0.9674166863226772,0.9688366145613804,0.9795969460802182,0.988938809408475,0.999179445575357,0.9580147817340117
sun_earth_365d_b08,api_default,13,0.40625,0.30844879150390625,0.998527831268285,0.9903191575079596,0.966662642893348,0.9680832490632794,0.9807189629687103,0.9356657390660507,0.999179445575357,0.9514832275900674
sun_earth_365d_b08,api_default,14,0.4375,0.5333099365234375,0.998527831268285,0.9903191575079596,0.9661149022592829,0.967535807191471,0.9813831090392858,0.9603678256036926,0.999179445575357,0.9637745466691201
sun_earth_365d_b08,api_default,15,0.46875,0.30089569091796875,0.998527831268285,0.9903191575079596,0.9657827024997699,0.9672037220273327,0.9816551282854544,0.8978742256327488,0.999179445575357,0.9527357772000551
sun_earth_365d_b08,api_default,16,0.5,0.5565185546875,0.998527831268285,0.9903191575079596,0.9656713862245587,0.9670924340103041,0.9817079501295556,0.9560741572782773,0.999179445575357,0.9472317849019181
sun_earth_365d_b08,api_default,17,0.53125,0.36853790283203125,0.998527831268285,0.9903191575079596,0.9657827024997713,0.9672037222279724,0.9816551225775593,0.9376772358535451,0.999179445575357,0.9623668832914141
sun_earth_365d_b08,api_default,18,0.5625,0.4198150634765625,0.998527831268285,0.9903191575079596,0.9661149022592848,0.967535807213067,0.9813830977059237,0.9504403881515001,0.999179445575357,0.9565147085930731
sun_earth_365d_b08,api_default,19,0.59375,0.5987777709960938,0.998527831268285,0.9903191575079596,0.9666626428933509,0.9680832489630604,0.980718946185413,0.9995011850044484,0.999179445575357,0.9636199278073316
sun_earth_365d_b08,api_default,20,0.625,0.641021728515625,0.998527831268285,0.9903191575079596,0.9674166863226803,0.968836614172051,0.9795969240593274,0.9824878133163863,0.999179445575357,0.9534619619904189
sun_earth_365d_b08,api_default,21,0.65625,0.27823638916015625,0.998527831268285,0.9903191575079596,0.9683633183827169,0.9697817706858929,0.9780065178776312,0.9723592627596165,0.999179445575357,0.9440302848013058
sun_earth_365d_b08,api_default,22,0.6875,0.7435760498046875,0.998527831268285,0.9903191575079596,0.969483180657085,0.9708973607086672,0.9759780493305742,0.9955114907389008,0.999179445575357,0.9632157321717439
sun_earth_365d_b08,api_default,23,0.71875,0.6337203979492188,0.998527831268285,0.9903191575079596,0.9707480095271641,0.9721505912690964,0.9735762093648813,0.9924018803855125,0.999179445575357,0.9625007548344702
sun_earth_365d_b08,api_default,24,0.75,0.61737060546875,0.998527831268285,0.9903191575079596,0.9721104941679115,0.9734877081273043,0.9708950817870314,0.9658772945903019,0.999179445575357,0.9611491107189442
sun_earth_365d_b08,api_default,25,0.78125,0.29291534423828125,0.998527831268285,0.9903191575079596,0.9734334983744602,0.9747668153035826,0.9680535683970041,0.9845814522977652,0.999179445575357,0.9602371564611435
sun_earth_365d_b08,api_default,26,0.8125,0.3712921142578125,0.998527831268285,0.9903191575079596,0.9738102485887833,0.9751155528652352,0.965191127619157,0.9130605364122965,0.999179445575357,0.9350457602064225
sun_earth_365d_b08,api_default,27,0.84375,0.6613388061523438,0.998527831268285,0.9903191575079596,0.9725793236586928,0.9739120582339953,0.96246518027586,0.992034103411872,0.999179445575357,0.9690422284399798
sun_earth_365d_b08,api_default,28,0.875,0.375701904296875,0.998527831268285,0.9903191575079596,0.9703914886944364,0.971772505406234,0.9600597091182226,0.9974522127952172,0.999179445575357,0.942785884236683
sun_earth_365d_b08,api_default,29,0.90625,0.6948013305664062,0.998527831268285,0.9903191575079596,0.9684906033047114,0.9698963784753762,0.9581575028957141,0.9254722770752126,0.999179445575357,0.962254994962662
sun_earth_365d_b08,api_default,30,0.9375,0.4455413818359375,0.998527831268285,0.9903191575079596,0.9671288852080558,0.9685432089238997,0.9567934658699049,0.9977160400513303,0.999179445575357,0.9650313530578774
sun_earth_365d_b08,api_default,31,0.96875,0.35253143310546875,0.998527831268285,0.9903191575079596,0.9663102839067023,0.9677267528548562,0.9559729105975731,0.9125800703649775,0.999179445575357,0.9573122799431009
sun_earth_365d_b08,benchmark_original,0,0.0,0.31787109375,0.998527831268285,0.9903191575079596,0.9824810709855015,0.9839219437954475,0.9885442268180891,0.9458863386664291,0.9999891717200997,0.9680665830101699
sun_earth_365d_b08,benchmark_original,1,0.03125,0.4834022521972656,0.998527831268285,0.9903191575079596,0.9825688684558074,0.9840095949251112,0.9885892758662508,0.9444730723876742,0.9999891717200997,0.9737317072807092
sun_earth_365d_b08,benchmark_original,2,0.0625,0.40271759033203125,0.998527831268285,0.9903191575079596,0.9828320876394223,0.9842722352314655,0.9887216225453239,0.9930611679218615,0.9999891717200997,0.9726811686191573
sun_earth_365d_b08,benchmark_original,3,0.09375,0.7330436706542969,0.998527831268285,0.9903191575079596,0.9832702077877782,0.9847088193361513,0.9889203592618644,0.9760969063585633,0.9999891717200997,0.9758155830617109
sun_earth_365d_b08,benchmark_original,4,0.125,0.5997467041015625,0.998527831268285,0.9903191575079596,0.9838823573909291,0.985317508675663,0.9891604067703631,0.9662999875416358,0.9999891717200997,0.9732230120210219
sun_earth_365d_b08,benchmark_original,5,0.15625,0.3608589172363281,0.998527831268285,0.9903191575079596,0.9846673086250899,0.9860955460919494,0.9894265971911985,0.9774229001188047,0.9999891717200997,0.9642577749895456
sun_earth_365d_b08,benchmark_original,6,0.1875,0.48122406005859375,0.998527831268285,0.9903191575079596,0.9856234692271435,0.9870391050458541,0.9897088808492549,0.9998862030445187,0.9999891717200997,0.9777388833364548
sun_earth_365d_b08,benchmark_original,7,0.21875,0.3181419372558594,0.998527831268285,0.9903191575079596,0.9867488713522514,0.988143135872592,0.9900008087842764,0.9470766592441366,0.9999891717200997,0.9453120011566276
sun_earth_365d_b08,benchmark_original,8,0.25,0.568023681640625,0.998527831268285,0.9903191575079596,0.9880411242305285,0.9894011929452226,0.9902990381931364,0.963193782693059,0.9999891717200997,0.9768779689361358
sun_earth_365d_b08,benchmark_original,9,0.28125,0.2693214416503906,0.998527831268285,0.9903191575079596,0.9894737497897821,0.9907835976035133,0.9906021764617317,0.9939432667999049,0.9999891717200997,0.9810660257050196
sun_earth_365d_b08,benchmark_original,10,0.3125,0.42093658447265625,0.998527831268285,0.9903191575079596,0.9909065191665787,0.9921581476431717,0.990897350710052,0.989080051352858,0.9999891717200997,0.9829970059895367
sun_earth_365d_b08,benchmark_original,11,0.34375,0.3716239929199219,0.998527831268285,0.9903191575079596,0.9921538598472545,0.9933576483299276,0.9911691421008766,0.9346802585104336,0.9999891717200997,0.9517114940273123
sun_earth_365d_b08,benchmark_original,12,0.375,0.5768280029296875,0.998527831268285,0.9903191575079596,0.9931014564917096,0.994282013581063,0.9914062065891291,0.9999888114419468,0.9999891717200997,0.9846517860969998
sun_earth_365d_b08,benchmark_original,13,0.40625,0.4171638488769531,0.998527831268285,0.9903191575079596,0.9937000796105081,0.9948862891998512,0.9915996700878301,0.9478125685162847,0.9999891717200997,0.9821405471972321
sun_earth_365d_b08,benchmark_original,14,0.4375,0.37395477294921875,0.998527831268285,0.9903191575079596,0.9939704954512211,0.995183216565564,0.9917427323953962,0.9833115688444425,0.9999891717200997,0.9896200852082789
sun_earth_365d_b08,benchmark_original,15,0.46875,0.4866294860839844,0.998527831268285,0.9903191575079596,0.9940323792221806,0.9952727890431594,0.9918305093740375,0.9801896086821006,0.9999891717200997,0.9843411690076889
sun_earth_365d_b08,benchmark_original,16,0.5,0.27899169921875,0.998527831268285,0.9903191575079596,0.9940372145957778,0.9952884032628097,0.9918601014230283,0.9499986958277766,0.9999891717200997,0.986123842906838
sun_earth_365d_b08,benchmark_original,17,0.53125,0.4320716857910156,0.998527831268285,0.9903191575079596,0.994032379222181,0.995272788286332,0.9918305081167885,0.9969511573201855,0.9999891717200997,0.9803429577070324
sun_earth_365d_b08,benchmark_original,18,0.5625,0.7271194458007812,0.998527831268285,0.9903191575079596,0.9939704954512214,0.9951832176071664,0.9917427298629082,0.9803421598254913,0.9999891717200997,0.9825597191263378
sun_earth_365d_b08,benchmark_original,19,0.59375,0.5993156433105469,0.998527831268285,0.9903191575079596,0.9937000796105071,0.9948862920680319,0.9915996662452231,0.9848241817199763,0.9999891717200997,0.9827070999480442
sun_earth_365d_b08,benchmark_original,20,0.625,0.6324005126953125,0.998527831268285,0.9903191575079596,0.993101456491706,0.9942820104222192,0.9914062013841545,0.993345241104061,0.9999891717200997,0.9898186908674244
sun_earth_365d_b08,benchmark_original,21,0.65625,0.5952949523925781,0.998527831268285,0.9903191575079596,0.9921538598472491,0.993357650432515,0.9911691354625384,0.9937923674539983,0.9999891717200997,0.9701737636850499
sun_earth_365d_b08,benchmark_original,22,0.6875,0.7430038452148438,0.998527831268285,0.9903191575079596,0.990906519166572,0.99215814731359,0.9908973425470122,0.99990389254162,0.9999891717200997,0.9814480015065711
sun_earth_365d_b08,benchmark_original,23,0.71875,0.3571434020996094,0.998527831268285,0.9903191575079596,0.9894737497897752,0.9907835983134055,0.9906021666627787,0.9982242149859296,0.9999891717200997,0.9817507208697607
sun_earth_365d_b08,benchmark_original,24,0.75,0.664520263671875,0.998527831268285,0.9903191575079596,0.988041124230522,0.9894011925024255,0.9902990817590297,0.9800512716060168,0.9999891717200997,0.9652229862440584
sun_earth_365d_b08,benchmark_original,25,0.78125,0.4637184143066406,0.998527831268285,0.9903191575079596,0.9867488713522453,0.9881431353695957,0.9900008472605342,0.9951703922402543,0.9999891717200997,0.9720300457367367
sun_earth_365d_b08,benchmark_original,26,0.8125,0.36899566650390625,0.998527831268285,0.9903191575079596,0.9856234692271382,0.9870391056210885,0.9897089141109088,0.9999984059559262,0.9999891717200997,0.9615937471567372
sun_earth_365d_b08,benchmark_original,27,0.84375,0.5159721374511719,0.998527831268285,0.9903191575079596,0.9846673086250857,0.9860955458840609,0.9894266251208184,0.9618778482386897,0.9999891717200997,0.975475281306073
sun_earth_365d_b08,benchmark_original,28,0.875,0.7161712646484375,0.998527831268285,0.9903191575079596,0.9838823573909254,0.9853175087195245,0.9891604292590528,0.992864238388703,0.9999891717200997,0.9822407752678451
sun_earth_365d_b08,benchmark_original,29,0.90625,0.7031135559082031,0.998527831268285,0.9903191575079596,0.9832702077877754,0.9847088190807232,0.9889203762114622,0.9824820006907817,0.9999891717200997,0.9815815192293325
sun_earth_365d_b08,benchmark_original,30,0.9375,0.30870819091796875,0.998527831268285,0.9903191575079596,0.9828320876394202,0.9842722350143467,0.9887216338795086,0.9913249674144038,0.9999891717200997,0.9820010706358604
sun_earth_365d_b08,benchmark_original,31,0.96875,0.7045860290527344,0.998527831268285,0.9903191575079596,0.982568868455806,0.9840095952558462,0.9885892815404411,0.9785780548578538,0.9999891717200997,0.9795596244677942
sun_earth_365d_b08,benchmark_fine,0,0.0,0.726318359375,0.998527831268285,0.9903191575079596,0.9824810709855015,0.9839219437954475,0.9885442268180891,0.9995372693389445,0.9999323020429429,0.9810071794731812
sun_earth_365d_b08,benchmark_fine,1,0.03125,0.3603553771972656,0.998527831268285,0.9903191575079596,0.9825688684558074,0.9840095949251112,0.9885892758662508,0.9990999753753413,0.9999323020429429,0.9780877706425439
sun_earth_365d_b08,benchmark_fine,2,0.0625,0.39624786376953125,0.998527831268285,0.9903191575079596,0.9828320876394223,0.9842722352314655,0.9887216225453239,0.9949361730448287,0.9999323020429429,0.9809718576792362
sun_earth_365d_b08,benchmark_fine,3,0.09375,0.2547721862792969,0.998527831268285,0.9903191575079596,0.9832702077877782,0.9847088193361513,0.9889203592618644,0.9963630212152077,0.9999323020429429,0.980957298881307
sun_earth_365d_b08,benchmark_fine,4,0.125,0.3746490478515625,0.998527831268285,0.9903191575079596,0.9838823573909291,0.985317508675663,0.9891604067703631,0.9999588300281675,0.9999323020429429,0.9824651511234268
sun_earth_365d_b08,benchmark_fine,5,0.15625,0.4078559875488281,0.998527831268285,0.9903191575079596,0.9846673086250899,0.9860955460919494,0.9894265971911985,0.9956198933732846,0.9999323020429429,0.9825097699848528
sun_earth_365d_b08,benchmark_fine,6,0.1875,0.44460296630859375,0.998527831268285,0.9903191575079596,0.9856234692271435,0.9870391050458541,0.9897088808492549,0.9996660968867868,0.9999323020429429,0.9824363198516898
sun_earth_365d_b08,benchmark_fine,7,0.21875,0.3552513122558594,0.998527831268285,0.9903191575079596,0.9867488713522514,0.988143135872592,0.9900008087842764,0.9996543226030778,0.9999323020429429,0.9865934922662537
sun_earth_365d_b08,benchmark_fine,8,0.25,0.272857666015625,0.998527831268285,0.9903191575079596,0.9880411242305285,0.9894011929452226,0.9902990381931364,0.9966414882079847,0.9999323020429429,0.9866422192750548
sun_earth_365d_b08,benchmark_fine,9,0.28125,0.3557472229003906,0.998527831268285,0.9903191575079596,0.9894737497897821,0.9907835976035133,0.9906021764617317,0.9993536710262128,0.9999323020429429,0.988655426982246
sun_earth_365d_b08,benchmark_fine,10,0.3125,0.43851470947265625,0.998527831268285,0.9903191575079596,0.9909065191665787,0.9921581476431717,0.990897350710052,0.999523585583193,0.9999323020429429,0.9904432292279692
sun_earth_365d_b08,benchmark_fine,11,0.34375,0.6415214538574219,0.998527831268285,0.9903191575079596,0.9921538598472545,0.9933576483299276,0.9911691421008766,0.99929091411741,0.9999323020429429,0.9913824308731751
sun_earth_365d_b08,benchmark_fine,12,0.375,0.4703826904296875,0.998527831268285,0.9903191575079596,0.9931014564917096,0.994282013581063,0.9914062065891291,0.9997891288306011,0.9999323020429429,0.9925650029600328
sun_earth_365d_b08,benchmark_fine,13,0.40625,0.3645515441894531,0.998527831268285,0.9903191575079596,0.9937000796105081,0.9948862891998512,0.9915996700878301,0.9950699504588039,0.9999323020429429,0.9904438309962705
sun_earth_365d_b08,benchmark_fine,14,0.4375,0.6603317260742188,0.998527831268285,0.9903191575079596,0.9939704954512211,0.995183216565564,0.9917427323953962,0.9977531006905922,0.9999323020429429,0.9914682890491329
sun_earth_365d_b08,benchmark_fine,15,0.46875,0.3931236267089844,0.998527831268285,0.9903191575079596,0.9940323792221806,0.9952727890431594,0.9918305093740375,0.9958672642467089,0.9999323020429429,0.991463161593321
sun_earth_365d_b08,benchmark_fine,16,0.5,0.38922119140625,0.998527831268285,0.9903191575079596,0.9940372145957778,0.9952884032628097,0.9918601014230283,0.9999992527355555,0.9999323020429429,0.9920002029184904
sun_earth_365d_b08,benchmark_fine,17,0.53125,0.7197914123535156,0.998527831268285,0.9903191575079596,0.994032379222181,0.995272788286332,0.9918305081167885,0.9952735172445722,0.9999323020429429,0.9932104524947966
sun_earth_365d_b08,benchmark_fine,18,0.5625,0.37323760986328125,0.998527831268285,0.9903191575079596,0.9939704954512214,0.9951832176071664,0.9917427298629082,0.9994104689025947,0.9999323020429429,0.9914193140858153
sun_earth_365d_b08,benchmark_fine,19,0.59375,0.2963371276855469,0.998527831268285,0.9903191575079596,0.9937000796105071,0.9948862920680319,0.9915996662452231,0.9999134299461114,0.9999323020429429,0.9933862279540357
sun_earth_365d_b08,benchmark_fine,20,0.625,0.3256378173828125,0.998527831268285,0.9903191575079596,0.993101456491706,0.9942820104222192,0.9914062013841545,0.9988864904915054,0.9999323020429429,0.9926609978237055
sun_earth_365d_b08,benchmark_fine,21,0.65625,0.5924873352050781,0.998527831268285,0.9903191575079596,0.9921538598472491,0.993357650432515,0.9911691354625384,0.9962345411983791,0.9999323020429429,0.991699857097534
sun_earth_365d_b08,benchmark_fine,22,0.6875,0.5419540405273438,0.998527831268285,0.9903191575079596,0.990906519166572,0.99215814731359,0.9908973425470122,0.9975458018872133,0.9999323020429429,0.9900250351123471
sun_earth_365d_b08,benchmark_fine,23,0.71875,0.3473777770996094,0.998527831268285,0.9903191575079596,0.9894737497897752,0.9907835983134055,0.9906021666627787,0.9988130084914907,0.9999323020429429,0.989255131507494
sun_earth_365d_b08,benchmark_fine,24,0.75,0.710540771484375,0.998527831268285,0.9903191575079596,0.988041124230522,0.9894011925024255,0.9902990817590297,0.9998156821103447,0.9999323020429429,0.9863713972724077
sun_earth_365d_b08,benchmark_fine,25,0.78125,0.5639381408691406,0.998527831268285,0.9903191575079596,0.9867488713522453,0.9881431353695957,0.9900008472605342,0.999956140818254,0.9999323020429429,0.984926408936479
sun_earth_365d_b08,benchmark_fine,26,0.8125,0.29721832275390625,0.998527831268285,0.9903191575079596,0.9856234692271382,0.9870391056210885,0.9897089141109088,0.9958977317043184,0.9999323020429429,0.9819401896106231
sun_earth_365d_b08,benchmark_fine,27,0.84375,0.3150444030761719,0.998527831268285,0.9903191575079596,0.9846673086250857,0.9860955458840609,0.9894266251208184,0.997094898697464,0.9999323020429429,0.9809443612308196
sun_earth_365d_b08,benchmark_fine,28,0.875,0.2922210693359375,0.998527831268285,0.9903191575079596,0.9838823573909254,0.9853175087195245,0.9891604292590528,0.9966149648883451,0.9999323020429429,0.9806171033984583
sun_earth_365d_b08,benchmark_fine,29,0.90625,0.7274055480957031,0.998527831268285,0.9903191575079596,0.9832702077877754,0.9847088190807232,0.9889203762114622,0.9986205698595373,0.9999323020429429,0.9818940644983953
sun_earth_365d_b08,benchmark_fine,30,0.9375,0.6020431518554688,0.998527831268285,0.9903191575079596,0.9828320876394202,0.9842722350143467,0.9887216338795086,0.9943179286762461,0.9999323020429429,0.9769081474537539
sun_earth_365d_b08,benchmark_fine,31,0.96875,0.2528038024902344,0.998527831268285,0.9903191575079596,0.982568868455806,0.9840095952558462,0.9885892815404411,0.9999941920635116,0.9999323020429429,0.9809711164718368
sun_earth_1000d,api_default,0,0.0,0.7431640625,0.9984678515980784,0.9887625056910316,0.9943329598799492,0.9957177843404527,0.9872875454025715,0.9260764725624808,0.9996999739824918,0.9361464926661406
sun_earth_1000d,api_default,1,0.03125,0.5639686584472656,0.9984678515980784,0.9887625056910316,0.9942722374784569,0.995646884991863,0.9872814233852528,0.999152144226749,0.9996999739824918,0.9880153641433749
sun_earth_1000d,api_default,2,0.0625,0.39820098876953125,0.9984678515980784,0.9887625056910316,0.9940726255872098,0.99541910094527,0.9872639271039289,0.9419847773277271,0.9996999739824918,0.957374506541846
sun_earth_1000d,api_default,3,0.09375,0.6999626159667969,0.9984678515980784,0.9887625056910316,0.99343404508342,0.9947621337951711,0.9872379382060144,0.9026280939883772,0.9996999739824918,0.9817558916600275
sun_earth_1000d,api_default,4,0.125,0.5852203369140625,0.9984678515980784,0.9887625056910316,0.9916914242199089,0.993071840253163,0.9872098517046368,0.8840724128941114,0.9996999739824918,0.9532838557866636
sun_earth_1000d,api_default,5,0.15625,0.4787788391113281,0.9984678515980784,0.9887625056910316,0.9895986122484173,0.9910381024999361,0.9871922766677281,0.9964835268977249,0.9996999739824918,0.9830928663016265
sun_earth_1000d,api_default,6,0.1875,0.6466293334960938,0.9984678515980784,0.9887625056910316,0.9876575516460511,0.9891318906681035,0.9871805944961682,0.9944062069276106,0.9996999739824918,0.9875045374730893
sun_earth_1000d,api_default,7,0.21875,0.7389183044433594,0.9984678515980784,0.9887625056910316,0.9858811854943496,0.9873740464060703,0.9871569293930277,0.946865392122508,0.9996999739824918,0.9762034260330155
sun_earth_1000d,api_default,8,0.25,0.432037353515625,0.9984678515980784,0.9887625056910316,0.9842760061220888,0.9857773624817807,0.9871076115554415,0.938634485478674,0.9996999739824918,0.9827975469746028
sun_earth_1000d,api_default,9,0.28125,0.4127540588378906,0.9984678515980784,0.9887625056910316,0.9828475513972906,0.9843517882115612,0.9870236879495857,0.8966885253082556,0.9996999739824918,0.966528102859981
sun_earth_1000d,api_default,10,0.3125,0.31266021728515625,0.9984678515980784,0.9887625056910316,0.9816005285688256,0.983104872579639,0.9869013830438604,0.9974949298963008,0.9996999739824918,0.9787793037817389
sun_earth_1000d,api_default,11,0.34375,0.4954032897949219,0.9984678515980784,0.9887625056910316,0.9805388998041474,0.9820422943818874,0.9867425468810228,0.9084116505795832,0.9996999739824918,0.9578320351107018
sun_earth_1000d,api_default,12,0.375,0.5869598388671875,0.9984678515980784,0.9887625056910316,0.9796659423058247,0.9811682308637797,0.9865551473298589,0.9385434873250302,0.9996999739824918,0.9664473709839335
sun_earth_1000d,api_default,13,0.40625,0.3055915832519531,0.9984678515980784,0.9887625056910316,0.9789842909343432,0.9804856591073995,0.9863543852407103,0.9562153167409965,0.9996999739824918,0.9727399910384501
sun_earth_1000d,api_default,14,0.4375,0.42217254638671875,0.9984678515980784,0.9887625056910316,0.9784959683455764,0.9799966713164501,0.9861657779020171,0.9051557162312799,0.9996999739824918,0.975323526394455
sun_earth_1000d,api_default,15,0.46875,0.7180747985839844,0.9984678515980784,0.9887625056910316,0.9782024058598301,0.9797027079309244,0.9860351606032041,0.9653059836541289,0.9996999739824918,0.9485168852260882
sun_earth_1000d,api_default,16,0.5,0.72247314453125,0.9984678515980784,0.9887625056910316,0.9781044571263441,0.9796046257871103,0.9859905359668888,0.9990304209521124,0.9996999739824918,0.9778971247492618
sun_earth_1000d,api_default,17,0.53125,0.2772865295410156,0.9984678515980784,0.9887625056910316,0.9782024058598312,0.9797027078162119,0.9860351548517926,0.999900323634028,0.9996999739824918,0.9715132142718993
sun_earth_1000d,api_default,18,0.5625,0.6300735473632812,0.9984678515980784,0.9887625056910316,0.9784959683455786,0.9799966712206338,0.9861657664143261,0.9814074927049269,0.9996999739824918,0.9676476243911132
sun_earth_1000d,api_default,19,0.59375,0.7420158386230469,0.9984678515980784,0.9887625056910316,0.9789842909343464,0.9804856591043363,0.9863543680662048,0.9896053792492264,0.9996999739824918,0.9680974063610998
sun_earth_1000d,api_default,20,0.625,0.3358917236328125,0.9984678515980784,0.9887625056910316,0.9796659423058288,0.9811682308382946,0.9865551245631016,0.9219662360015345,0.9996999739824918,0.9563708748279676
sun_earth_1000d,api_default,21,0.65625,0.7309150695800781,0.9984678515980784,0.9887625056910316,0.9805388998041519,0.982042294455497,0.9867425186414557,0.9707470692614086,0.9996999739824918,0.978098287291741
sun_earth_1000d,api_default,22,0.6875,0.6603622436523438,0.9984678515980784,0.9887625056910316,0.981600528568831,0.9831048721702995,0.9869013494667775,0.9924466083878771,0.9996999739824918,0.9753146882336388
sun_earth_1000d,api_default,23,0.71875,0.6437644958496094,0.9984678515980784,0.9887625056910316,0.9828475513972972,0.9843517882027485,0.9870236491800074,0.9313373106949564,0.9996999739824918,0.9656645723982863
sun_earth_1000d,api_default,24,0.75,0.600067138671875,0.9984678515980784,0.9887625056910316,0.9842760061220954,0.9857773627256415,0.9871075677444205,0.9895524534300015,0.9996999739824918,0.9733669389082527
sun_earth_1000d,api_default,25,0.78125,0.2981910705566406,0.9984678515980784,0.9887625056910316,0.9858811854943572,0.9873740461730084,0.987156880694292,0.9796727951439549,0.9996999739824918,0.9591823115615101
sun_earth_1000d,api_default,26,0.8125,0.5296401977539062,0.9984678515980784,0.9887625056910316,0.9876575516460596,0.9891318909585602,0.9871805410640715,0.9998637614582223,0.9996999739824918,0.9813406091578226
sun_earth_1000d,api_default,27,0.84375,0.5959281921386719,0.9984678515980784,0.9887625056910316,0.9895986122484268,0.9910381030161383,0.9871922186559814,0.9166315077299845,0.9996999739824918,0.9702611482622846
sun_earth_1000d,api_default,28,0.875,0.5594329833984375,0.9984678515980784,0.9887625056910316,0.9916914242199191,0.9930718420430381,0.9872098224658622,0.9903211840326132,0.9996999739824918,0.9739095265211538
sun_earth_1000d,api_default,29,0.90625,0.4380989074707031,0.9984678515980784,0.9887625056910316,0.9934340450834259,0.9947621340746013,0.987237940339159,0.9842108336776446,0.9996999739824918,0.971681399107241
sun_earth_1000d,api_default,30,0.9375,0.31884002685546875,0.9984678515980784,0.9887625056910316,0.9940726255872109,0.9954191034064835,0.987263928468025,0.9318596795016763,0.9996999739824918,0.9908304221762019
sun_earth_1000d,api_default,31,0.96875,0.3998985290527344,0.9984678515980784,0.9887625056910316,0.9942722374784569,0.9956468848537323,0.9872814240501321,0.9999992931088459,0.9996999739824918,0.9893837264821155
sun_earth_1000d,benchmark_original,0,0.0,0.7303466796875,0.9984678515980784,0.9887625056910316,0.9943329598799492,0.9957177843404527,0.9872875454025715,0.9795211702381187,0.9975318869023803,0.9833798437831578
sun_earth_1000d,benchmark_original,1,0.03125,0.6732215881347656,0.9984678515980784,0.9887625056910316,0.9942722374784569,0.995646884991863,0.9872814233852528,0.9604064215666589,0.9975318869023803,0.9801950363073658
sun_earth_1000d,benchmark_original,2,0.0625,0.7462234497070312,0.9984678515980784,0.9887625056910316,0.9940726255872098,0.99541910094527,0.9872639271039289,0.9994276200163345,0.9975318869023803,0.9905836857896461
sun_earth_1000d,benchmark_original,3,0.09375,0.6980094909667969,0.9984678515980784,0.9887625056910316,0.99343404508342,0.9947621337951711,0.9872379382060144,0.9770747579958858,0.9975318869023803,0.9825522373048243
sun_earth_1000d,benchmark_original,4,0.125,0.4107818603515625,0.9984678515980784,0.9887625056910316,0.9916914242199089,0.993071840253163,0.9872098517046368,0.9973508895277492,0.9975318869023803,0.9893377935732951
sun_earth_1000d,benchmark_original,5,0.15625,0.4308052062988281,0.9984678515980784,0.9887625056910316,0.9895986122484173,0.9910381024999361,0.9871922766677281,0.9929129200021013,0.9975318869023803,0.9651000189483817
sun_earth_1000d,benchmark_original,6,0.1875,0.46974945068359375,0.9984678515980784,0.9887625056910316,0.9876575516460511,0.9891318906681035,0.9871805944961682,0.9994215236397658,0.9975318869023803,0.9855035200056502
sun_earth_1000d,benchmark_original,7,0.21875,0.3222923278808594,0.9984678515980784,0.9887625056910316,0.9858811854943496,0.9873740464060703,0.9871569293930277,0.9943510105646657,0.9975318869023803,0.9740107214077647
sun_earth_1000d,benchmark_original,8,0.25,0.388824462890625,0.9984678515980784,0.9887625056910316,0.9842760061220888,0.9857773624817807,0.9871076115554415,0.990738239520136,0.9975318869023803,0.9682735719029922
sun_earth_1000d,benchmark_original,9,0.28125,0.6377296447753906,0.9984678515980784,0.9887625056910316,0.9828475513972906,0.9843517882115612,0.9870236879495857,0.9631704373184237,0.9975318869023803,0.9724494139630474
sun_earth_1000d,benchmark_original,10,0.3125,0.26798248291015625,0.9984678515980784,0.9887625056910316,0.9816005285688256,0.983104872579639,0.9869013830438604,0.9279624186165546,0.9975318869023803,0.9800334344821376
sun_earth_1000d,benchmark_original,11,0.34375,0.4908866882324219,0.9984678515980784,0.9887625056910316,0.9805388998041474,0.9820422943818874,0.9867425468810228,0.9779005223408626,0.9975318869023803,0.9639385958076029
sun_earth_1000d,benchmark_original,12,0.375,0.4210662841796875,0.9984678515980784,0.9887625056910316,0.9796659423058247,0.9811682308637797,0.9865551473298589,0.9883267962673575,0.9975318869023803,0.9782115327983103
sun_earth_1000d,benchmark_original,13,0.40625,0.2845954895019531,0.9984678515980784,0.9887625056910316,0.9789842909343432,0.9804856591073995,0.9863543852407103,0.9425370980606849,0.9975318869023803,0.9737420379414906
sun_earth_1000d,benchmark_original,14,0.4375,0.5973434448242188,0.9984678515980784,0.9887625056910316,0.9784959683455764,0.9799966713164501,0.9861657779020171,0.9668283905077426,0.9975318869023803,0.973744355801263
sun_earth_1000d,benchmark_original,15,0.46875,0.5444908142089844,0.9984678515980784,0.9887625056910316,0.9782024058598301,0.9797027079309244,0.9860351606032041,0.9667016449315174,0.9975318869023803,0.9749030358593579
sun_earth_1000d,benchmark_original,16,0.5,0.41510009765625,0.9984678515980784,0.9887625056910316,0.9781044571263441,0.9796046257871103,0.9859905359668888,0.9365939512508673,0.9975318869023803,0.9685735554312623
sun_earth_1000d,benchmark_original,17,0.53125,0.2689857482910156,0.9984678515980784,0.9887625056910316,0.9782024058598312,0.9797027078162119,0.9860351548517926,0.9806989085707097,0.9975318869023803,0.976739011400574
sun_earth_1000d,benchmark_original,18,0.5625,0.5899124145507812,0.9984678515980784,0.9887625056910316,0.9784959683455786,0.9799966712206338,0.9861657664143261,0.9768535594899435,0.9975318869023803,0.9752475969935276
sun_earth_1000d,benchmark_original,19,0.59375,0.6870841979980469,0.9984678515980784,0.9887625056910316,0.9789842909343464,0.9804856591043363,0.9863543680662048,0.9999783249917767,0.9975318869023803,0.9679719946213005
sun_earth_1000d,benchmark_original,20,0.625,0.5601348876953125,0.9984678515980784,0.9887625056910316,0.9796659423058288,0.9811682308382946,0.9865551245631016,0.9648094381662345,0.9975318869023803,0.976317510108297
sun_earth_1000d,benchmark_original,21,0.65625,0.5443916320800781,0.9984678515980784,0.9887625056910316,0.9805388998041519,0.982042294455497,0.9867425186414557,0.9922605980400778,0.9975318869023803,0.9726214846324894
sun_earth_1000d,benchmark_original,22,0.6875,0.5002059936523438,0.9984678515980784,0.9887625056910316,0.981600528568831,0.9831048721702995,0.9869013494667775,0.9459049398957285,0.9975318869023803,0.9785133833405416
sun_earth_1000d,benchmark_original,23,0.71875,0.5024070739746094,0.9984678515980784,0.9887625056910316,0.9828475513972972,0.9843517882027485,0.9870236491800074,0.9958293918871592,0.9975318869023803,0.9805588342621173
sun_earth_1000d,benchmark_original,24,0.75,0.612762451171875,0.9984678515980784,0.9887625056910316,0.9842760061220954,0.9857773627256415,0.9871075677444205,0.9299593366784866,0.9975318869023803,0.9631910379927711
sun_earth_1000d,benchmark_original,25,0.78125,0.2563209533691406,0.9984678515980784,0.9887625056910316,0.9858811854943572,0.9873740461730084,0.987156880694292,0.9553222060992168,0.9975318869023803,0.9740006287559654
sun_earth_1000d,benchmark_original,26,0.8125,0.5926284790039062,0.9984678515980784,0.9887625056910316,0.9876575516460596,0.9891318909585602,0.9871805410640715,0.9996362628275094,0.9975318869023803,0.9757169306226611
sun_earth_1000d,benchmark_original,27,0.84375,0.6635551452636719,0.9984678515980784,0.9887625056910316,0.9895986122484268,0.9910381030161383,0.9871922186559814,0.9698605425324791,0.9975318869023803,0.979419970109846
sun_earth_1000d,benchmark_original,28,0.875,0.2822113037109375,0.9984678515980784,0.9887625056910316,0.9916914242199191,0.9930718420430381,0.9872098224658622,0.9985041896023507,0.9975318869023803,0.9733352209858915
sun_earth_1000d,benchmark_original,29,0.90625,0.4261360168457031,0.9984678515980784,0.9887625056910316,0.9934340450834259,0.9947621340746013,0.987237940339159,0.9551597077639753,0.9975318869023803,0.9905784030029888
sun_earth_1000d,benchmark_original,30,0.9375,0.46373748779296875,0.9984678515980784,0.9887625056910316,0.9940726255872109,0.9954191034064835,0.987263928468025,0.9394756859950248,0.9975318869023803,0.9657994546978453
sun_earth_1000d,benchmark_original,31,0.96875,0.3081016540527344,0.9984678515980784,0.9887625056910316,0.9942722374784569,0.9956468848537323,0.9872814240501321,0.9817063395164763,0.9975318869023803,0.9711911851736972
sun_earth_1000d,benchmark_fine,0,0.0,0.4010009765625,0.9984678515980784,0.9887625056910316,0.9943329598799492,0.9957177843404527,0.9872875454025715,0.9999916963851577,0.9994587345995343,0.9911976260436755
sun_earth_1000d,benchmark_fine,1,0.03125,0.7117958068847656,0.9984678515980784,0.9887625056910316,0.9942722374784569,0.995646884991863,0.9872814233852528,0.9998483762606895,0.9994587345995343,0.9933849790536136
sun_earth_1000d,benchmark_fine,2,0.0625,0.42847442626953125,0.9984678515980784,0.9887625056910316,0.9940726255872098,0.99541910094527,0.9872639271039289,0.9948586069315982,0.9994587345995343,0.9936057605769064
sun_earth_1000d,benchmark_fine,3,0.09375,0.6233024597167969,0.9984678515980784,0.9887625056910316,0.99343404508342,0.9947621337951711,0.9872379382060144,0.99994756351602,0.9994587345995343,0.9923491240388469
sun_earth_1000d,benchmark_fine,4,0.125,0.3955230712890625,0.9984678515980784,0.9887625056910316,0.9916914242199089,0.993071840253163,0.9872098517046368,0.9954210591675451,0.9994587345995343,0.9912984523193786
sun_earth_1000d,benchmark_fine,5,0.15625,0.6794624328613281,0.9984678515980784,0.9887625056910316,0.9895986122484173,0.9910381024999361,0.9871922766677281,0.9986832029462709,0.9994587345995343,0.9883755177571358
sun_earth_1000d,benchmark_fine,6,0.1875,0.5029525756835938,0.9984678515980784,0.9887625056910316,0.9876575516460511,0.9891318906681035,0.9871805944961682,0.9999425204215554,0.9994587345995343,0.9854790444025867
sun_earth_1000d,benchmark_fine,7,0.21875,0.3428001403808594,0.9984678515980784,0.9887625056910316,0.9858811854943496,0.9873740464060703,0.9871569293930277,0.9999998094428229,0.9994587345995343,0.9823779016617951
sun_earth_1000d,benchmark_fine,8,0.25,0.627838134765625,0.9984678515980784,0.9887625056910316,0.9842760061220888,0.9857773624817807,0.9871076115554415,0.9988007652178101,0.9994587345995343,0.9831623348292743
sun_earth_1000d,benchmark_fine,9,0.28125,0.6832618713378906,0.9984678515980784,0.9887625056910316,0.9828475513972906,0.9843517882115612,0.9870236879495857,0.9987994752678582,0.9994587345995343,0.9810155390409634
sun_earth_1000d,benchmark_fine,10,0.3125,0.7316055297851562,0.9984678515980784,0.9887625056910316,0.9816005285688256,0.983104872579639,0.9869013830438604,0.999737196891724,0.9994587345995343,0.9801680137175669
sun_earth_1000d,benchmark_fine,11,0.34375,0.6910820007324219,0.9984678515980784,0.9887625056910316,0.9805388998041474,0.9820422943818874,0.9867425468810228,0.9972298797252501,0.9994587345995343,0.9739659638457454
sun_earth_1000d,benchmark_fine,12,0.375,0.5752410888671875,0.9984678515980784,0.9887625056910316,0.9796659423058247,0.9811682308637797,0.9865551473298589,0.9993223372673029,0.9994587345995343,0.9769092924223944
sun_earth_1000d,benchmark_fine,13,0.40625,0.3558845520019531,0.9984678515980784,0.9887625056910316,0.9789842909343432,0.9804856591073995,0.9863543852407103,0.9979643131273019,0.9994587345995343,0.973706519368141
sun_earth_1000d,benchmark_fine,14,0.4375,0.44646453857421875,0.9984678515980784,0.9887625056910316,0.9784959683455764,0.9799966713164501,0.9861657779020171,0.9981980064016235,0.9994587345995343,0.9731382727696414
sun_earth_1000d,benchmark_fine,15,0.46875,0.3582115173339844,0.9984678515980784,0.9887625056910316,0.9782024058598301,0.9797027079309244,0.9860351606032041,0.9988699572622457,0.9994587345995343,0.9731420592248897
sun_earth_1000d,benchmark_fine,16,0.5,0.54620361328125,0.9984678515980784,0.9887625056910316,0.9781044571263441,0.9796046257871103,0.9859905359668888,0.9998871991569935,0.9994587345995343,0.9773431896083946
sun_earth_1000d,benchmark_fine,17,0.53125,0.3977699279785156,0.9984678515980784,0.9887625056910316,0.9782024058598312,0.9797027078162119,0.9860351548517926,0.9965969821901363,0.9994587345995343,0.9732191034750205
sun_earth_1000d,benchmark_fine,18,0.5625,0.47174835205078125,0.9984678515980784,0.9887625056910316,0.9784959683455786,0.9799966712206338,0.9861657664143261,0.9999764262047964,0.9994587345995343,0.9733263136522711
sun_earth_1000d,benchmark_fine,19,0.59375,0.4383049011230469,0.9984678515980784,0.9887625056910316,0.9789842909343464,0.9804856591043363,0.9863543680662048,0.99979319905323,0.9994587345995343,0.9747032126659995
sun_earth_1000d,benchmark_fine,20,0.625,0.3592071533203125,0.9984678515980784,0.9887625056910316,0.9796659423058288,0.9811682308382946,0.9865551245631016,0.9995619657416994,0.9994587345995343,0.9789772363238721
sun_earth_1000d,benchmark_fine,21,0.65625,0.7058906555175781,0.9984678515980784,0.9887625056910316,0.9805388998041519,0.982042294455497,0.9867425186414557,0.9992551981580631,0.9994587345995343,0.9799227722910415
sun_earth_1000d,benchmark_fine,22,0.6875,0.32015228271484375,0.9984678515980784,0.9887625056910316,0.981600528568831,0.9831048721702995,0.9869013494667775,0.9999548175424031,0.9994587345995343,0.9787591931933627
sun_earth_1000d,benchmark_fine,23,0.71875,0.4060935974121094,0.9984678515980784,0.9887625056910316,0.9828475513972972,0.9843517882027485,0.9870236491800074,0.9996485286113775,0.9994587345995343,0.9817436129954638
sun_earth_1000d,benchmark_fine,24,0.75,0.561492919921875,0.9984678515980784,0.9887625056910316,0.9842760061220954,0.9857773627256415,0.9871075677444205,0.9995708902547408,0.9994587345995343,0.9815141571744188
sun_earth_1000d,benchmark_fine,25,0.78125,0.3957252502441406,0.9984678515980784,0.9887625056910316,0.9858811854943572,0.9873740461730084,0.987156880694292,0.9947194222196348,0.9994587345995343,0.9855509436065548
sun_earth_1000d,benchmark_fine,26,0.8125,0.35434722900390625,0.9984678515980784,0.9887625056910316,0.9876575516460596,0.9891318909585602,0.9871805410640715,0.9999335289352475,0.9994587345995343,0.9870322924661338
sun_earth_1000d,benchmark_fine,27,0.84375,0.7298393249511719,0.9984678515980784,0.9887625056910316,0.9895986122484268,0.9910381030161383,0.9871922186559814,0.9990289801396651,0.9994587345995343,0.9886886895500168
sun_earth_1000d,benchmark_fine,28,0.875,0.3661956787109375,0.9984678515980784,0.9887625056910316,0.9916914242199191,0.9930718420430381,0.9872098224658622,0.9998390070957794,0.9994587345995343,0.9911163691712258
sun_earth_1000d,benchmark_fine,29,0.90625,0.5640754699707031,0.9984678515980784,0.9887625056910316,0.9934340450834259,0.9947621340746013,0.987237940339159,0.9948142099509909,0.9994587345995343,0.9929745665621498
sun_earth_1000d,benchmark_fine,30,0.9375,0.42443084716796875,0.9984678515980784,0.9887625056910316,0.9940726255872109,0.9954191034064835,0.987263928468025,0.9968594480267445,0.9994587345995343,0.9924041954389472
sun_earth_1000d,benchmark_fine,31,0.96875,0.3480186462402344,0.9984678515980784,0.9887625056910316,0.9942722374784569,0.9956468848537323,0.9872814240501321,0.9970250252636335,0.9994587345995343,0.993683523956262
sun_earth_100d_e08,api_default,0,0.0,0.4423828125,0.9989361203741073,0.9889536287121632,0.9877684948476494,0.9888002385116034,0.9693063103524803,0.8932354109549564,0.8617794080629783,0.8328498693856095
sun_earth_100d_e08,api_default,1,0.03125,0.5522613525390625,0.9989361203741073,0.9889536287121632,0.985903508056008,0.9869213114318168,0.9680997278150006,0.9796710863448381,0.8617794080629783,0.8315921743095656
sun_earth_100d_e08,api_default,2,0.0625,0.296417236328125,0.9989361203741073,0.9889536287121632,0.9785116976384924,0.9795388223603962,0.9647457277346416,0.9572157490624643,0.8617794080629783,0.8819337226543122
sun_earth_100d_e08,api_default,3,0.09375,0.4394989013671875,0.9989361203741073,0.9889536287121632,0.9687420775013049,0.9697724887784678,0.9597590593079686,0.994865140125054,0.8617794080629783,0.8238830196922367
sun_earth_100d_e08,api_default,4,0.125,0.32476806640625,0.9989361203741073,0.9889536287121632,0.959217364358819,0.9602389116062015,0.9532195908342952,0.9257008919736948,0.8617794080629783,0.8722158534830322
sun_earth_100d_e08,api_default,5,0.15625,0.4693145751953125,0.9989361203741073,0.9889536287121632,0.9500965170079877,0.9511083803762069,0.9457029018745926,0.9572679714488214,0.8617794080629783,0.8740689434385331
sun_earth_100d_e08,api_default,6,0.1875,0.305267333984375,0.9989361203741073,0.9889536287121632,0.9414771764283114,0.9424798526298382,0.9381895004760864,0.9190157927336001,0.8617794080629783,0.8680336845067476
sun_earth_100d_e08,api_default,7,0.21875,0.4136810302734375,0.9989361203741073,0.9889536287121632,0.9334424809734253,0.9344365811929255,0.9309761341083459,0.9195679070668793,0.8617794080629783,0.8417675239565889
sun_earth_100d_e08,api_default,8,0.25,0.6861572265625,0.9989361203741073,0.9889536287121632,0.9260646881662974,0.9270509104364674,0.9242151031493738,0.9430342926638581,0.8617794080629783,0.8240628915135567
sun_earth_100d_e08,api_default,9,0.28125,0.3087310791015625,0.9989361203741073,0.9889536287121632,0.919407079792218,0.9203861936245535,0.9180208368145885,0.9588286771107174,0.8617794080629783,0.8540581560075976
sun_earth_100d_e08,api_default,10,0.3125,0.617828369140625,0.9989361203741073,0.9889536287121632,0.9135249695139708,0.9144978045774705,0.9124846837513875,0.8942382096273744,0.8617794080629783,0.8158673382064361
sun_earth_100d_e08,api_default,11,0.34375,0.3990936279296875,0.9989361203741073,0.9889536287121632,0.9084662048753334,0.9094336419152559,0.9076811178233912,0.9985640012815096,0.8617794080629783,0.8499792336217189
sun_earth_100d_e08,api_default,12,0.375,0.44598388671875,0.9989361203741073,0.9889536287121632,0.9042713843585809,0.9052343467807789,0.9036708241286203,0.9981579778239071,0.8617794080629783,0.8173328116160814
sun_earth_100d_e08,api_default,13,0.40625,0.6188507080078125,0.9989361203741073,0.9889536287121632,0.90097394660649,0.9019333927672843,0.9005023023106721,0.8904118845885461,0.8617794080629783,0.8197420353861034
sun_earth_100d_e08,api_default,14,0.4375,0.588592529296875,0.9989361203741073,0.9889536287121632,0.8985999297163257,0.8995568449951522,0.89821275353841,0.9988702833803899,0.8617794080629783,0.843225982876872
sun_earth_100d_e08,api_default,15,0.46875,0.5720062255859375,0.9989361203741073,0.9889536287121632,0.897167995578021,0.8981233844869753,0.8968285310298072,0.8999297229242069,0.8617794080629783,0.8423506231275337
sun_earth_100d_e08,api_default,16,0.5,0.594482421875,0.9989361203741073,0.9889536287121632,0.8966894279219043,0.8976443067728167,0.896365374904378,0.9598768209932407,0.8617794080629783,0.8418840678652655
sun_earth_100d_e08,api_default,17,0.53125,0.4997711181640625,0.9989361203741073,0.9889536287121632,0.8971679955780202,0.8981233845272473,0.8968285225061159,0.9408643259706614,0.8617794080629783,0.804927983996033
sun_earth_100d_e08,api_default,18,0.5625,0.543243408203125,0.9989361203741073,0.9889536287121632,0.8985999297163252,0.8995568449646066,0.8982127365275289,0.9034630689295062,0.8617794080629783,0.8285946131418341
sun_earth_100d_e08,api_default,19,0.59375,0.7117156982421875,0.9989361203741073,0.9889536287121632,0.9009739466064891,0.9019333928029915,0.9005022768849124,0.9981698337012571,0.8617794080629783,0.8064993375209097
sun_earth_100d_e08,api_default,20,0.625,0.55694580078125,0.9989361203741073,0.9889536287121632,0.9042713843585795,0.9052343467637946,0.9036707903946909,0.8868206132113722,0.8617794080629783,0.791783165010599
sun_earth_100d_e08,api_default,21,0.65625,0.3748321533203125,0.9989361203741073,0.9889536287121632,0.9084662048753313,0.9094336419289984,0.9076810759207871,0.9999516997605369,0.8617794080629783,0.8493529355730065
sun_earth_100d_e08,api_default,22,0.6875,0.251312255859375,0.9989361203741073,0.9889536287121632,0.913524969513968,0.9144978045904971,0.9124846338498303,0.9846930085495987,0.8617794080629783,0.8364794237299665
sun_earth_100d_e08,api_default,23,0.71875,0.3167572021484375,0.9989361203741073,0.9889536287121632,0.9194070797922156,0.9203861936086035,0.9180207791116555,0.9774075607210324,0.8617794080629783,0.8223909499047501
sun_earth_100d_e08,api_default,24,0.75,0.7005615234375,0.9989361203741073,0.9889536287121632,0.9260646881662948,0.927050910444451,0.9242150378677804,0.9041023524089025,0.8617794080629783,0.8464908963009964
sun_earth_100d_e08,api_default,25,0.78125,0.4788970947265625,0.9989361203741073,0.9889536287121632,0.9334424809734222,0.9344365812007471,0.9309760614933648,0.9516658872374266,0.8617794080629783,0.8387492914079963
sun_earth_100d_e08,api_default,26,0.8125,0.440826416015625,0.9989361203741073,0.9889536287121632,0.9414771764283085,0.9424798526321787,0.9381894207939919,0.9996843202440389,0.8617794080629783,0.853442757151435
sun_earth_100d_e08,api_default,27,0.84375,0.4535369873046875,0.9989361203741073,0.9889536287121632,0.9500965170079851,0.951108380384171,0.9457028154124308,0.9883720825209084,0.8617794080629783,0.8391401946964125
sun_earth_100d_e08,api_default,28,0.875,0.32171630859375,0.9989361203741073,0.9889536287121632,0.9592173643588179,0.96023891163406,0.9532194979131609,0.9497651049332365,0.8617794080629783,0.8788981689690172
sun_earth_100d_e08,api_default,29,0.90625,0.4569854736328125,0.9989361203741073,0.9889536287121632,0.9687420775013043,0.969772488912823,0.9597589603583605,0.9708411199393027,0.8617794080629783,0.8704980538023462
sun_earth_100d_e08,api_default,30,0.9375,0.531219482421875,0.9989361203741073,0.9889536287121632,0.9785116976384911,0.9795388226765739,0.9647456232320363,0.9544012299960766,0.8617794080629783,0.8838077701227464
sun_earth_100d_e08,api_default,31,0.96875,0.6386566162109375,0.9989361203741073,0.9889536287121632,0.9859035080560073,0.9869213115116209,0.9680997287486371,0.9075584646085951,0.8617794080629783,0.8858142239718022
sun_earth_100d_e08,benchmark_original,0,0.0,0.319091796875,0.9989361203741073,0.9889536287121632,0.9924879132089818,0.99347808146328,0.9824486759901115,0.9894970790056921,0.8617794080629783,0.8380344375495652
sun_earth_100d_e08,benchmark_original,1,0.03125,0.6579666137695312,0.9989361203741073,0.9889536287121632,0.9922482811149241,0.9932266328755374,0.9822986549817224,0.9803486088218154,0.8617794080629783,0.8570719096975999
sun_earth_100d_e08,benchmark_original,2,0.0625,0.5573883056640625,0.9989361203741073,0.9889536287121632,0.9911045875671782,0.9920699112201852,0.9818583453489585,0.9708909746826431,0.8617794080629783,0.8481779314264188
sun_earth_100d_e08,benchmark_original,3,0.09375,0.41994476318359375,0.9989361203741073,0.9889536287121632,0.9887585696327685,0.9897364227333613,0.9811596109576969,0.9990204023168803,0.8617794080629783,0.8593470526491437
sun_earth_100d_e08,benchmark_original,4,0.125,0.664093017578125,0.9989361203741073,0.9889536287121632,0.9854536060219594,0.9864622624465822,0.9802706059305221,0.9577550097192491,0.8617794080629783,0.8412015941236402
sun_earth_100d_e08,benchmark_original,5,0.15625,0.34183502197265625,0.9989361203741073,0.9889536287121632,0.9818754578685455,0.9829060745176054,0.9792257494397689,0.9332969190574363,0.8617794080629783,0.8647267404147905
sun_earth_100d_e08,benchmark_original,6,0.1875,0.6616668701171875,0.9989361203741073,0.9889536287121632,0.9785187388184393,0.9795564031094524,0.9780054402503239,0.9898138760372369,0.8617794080629783,0.8641685819101382
sun_earth_100d_e08,benchmark_original,7,0.21875,0.5923385620117188,0.9989361203741073,0.9889536287121632,0.9754347934052748,0.9764725044868763,0.9766129623468406,0.9986766680632191,0.8617794080629783,0.8355062590977974
sun_earth_100d_e08,benchmark_original,8,0.25,0.68438720703125,0.9989361203741073,0.9889536287121632,0.9726386288751139,0.973674139549806,0.9750825130021925,0.9783090761019548,0.8617794080629783,0.847913240985407
sun_earth_100d_e08,benchmark_original,9,0.28125,0.6668167114257812,0.9989361203741073,0.9889536287121632,0.9701430767026409,0.9711760886262442,0.9734940010962573,0.9794803693757892,0.8617794080629783,0.852345644409885
sun_earth_100d_e08,benchmark_original,10,0.3125,0.2593536376953125,0.9989361203741073,0.9889536287121632,0.9679590768723351,0.9689898119323426,0.9720056878473292,0.9995000828460536,0.8617794080629783,0.8474055427155422
sun_earth_100d_e08,benchmark_original,11,0.34375,0.7156600952148438,0.9989361203741073,0.9889536287121632,0.9660958785773951,0.9671246550347865,0.9707023568664681,0.959552331423147,0.8617794080629783,0.8643092764286017
sun_earth_100d_e08,benchmark_original,12,0.375,0.493499755859375,0.9989361203741073,0.9889536287121632,0.964561169356459,0.9655883233993937,0.9696096871232073,0.9634981906852926,0.8617794080629783,0.8495375361029012
sun_earth_100d_e08,benchmark_original,13,0.40625,0.7022476196289062,0.9989361203741073,0.9889536287121632,0.9633611546275447,0.9643870349995047,0.968744638090733,0.9586482760421029,0.8617794080629783,0.8508389653859655
sun_earth_100d_e08,benchmark_original,14,0.4375,0.3013763427734375,0.9989361203741073,0.9889536287121632,0.9625006141592242,0.9635255786776018,0.9681189858539684,0.9820816507771316,0.8617794080629783,0.8300393088891794
sun_earth_100d_e08,benchmark_original,15,0.46875,0.37902069091796875,0.9989361203741073,0.9889536287121632,0.9619829392927102,0.9630073519694827,0.9677405872453269,0.9450823493506652,0.8617794080629783,0.8598297807343748
sun_earth_100d_e08,benchmark_original,16,0.5,0.3038330078125,0.9989361203741073,0.9889536287121632,0.9618101563150856,0.9628343846176664,0.9676139604659015,0.9628601808657846,0.8617794080629783,0.8635478896625143
sun_earth_100d_e08,benchmark_original,17,0.53125,0.7362136840820312,0.9989361203741073,0.9889536287121632,0.96198293929271,0.9630073519365397,0.9677405805265001,0.9814602849990949,0.8617794080629783,0.8459056857257429
sun_earth_100d_e08,benchmark_original,18,0.5625,0.5514068603515625,0.9989361203741073,0.9889536287121632,0.9625006141592235,0.9635255787445964,0.9681189724301181,0.9537492484368543,0.8617794080629783,0.8634261906459448
sun_earth_100d_e08,benchmark_original,19,0.59375,0.36000823974609375,0.9989361203741073,0.9889536287121632,0.9633611546275439,0.9643870350404462,0.9687446179889264,0.9686467261925628,0.8617794080629783,0.8619441408936399
sun_earth_100d_e08,benchmark_original,20,0.625,0.603179931640625,0.9989361203741073,0.9889536287121632,0.9645611693564584,0.9655883234132494,0.969609660384764,0.9876348124535368,0.8617794080629783,0.863889772792269
sun_earth_100d_e08,benchmark_original,21,0.65625,0.6107559204101562,0.9989361203741073,0.9889536287121632,0.9660958785773943,0.9671246550770858,0.9707023235471076,0.9757917841913492,0.8617794080629783,0.8638415364903756
sun_earth_100d_e08,benchmark_original,22,0.6875,0.3043670654296875,0.9989361203741073,0.9889536287121632,0.9679590768723341,0.9689898119615615,0.9720056480183958,0.945043961339158,0.8617794080629783,0.8567003248145649
sun_earth_100d_e08,benchmark_original,23,0.71875,0.35222625732421875,0.9989361203741073,0.9889536287121632,0.9701430767026404,0.9711760886344335,0.9734939548478495,0.999844462172753,0.8617794080629783,0.8524231654793194
sun_earth_100d_e08,benchmark_original,24,0.75,0.45477294921875,0.9989361203741073,0.9889536287121632,0.9726386288751137,0.9736741397122453,0.9750824604683517,0.9718909218497106,0.8617794080629783,0.8616999914283682
sun_earth_100d_e08,benchmark_original,25,0.78125,0.5773391723632812,0.9989361203741073,0.9889536287121632,0.9754347934052753,0.9764725048386977,0.9766129037356347,0.9344517299846096,0.8617794080629783,0.8460083607091932
sun_earth_100d_e08,benchmark_original,26,0.8125,0.6979522705078125,0.9989361203741073,0.9889536287121632,0.9785187388184395,0.9795564032280395,0.9780053758042179,0.9541629273919885,0.8617794080629783,0.8644851409906
sun_earth_100d_e08,benchmark_original,27,0.84375,0.38448333740234375,0.9989361203741073,0.9889536287121632,0.9818754578685451,0.9829060755818982,0.9792256794146909,0.973922652114948,0.8617794080629783,0.8640584241657555
sun_earth_100d_e08,benchmark_original,28,0.875,0.455291748046875,0.9989361203741073,0.9889536287121632,0.9854536060219584,0.9864622636803426,0.9802705305873635,0.975906274501669,0.8617794080629783,0.8656743729445533
sun_earth_100d_e08,benchmark_original,29,0.90625,0.5536880493164062,0.9989361203741073,0.9889536287121632,0.9887585696327688,0.9897364233623511,0.9811596138956052,0.9753366950585542,0.8617794080629783,0.8624640889855647
sun_earth_100d_e08,benchmark_original,30,0.9375,0.5539398193359375,0.9989361203741073,0.9889536287121632,0.9911045875671779,0.9920699104109146,0.9818583471900455,0.978516804210035,0.8617794080629783,0.8614899756812965
sun_earth_100d_e08,benchmark_original,31,0.96875,0.5395431518554688,0.9989361203741073,0.9889536287121632,0.9922482811149239,0.9932266322890314,0.9822986558681416,0.993758810852518,0.8617794080629783,0.8586720603832859
sun_earth_100d_e08,benchmark_fine,0,0.0,0.640380859375,0.9989361203741073,0.9889536287121632,0.9950986135836671,0.9960074946899093,0.9918952541154936,0.9993661144293475,0.8617794080629783,0.862563222507751
sun_earth_100d_e08,benchmark_fine,1,0.03125,0.6595497131347656,0.9989361203741073,0.9889536287121632,0.9950851907877435,0.9959871975873482,0.9918960488034094,0.9999686632844692,0.8617794080629783,0.8626023728845259
sun_earth_100d_e08,benchmark_fine,2,0.0625,0.46973419189453125,0.9989361203741073,0.9889536287121632,0.9950069661257765,0.995892564270919,0.991898743437142,0.9971938490524734,0.8617794080629783,0.8614847332675687
sun_earth_100d_e08,benchmark_fine,3,0.09375,0.4868278503417969,0.9989361203741073,0.9889536287121632,0.9947868420805952,0.9956559655824261,0.9919038766027566,0.9996460300801895,0.8617794080629783,0.8625978028863727
sun_earth_100d_e08,benchmark_fine,4,0.125,0.4261627197265625,0.9989361203741073,0.9889536287121632,0.9943630307577505,0.9952267000371897,0.9919125430351186,0.9981622497851126,0.8617794080629783,0.8625268345676056
sun_earth_100d_e08,benchmark_fine,5,0.15625,0.5456733703613281,0.9989361203741073,0.9889536287121632,0.9937309523670156,0.99460438514485,0.9919263233579013,0.9966870227243623,0.8617794080629783,0.8608727132560687
sun_earth_100d_e08,benchmark_fine,6,0.1875,0.5470199584960938,0.9989361203741073,0.9889536287121632,0.9929173262971858,0.9938152717002751,0.9919475462554874,0.9965989569453801,0.8617794080629783,0.8615522827099386
sun_earth_100d_e08,benchmark_fine,7,0.21875,0.3780784606933594,0.9989361203741073,0.9889536287121632,0.991958991090358,0.9928919437306863,0.9919802719826388,0.9971256709235806,0.8617794080629783,0.8618924118653782
sun_earth_100d_e08,benchmark_fine,8,0.25,0.369171142578125,0.9989361203741073,0.9889536287121632,0.9909282664139194,0.9918988060877375,0.9920279677457426,0.9987216762140476,0.8617794080629783,0.8615904413245303
sun_earth_100d_e08,benchmark_fine,9,0.28125,0.4195899963378906,0.9989361203741073,0.9889536287121632,0.989925339914019,0.9909271326747977,0.9920852743864245,0.9994055024579698,0.8617794080629783,0.8615337882795228
sun_earth_100d_e08,benchmark_fine,10,0.3125,0.28055572509765625,0.9989361203741073,0.9889536287121632,0.989029263858711,0.9900525032326777,0.9921465166772973,0.9995833307147534,0.8617794080629783,0.861976422101961
sun_earth_100d_e08,benchmark_fine,11,0.34375,0.3235282897949219,0.9989361203741073,0.9889536287121632,0.9882673098386672,0.9893035840676301,0.9922074938067926,0.999664143092511,0.8617794080629783,0.8619625472583305
sun_earth_100d_e08,benchmark_fine,12,0.375,0.4653778076171875,0.9989361203741073,0.9889536287121632,0.9876417786527594,0.9886854277626218,0.9922653770684061,0.998262457208299,0.8617794080629783,0.8616216848774135
sun_earth_100d_e08,benchmark_fine,13,0.40625,0.5425300598144531,0.9989361203741073,0.9889536287121632,0.9871539503168106,0.9882013278993086,0.992318725974505,0.9965655243774587,0.8617794080629783,0.8618022255870569
sun_earth_100d_e08,benchmark_fine,14,0.4375,0.5481491088867188,0.9989361203741073,0.9889536287121632,0.9868048072085445,0.9878538104796935,0.9923670134671175,0.9992564227447607,0.8617794080629783,0.861643469183444
sun_earth_100d_e08,benchmark_fine,15,0.46875,0.3396568298339844,0.9989361203741073,0.9889536287121632,0.9865950446328557,0.9876446057119528,0.9924051673506015,0.9966231430097655,0.8617794080629783,0.8615303694906015
sun_earth_100d_e08,benchmark_fine,16,0.5,0.73162841796875,0.9989361203741073,0.9889536287121632,0.9865250778485981,0.9875747595163685,0.9924194380804873,0.9993420100918456,0.8617794080629783,0.8616842415616569
sun_earth_100d_e08,benchmark_fine,17,0.53125,0.7232093811035156,0.9989361203741073,0.9889536287121632,0.986595044632856,0.9876446059454081,0.9924051622785932,0.9960699735558421,0.8617794080629783,0.8616956885204088
sun_earth_100d_e08,benchmark_fine,18,0.5625,0.36457061767578125,0.9989361203741073,0.9889536287121632,0.9868048072085448,0.9878538109877288,0.9923670033514679,0.9999915751642664,0.8617794080629783,0.8616867801687248
sun_earth_100d_e08,benchmark_fine,19,0.59375,0.6642570495605469,0.9989361203741073,0.9889536287121632,0.9871539503168112,0.9882013283285719,0.9923187108779332,0.9962617651836209,0.8617794080629783,0.8610232577648663
sun_earth_100d_e08,benchmark_fine,20,0.625,0.6370391845703125,0.9989361203741073,0.9889536287121632,0.9876417786527599,0.9886854282265024,0.9922653570717515,0.9998785494522567,0.8617794080629783,0.8617005047838276
sun_earth_100d_e08,benchmark_fine,21,0.65625,0.7000312805175781,0.9989361203741073,0.9889536287121632,0.988267309838668,0.9893035845991295,0.9922074689991344,0.9992949886412195,0.8617794080629783,0.8615947760752198
sun_earth_100d_e08,benchmark_fine,22,0.6875,0.5796737670898438,0.9989361203741073,0.9889536287121632,0.9890292638587115,0.9900525053362027,0.9921464871537463,0.9981215892386108,0.8617794080629783,0.8613405907387218
sun_earth_100d_e08,benchmark_fine,23,0.71875,0.5430564880371094,0.9989361203741073,0.9889536287121632,0.9899253399140193,0.9909271339891975,0.9920852402459919,0.9991483091618308,0.8617794080629783,0.862146024889237
sun_earth_100d_e08,benchmark_fine,24,0.75,0.345062255859375,0.9989361203741073,0.9889536287121632,0.9909282664139193,0.9918988086231477,0.9920279290913373,0.9996388126596277,0.8617794080629783,0.8613557270287482
sun_earth_100d_e08,benchmark_fine,25,0.78125,0.6416969299316406,0.9989361203741073,0.9889536287121632,0.9919589910903581,0.9928919471090265,0.9919802289163927,0.9981598421220004,0.8617794080629783,0.8622188332851939
sun_earth_100d_e08,benchmark_fine,26,0.8125,0.5905532836914062,0.9989361203741073,0.9889536287121632,0.9929173262971863,0.993815274509341,0.9919475520673785,0.9979973509977333,0.8617794080629783,0.8624051335037997
sun_earth_100d_e08,benchmark_fine,27,0.84375,0.4428520202636719,0.9989361203741073,0.9889536287121632,0.9937309523670157,0.9946043865247293,0.9919263280418344,0.9950931058895108,0.8617794080629783,0.8623975079278771
sun_earth_100d_e08,benchmark_fine,28,0.875,0.2651214599609375,0.9989361203741073,0.9889536287121632,0.9943630307577505,0.9952266980029119,0.991912546679795,0.9951495942589013,0.8617794080629783,0.8612431054906375
sun_earth_100d_e08,benchmark_fine,29,0.90625,0.6403694152832031,0.9989361203741073,0.9889536287121632,0.9947868420805951,0.9956559664219866,0.9919038792774109,0.9999999803904887,0.8617794080629783,0.8623793058109
sun_earth_100d_e08,benchmark_fine,30,0.9375,0.30590057373046875,0.9989361203741073,0.9889536287121632,0.9950069661257762,0.9958925653270615,0.9918987451928248,0.9982476711812484,0.8617794080629783,0.8625448489955702
sun_earth_100d_e08,benchmark_fine,31,0.96875,0.2817344665527344,0.9989361203741073,0.9889536287121632,0.9950851907877436,0.9959871955225931,0.9918960496735165,0.9954119951386098,0.8617794080629783,0.8614700907514605
mdwarf02_earth_10d,api_default,0,0.0,0.5517578125,0.9997546602691078,0.9875122933751738,0.994153755663329,0.99438634783377,0.9953861084620802,0.9825128796856113,0.996440350434864,0.9770499698183513
mdwarf02_earth_10d,api_default,1,0.03125,0.2934722900390625,0.9997546602691078,0.9875122933751738,0.9941792277185272,0.9944107725235077,0.9953938953048581,0.9859422800164671,0.996440350434864,0.9900194944781496
mdwarf02_earth_10d,api_default,2,0.0625,0.486358642578125,0.9997546602691078,0.9875122933751738,0.9942546863896539,0.9944830707431986,0.9954158542644882,0.884678420375516,0.996440350434864,0.9804722322659519
mdwarf02_earth_10d,api_default,3,0.09375,0.6313934326171875,0.9997546602691078,0.9875122933751738,0.9943772899650679,0.9946007378093147,0.9954501005847697,0.9798439615127993,0.996440350434864,0.9785823856037241
mdwarf02_earth_10d,api_default,4,0.125,0.46295166015625,0.9997546602691078,0.9875122933751738,0.9945424027622559,0.9947594239671583,0.9954965605099264,0.9042826047899342,0.996440350434864,0.965309595153192
mdwarf02_earth_10d,api_default,5,0.15625,0.5884552001953125,0.9997546602691078,0.9875122933751738,0.994743741105176,0.9949534041017911,0.9955563980422351,0.9977040143295003,0.996440350434864,0.9890012478975747
mdwarf02_earth_10d,api_default,6,0.1875,0.427825927734375,0.9997546602691078,0.9875122933751738,0.9949735640315781,0.9951753753107153,0.9956269391657345,0.9344709229624893,0.996440350434864,0.9718449270963304
mdwarf02_earth_10d,api_default,7,0.21875,0.5801849365234375,0.9997546602691078,0.9875122933751738,0.9952228688250412,0.9954168717534033,0.9957044001574141,0.970983642253263,0.996440350434864,0.9908204573043005
mdwarf02_earth_10d,api_default,8,0.25,0.6988525390625,0.9997546602691078,0.9875122933751738,0.9954812883268461,0.9956680199841198,0.9957850684224795,0.9937073886366615,0.996440350434864,0.9884468468504789
mdwarf02_earth_10d,api_default,9,0.28125,0.4928131103515625,0.9997546602691078,0.9875122933751738,0.9957372016565884,0.9959175909831455,0.9958654001479434,0.9718694771138054,0.996440350434864,0.9783234704933275
mdwarf02_earth_10d,api_default,10,0.3125,0.320953369140625,0.9997546602691078,0.9875122933751738,0.9959791667954523,0.9961545273062525,0.9959420785365019,0.9467612134016204,0.996440350434864,0.9833464765427419
mdwarf02_earth_10d,api_default,11,0.34375,0.2682342529296875,0.9997546602691078,0.9875122933751738,0.9961977024785376,0.9963692966764525,0.9960121975567551,0.9854760207983517,0.996440350434864,0.978919569345929
mdwarf02_earth_10d,api_default,12,0.375,0.72186279296875,0.9997546602691078,0.9875122933751738,0.996385717972576,0.9965548154486245,0.996073199563005,0.9614241577159163,0.996440350434864,0.9841443589107319
mdwarf02_earth_10d,api_default,13,0.40625,0.2619171142578125,0.9997546602691078,0.9875122933751738,0.9965376627427761,0.9967051479505531,0.9961228975802773,0.9904755575284822,0.996440350434864,0.9862326472834644
mdwarf02_earth_10d,api_default,14,0.4375,0.578338623046875,0.9997546602691078,0.9875122933751738,0.9966492471345599,0.9968158692203323,0.996159642589244,0.982442364836413,0.996440350434864,0.987741287353044
mdwarf02_earth_10d,api_default,15,0.46875,0.4997406005859375,0.9997546602691078,0.9875122933751738,0.996717417090933,0.9968836022110834,0.996182186392411,0.9226787163569803,0.996440350434864,0.9391767860827047
mdwarf02_earth_10d,api_default,16,0.5,0.481689453125,0.9997546602691078,0.9875122933751738,0.9967403434575591,0.9969064161221479,0.9961897704613745,0.9962212823063964,0.996440350434864,0.9913381441497848
mdwarf02_earth_10d,api_default,17,0.53125,0.5979156494140625,0.9997546602691078,0.9875122933751738,0.996717417090933,0.996883605050343,0.9961821845873761,0.9958558748635372,0.996440350434864,0.9904487283330475
mdwarf02_earth_10d,api_default,18,0.5625,0.667755126953125,0.9997546602691078,0.9875122933751738,0.9966492471345599,0.9968158695385901,0.996159638972079,0.991516401357203,0.996440350434864,0.9858706049888118
mdwarf02_earth_10d,api_default,19,0.59375,0.2844696044921875,0.9997546602691078,0.9875122933751738,0.9965376627427753,0.9967051483830648,0.9961228921432284,0.8760085022485102,0.996440350434864,0.9768046661848204
mdwarf02_earth_10d,api_default,20,0.625,0.53936767578125,0.9997546602691078,0.9875122933751738,0.9963857179725749,0.9965548152179226,0.9960731922916248,0.9655261015289368,0.996440350434864,0.9833327272325495
mdwarf02_earth_10d,api_default,21,0.65625,0.5037384033203125,0.9997546602691078,0.9875122933751738,0.9961977024785366,0.9963692965930304,0.9960121884292258,0.9024621060470818,0.996440350434864,0.9686630086432301
mdwarf02_earth_10d,api_default,22,0.6875,0.620452880859375,0.9997546602691078,0.9875122933751738,0.9959791667954514,0.9961545287823924,0.9959420675289857,0.8875792618885123,0.996440350434864,0.9726626850558608
mdwarf02_earth_10d,api_default,23,0.71875,0.3455657958984375,0.9997546602691078,0.9875122933751738,0.995737201656588,0.9959175918283574,0.9958653872332511,0.9991183251230231,0.996440350434864,0.9917385481747962
mdwarf02_earth_10d,api_default,24,0.75,0.2830810546875,0.9997546602691078,0.9875122933751738,0.995481288326845,0.9956680191570861,0.9957850535620619,0.9688003352181506,0.996440350434864,0.9710270319379143
mdwarf02_earth_10d,api_default,25,0.78125,0.2757720947265625,0.9997546602691078,0.9875122933751738,0.9952228688250402,0.9954168703772434,0.995704383313598,0.9995995190900514,0.996440350434864,0.9921532429840252
mdwarf02_earth_10d,api_default,26,0.8125,0.662506103515625,0.9997546602691078,0.9875122933751738,0.9949735640315771,0.9951753745956162,0.9956269202969988,0.9744875787067346,0.996440350434864,0.9722896867466863
mdwarf02_earth_10d,api_default,27,0.84375,0.3597869873046875,0.9997546602691078,0.9875122933751738,0.9947437411051753,0.9949534029114511,0.9955563770957855,0.9469696706148732,0.996440350434864,0.9920338165857557
mdwarf02_earth_10d,api_default,28,0.875,0.45501708984375,0.9997546602691078,0.9875122933751738,0.9945424027622553,0.9947594236260454,0.995496537433228,0.9333642513590906,0.996440350434864,0.9693002593821258
mdwarf02_earth_10d,api_default,29,0.90625,0.3710479736328125,0.9997546602691078,0.9875122933751738,0.9943772899650666,0.9946007373448182,0.9954500753204172,0.9938726636557719,0.996440350434864,0.986814448089491
mdwarf02_earth_10d,api_default,30,0.9375,0.349578857421875,0.9997546602691078,0.9875122933751738,0.9942546863896534,0.9944830710926484,0.9954158267450591,0.9991444158297873,0.996440350434864,0.9903428050693703
mdwarf02_earth_10d,api_default,31,0.96875,0.5063323974609375,0.9997546602691078,0.9875122933751738,0.9941792277185267,0.9944107722391602,0.9953938970885202,0.9619360548802633,0.996440350434864,0.9685587966889673
mdwarf02_earth_10d,benchmark_original,0,0.0,0.314453125,0.9997546602691078,0.9875122933751738,0.994153755663329,0.99438634783377,0.9953861084620802,0.9996227424653078,0.9999765550739713,0.9859541053346261
mdwarf02_earth_10d,benchmark_original,1,0.03125,0.5654449462890625,0.9997546602691078,0.9875122933751738,0.9941792277185272,0.9944107725235077,0.9953938953048581,0.9296277687815608,0.9999765550739713,0.9921191448580924
mdwarf02_earth_10d,benchmark_original,2,0.0625,0.563507080078125,0.9997546602691078,0.9875122933751738,0.9942546863896539,0.9944830707431986,0.9954158542644882,0.9928714221062261,0.9999765550739713,0.9864211650546759
mdwarf02_earth_10d,benchmark_original,3,0.09375,0.4644012451171875,0.9997546602691078,0.9875122933751738,0.9943772899650679,0.9946007378093147,0.9954501005847697,0.999164165411545,0.9999765550739713,0.9825157403562449
mdwarf02_earth_10d,benchmark_original,4,0.125,0.51763916015625,0.9997546602691078,0.9875122933751738,0.9945424027622559,0.9947594239671583,0.9954965605099264,0.9481842817459497,0.9999765550739713,0.9749880716248855
mdwarf02_earth_10d,benchmark_original,5,0.15625,0.4907989501953125,0.9997546602691078,0.9875122933751738,0.994743741105176,0.9949534041017911,0.9955563980422351,0.986727125237707,0.9999765550739713,0.9941991413616067
mdwarf02_earth_10d,benchmark_original,6,0.1875,0.306732177734375,0.9997546602691078,0.9875122933751738,0.9949735640315781,0.9951753753107153,0.9956269391657345,0.9706307994813655,0.9999765550739713,0.9754851572725168
mdwarf02_earth_10d,benchmark_original,7,0.21875,0.5142669677734375,0.9997546602691078,0.9875122933751738,0.9952228688250412,0.9954168717534033,0.9957044001574141,0.9654458598138973,0.9999765550739713,0.9690949194970104
mdwarf02_earth_10d,benchmark_original,8,0.25,0.4996337890625,0.9997546602691078,0.9875122933751738,0.9954812883268461,0.9956680199841198,0.9957850684224795,0.9755526696366306,0.9999765550739713,0.9744189368254305
mdwarf02_earth_10d,benchmark_original,9,0.28125,0.7437896728515625,0.9997546602691078,0.9875122933751738,0.9957372016565884,0.9959175909831455,0.9958654001479434,0.9998802505961569,0.9999765550739713,0.9937356245686847
mdwarf02_earth_10d,benchmark_original,10,0.3125,0.492340087890625,0.9997546602691078,0.9875122933751738,0.9959791667954523,0.9961545273062525,0.9959420785365019,0.977453758830966,0.9999765550739713,0.9957029013405664
mdwarf02_earth_10d,benchmark_original,11,0.34375,0.5597381591796875,0.9997546602691078,0.9875122933751738,0.9961977024785376,0.9963692966764525,0.9960121975567551,0.9298216931280628,0.9999765550739713,0.9803788574891886
mdwarf02_earth_10d,benchmark_original,12,0.375,0.68377685546875,0.9997546602691078,0.9875122933751738,0.996385717972576,0.9965548154486245,0.996073199563005,0.9761078840763279,0.9999765550739713,0.9825851690621619
mdwarf02_earth_10d,benchmark_original,13,0.40625,0.4728546142578125,0.9997546602691078,0.9875122933751738,0.9965376627427761,0.9967051479505531,0.9961228975802773,0.9906502155937519,0.9999765550739713,0.9873228583893613
mdwarf02_earth_10d,benchmark_original,14,0.4375,0.683319091796875,0.9997546602691078,0.9875122933751738,0.9966492471345599,0.9968158692203323,0.996159642589244,0.9345832823683802,0.9999765550739713,0.9690824452395794
mdwarf02_earth_10d,benchmark_original,15,0.46875,0.4416351318359375,0.9997546602691078,0.9875122933751738,0.996717417090933,0.9968836022110834,0.996182186392411,0.9432789370408479,0.9999765550739713,0.9832760795121872
mdwarf02_earth_10d,benchmark_original,16,0.5,0.440185546875,0.9997546602691078,0.9875122933751738,0.9967403434575591,0.9969064161221479,0.9961897704613745,0.9423197556882622,0.9999765550739713,0.9731652366384347
mdwarf02_earth_10d,benchmark_original,17,0.53125,0.5529937744140625,0.9997546602691078,0.9875122933751738,0.996717417090933,0.996883605050343,0.9961821845873761,0.9962366277185584,0.9999765550739713,0.9732953013839603
mdwarf02_earth_10d,benchmark_original,18,0.5625,0.705841064453125,0.9997546602691078,0.9875122933751738,0.9966492471345599,0.9968158695385901,0.996159638972079,0.9967046714600111,0.9999765550739713,0.9962145551886404
mdwarf02_earth_10d,benchmark_original,19,0.59375,0.5950164794921875,0.9997546602691078,0.9875122933751738,0.9965376627427753,0.9967051483830648,0.9961228921432284,0.9798307569360948,0.9999765550739713,0.9757193200406247
mdwarf02_earth_10d,benchmark_original,20,0.625,0.38360595703125,0.9997546602691078,0.9875122933751738,0.9963857179725749,0.9965548152179226,0.9960731922916248,0.9291315120909768,0.9999765550739713,0.9746758651128138
mdwarf02_earth_10d,benchmark_original,21,0.65625,0.5008087158203125,0.9997546602691078,0.9875122933751738,0.9961977024785366,0.9963692965930304,0.9960121884292258,0.9986481490706326,0.9999765550739713,0.985365125597907
mdwarf02_earth_10d,benchmark_original,22,0.6875,0.430023193359375,0.9997546602691078,0.9875122933751738,0.9959791667954514,0.9961545287823924,0.9959420675289857,0.9379877907007105,0.9999765550739713,0.9927031831918904
mdwarf02_earth_10d,benchmark_original,23,0.71875,0.4432220458984375,0.9997546602691078,0.9875122933751738,0.995737201656588,0.9959175918283574,0.9958653872332511,0.9214853990355075,0.9999765550739713,0.9856124867827719
mdwarf02_earth_10d,benchmark_original,24,0.75,0.6131591796875,0.9997546602691078,0.9875122933751738,0.995481288326845,0.9956680191570861,0.9957850535620619,0.9769798172974627,0.9999765550739713,0.9784132048427547
mdwarf02_earth_10d,benchmark_original,25,0.78125,0.4139556884765625,0.9997546602691078,0.9875122933751738,0.9952228688250402,0.9954168703772434,0.995704383313598,0.9469001758986717,0.9999765550739713,0.9471821872254321
mdwarf02_earth_10d,benchmark_original,26,0.8125,0.556060791015625,0.9997546602691078,0.9875122933751738,0.9949735640315771,0.9951753745956162,0.9956269202969988,0.9999166064563314,0.9999765550739713,0.9742961386579803
mdwarf02_earth_10d,benchmark_original,27,0.84375,0.4930877685546875,0.9997546602691078,0.9875122933751738,0.9947437411051753,0.9949534029114511,0.9955563770957855,0.9755008080495811,0.9999765550739713,0.9804647864368902
mdwarf02_earth_10d,benchmark_original,28,0.875,0.52239990234375,0.9997546602691078,0.9875122933751738,0.9945424027622553,0.9947594236260454,0.995496537433228,0.9946831585636172,0.9999765550739713,0.9609071032364767
mdwarf02_earth_10d,benchmark_original,29,0.90625,0.4340362548828125,0.9997546602691078,0.9875122933751738,0.9943772899650666,0.9946007373448182,0.9954500753204172,0.986155876301891,0.9999765550739713,0.983209966350817
mdwarf02_earth_10d,benchmark_original,30,0.9375,0.520477294921875,0.9997546602691078,0.9875122933751738,0.9942546863896534,0.9944830710926484,0.9954158267450591,0.9365240343408161,0.9999765550739713,0.9711939641371491
mdwarf02_earth_10d,benchmark_original,31,0.96875,0.5087738037109375,0.9997546602691078,0.9875122933751738,0.9941792277185267,0.9944107722391602,0.9953938970885202,0.926749921931699,0.9999765550739713,0.9745491462503714
mdwarf02_earth_10d,benchmark_fine,0,0.0,0.2510986328125,0.9997546602691078,0.9875122933751738,0.9996665548746245,0.9996998884871255,0.999713542280144,0.9937515821539119,0.9995612439646555,0.9979813313508228
mdwarf02_earth_10d,benchmark_fine,1,0.03125,0.5617713928222656,0.9997546602691078,0.9875122933751738,0.9996665559596911,0.9996997704169357,0.9997135006691784,0.9961784923280723,0.9995612439646555,0.9945985789896076
mdwarf02_earth_10d,benchmark_fine,2,0.0625,0.7061843872070312,0.9997546602691078,0.9875122933751738,0.9996665578755161,0.9996998782344926,0.99971339122218,0.9990877775581285,0.9995612439646555,0.9979618964557769
mdwarf02_earth_10d,benchmark_fine,3,0.09375,0.5117301940917969,0.9997546602691078,0.9875122933751738,0.9996665568836203,0.9996999313658238,0.9997132448519459,0.9987788243842357,0.9995612439646555,0.9985274242777399
mdwarf02_earth_10d,benchmark_fine,4,0.125,0.6051177978515625,0.9997546602691078,0.9875122933751738,0.9996665488849965,0.9996998220013756,0.999713049051324,0.996741337300427,0.9995612439646555,0.9989162599317142
mdwarf02_earth_10d,benchmark_fine,5,0.15625,0.5174751281738281,0.9997546602691078,0.9875122933751738,0.9996665314236024,0.999700049122572,0.9997127749572144,0.9999951103400035,0.9995612439646555,0.9985223533691657
mdwarf02_earth_10d,benchmark_fine,6,0.1875,0.45864105224609375,0.9997546602691078,0.9875122933751738,0.9996665026458893,0.9997000102606565,0.9997124438645677,0.9950598547267645,0.9995612439646555,0.9975892260018421
mdwarf02_earth_10d,benchmark_fine,7,0.21875,0.5958518981933594,0.9997546602691078,0.9875122933751738,0.9996664606741517,0.9996999341886285,0.9997120937183089,0.9987994412104879,0.9995612439646555,0.9983098896317214
mdwarf02_earth_10d,benchmark_fine,8,0.25,0.299713134765625,0.9997546602691078,0.9875122933751738,0.9996664046753584,0.9997001233253258,0.9997117162698574,0.999995830157172,0.9995612439646555,0.9960942662938237
mdwarf02_earth_10d,benchmark_fine,9,0.28125,0.4950294494628906,0.9997546602691078,0.9875122933751738,0.9996663359349923,0.9997000370836164,0.9997112954515314,0.9966604143488235,0.9995612439646555,0.9975769223371604
mdwarf02_earth_10d,benchmark_fine,10,0.3125,0.48514556884765625,0.9997546602691078,0.9875122933751738,0.9996662593323952,0.999700072272836,0.9997108655364753,0.99879463887401,0.9995612439646555,0.9983250156971559
mdwarf02_earth_10d,benchmark_fine,11,0.34375,0.4372978210449219,0.9997546602691078,0.9875122933751738,0.999666181532545,0.9997001552673821,0.9997104641008127,0.9991090305768603,0.9995612439646555,0.9990126967586914
mdwarf02_earth_10d,benchmark_fine,12,0.375,0.6348114013671875,0.9997546602691078,0.9875122933751738,0.999666108739308,0.9997000949909105,0.9997100910212524,0.9989877666548769,0.9995612439646555,0.9977728446649237
mdwarf02_earth_10d,benchmark_fine,13,0.40625,0.6453132629394531,0.9997546602691078,0.9875122933751738,0.9996660462687345,0.9997002628119425,0.9997097360859916,0.9999748059100055,0.9995612439646555,0.9981382585202754
mdwarf02_earth_10d,benchmark_fine,14,0.4375,0.42009735107421875,0.9997546602691078,0.9875122933751738,0.999665998447568,0.9997002051495233,0.9997094383563034,0.9954070921298845,0.9995612439646555,0.9982540039448177
mdwarf02_earth_10d,benchmark_fine,15,0.46875,0.6290855407714844,0.9997546602691078,0.9875122933751738,0.9996659684579376,0.9997001983892787,0.9997092729521723,0.994105521668456,0.9995612439646555,0.9980278106237956
mdwarf02_earth_10d,benchmark_fine,16,0.5,0.42266845703125,0.9997546602691078,0.9875122933751738,0.99966595824535,0.9997003828717664,0.9997092259962636,0.9966313545473185,0.9995612439646555,0.9977449371464119
mdwarf02_earth_10d,benchmark_fine,17,0.53125,0.5697669982910156,0.9997546602691078,0.9875122933751738,0.999665968457938,0.9997001982319348,0.9997092728018853,0.9952500331722635,0.9995612439646555,0.9981686386720203
mdwarf02_earth_10d,benchmark_fine,18,0.5625,0.6395950317382812,0.9997546602691078,0.9875122933751738,0.9996659984475678,0.9997002051209553,0.9997094380506032,0.9970766262536166,0.9995612439646555,0.9953541015513883
mdwarf02_earth_10d,benchmark_fine,19,0.59375,0.3438224792480469,0.9997546602691078,0.9875122933751738,0.9996660462687347,0.9997002645124284,0.9997097356188939,0.9994875267158272,0.9995612439646555,0.9988904455736656
mdwarf02_earth_10d,benchmark_fine,20,0.625,0.3153839111328125,0.9997546602691078,0.9875122933751738,0.9996661087393075,0.9997000980710143,0.9997100904022714,0.9999460960076523,0.9995612439646555,0.9987333938549029
mdwarf02_earth_10d,benchmark_fine,21,0.65625,0.3810615539550781,0.9997546602691078,0.9875122933751738,0.9996661815325446,0.9997001585111669,0.9997104633122842,0.9957841360029147,0.9995612439646555,0.9976136175832789
mdwarf02_earth_10d,benchmark_fine,22,0.6875,0.47005462646484375,0.9997546602691078,0.9875122933751738,0.9996662593323952,0.9997000749906745,0.9997108645846355,0.9985521697356615,0.9995612439646555,0.9986950534405897
mdwarf02_earth_10d,benchmark_fine,23,0.71875,0.3603172302246094,0.9997546602691078,0.9875122933751738,0.9996663359349918,0.9997000390607479,0.9997112943231985,0.9949968506514876,0.9995612439646555,0.9962096540656039
mdwarf02_earth_10d,benchmark_fine,24,0.75,0.694915771484375,0.9997546602691078,0.9875122933751738,0.9996664046753584,0.9997001243948271,0.9997117149642263,0.9984412070855764,0.9995612439646555,0.9976035686991845
mdwarf02_earth_10d,benchmark_fine,25,0.78125,0.6681861877441406,0.9997546602691078,0.9875122933751738,0.9996664606741519,0.9996999347503096,0.9997120922311988,0.9992904248028355,0.9995612439646555,0.9987097904211238
mdwarf02_earth_10d,benchmark_fine,26,0.8125,0.40061187744140625,0.9997546602691078,0.9875122933751738,0.9996665026458893,0.999700009698852,0.9997124421782365,0.9998228060124384,0.9995612439646555,0.9973211705616746
mdwarf02_earth_10d,benchmark_fine,27,0.84375,0.6633110046386719,0.9997546602691078,0.9875122933751738,0.9996665314236026,0.9997000526125873,0.9997127735542818,0.9945120499700231,0.9995612439646555,0.9982976458821238
mdwarf02_earth_10d,benchmark_fine,28,0.875,0.2712249755859375,0.9997546602691078,0.9875122933751738,0.9996665488849966,0.9996998248605276,0.9997130509054923,0.9987194249529737,0.9995612439646555,0.9965698194526993
mdwarf02_earth_10d,benchmark_fine,29,0.90625,0.4350471496582031,0.9997546602691078,0.9875122933751738,0.9996665568836205,0.9996999279067593,0.9997132465300046,0.9964770669137499,0.9995612439646555,0.9979832011281677
mdwarf02_earth_10d,benchmark_fine,30,0.9375,0.5107345581054688,0.9997546602691078,0.9875122933751738,0.9996665578755161,0.999699876841591,0.9997133923344944,0.9939030833105303,0.9995612439646555,0.9951763806566615
mdwarf02_earth_10d,benchmark_fine,31,0.96875,0.6083946228027344,0.9997546602691078,0.9875122933751738,0.9996665559596911,0.9996997760245269,0.9997135012332364,0.9967071920939998,0.9995612439646555,0.9949121159888236
mdwarf01_earth_30d,api_default,0,0.0,0.731689453125,0.999994868498917,0.9857855789574325,0.9878307664048099,0.9878358020370409,0.987873678233995,0.9949117608235768,0.9999236890901513,0.9840562850094533
mdwarf01_earth_30d,api_default,1,0.03125,0.30615997314453125,0.999994868498917,0.9857855789574325,0.9878860544209979,0.9878910867279305,0.987927164985544,0.9516671770555936,0.9999236890901513,0.9577030711687072
mdwarf01_earth_30d,api_default,2,0.0625,0.4983062744140625,0.999994868498917,0.9857855789574325,0.9880489638851966,0.988053979918884,0.9880867926001594,0.953566360221253,0.9999236890901513,0.9792803047005646
mdwarf01_earth_30d,api_default,3,0.09375,0.5210189819335938,0.999994868498917,0.9857855789574325,0.9883126077629794,0.9883175758962193,0.9883488494734254,0.9532676313386111,0.9999236890901513,0.9558135973541877
mdwarf01_earth_30d,api_default,4,0.125,0.451202392578125,0.999994868498917,0.9857855789574325,0.9886670770840489,0.9886719325140714,0.9886951438150244,0.9999349147769344,0.9999236890901513,0.9885544554178979
mdwarf01_earth_30d,api_default,5,0.15625,0.38455963134765625,0.999994868498917,0.9857855789574325,0.9890991804474145,0.9891038796548559,0.9890987398292561,0.8898673167693453,0.9999236890901513,0.9518085299756123
mdwarf01_earth_30d,api_default,6,0.1875,0.7427215576171875,0.999994868498917,0.9857855789574325,0.9895929665106085,0.9895975274064244,0.9895431938067535,0.9906675437094175,0.9999236890901513,0.9833869241714812
mdwarf01_earth_30d,api_default,7,0.21875,0.27227020263671875,0.999994868498917,0.9857855789574325,0.9901301335352759,0.9901345852360481,0.9900175268033974,0.8808288964762647,0.9999236890901513,0.9339390458585335
mdwarf01_earth_30d,api_default,8,0.25,0.32476806640625,0.999994868498917,0.9857855789574325,0.9906904463768965,0.9906948149691596,0.990509632134362,0.9981028221718565,0.9999236890901513,0.9892105925678238
mdwarf01_earth_30d,api_default,9,0.28125,0.36774444580078125,0.999994868498917,0.9857855789574325,0.9912522161027906,0.9912565359020107,0.9909958978182116,0.9973652597430213,0.9999236890901513,0.9892417120711897
mdwarf01_earth_30d,api_default,10,0.3125,0.7002716064453125,0.999994868498917,0.9857855789574325,0.991792908734878,0.9917972250285176,0.9914562665600352,0.9540214692301615,0.9999236890901513,0.9813614174324978
mdwarf01_earth_30d,api_default,11,0.34375,0.6438827514648438,0.999994868498917,0.9857855789574325,0.9922908808147741,0.9922952289191183,0.9918740060924693,0.98921269314134,0.9999236890901513,0.9853554960606262
mdwarf01_earth_30d,api_default,12,0.375,0.599945068359375,0.999994868498917,0.9857855789574325,0.9927272113821388,0.9927316158805203,0.9922351341855247,0.9375667697144987,0.9999236890901513,0.9839999590663732
mdwarf01_earth_30d,api_default,13,0.40625,0.6211929321289062,0.999994868498917,0.9857855789574325,0.993084956052137,0.9930894233826127,0.9925281647712204,0.9950595306103698,0.9999236890901513,0.9899498700130602
mdwarf01_earth_30d,api_default,14,0.4375,0.4844818115234375,0.999994868498917,0.9857855789574325,0.993350135145013,0.993354657985576,0.9927439739865509,0.9645689460017989,0.9999236890901513,0.97734926663733
mdwarf01_earth_30d,api_default,15,0.46875,0.39171600341796875,0.999994868498917,0.9857855789574325,0.9935130646804585,0.9935176274596189,0.9928760938859719,0.9908696858312881,0.9999236890901513,0.9871494848264927
mdwarf01_earth_30d,api_default,16,0.5,0.3944091796875,0.999994868498917,0.9857855789574325,0.9935680097789716,0.993572586296607,0.9929205878401939,0.8729668507991425,0.9999236890901513,0.9711512908385159
mdwarf01_earth_30d,api_default,17,0.53125,0.28430938720703125,0.999994868498917,0.9857855789574325,0.9935130646804583,0.9935176274881279,0.992876092279776,0.9843838488677535,0.9999236890901513,0.9826478449281727
mdwarf01_earth_30d,api_default,18,0.5625,0.4723052978515625,0.999994868498917,0.9857855789574325,0.9933501351450128,0.9933546579203395,0.9927439707602084,0.9123408914259905,0.9999236890901513,0.9641094879474859
mdwarf01_earth_30d,api_default,19,0.59375,0.6002426147460938,0.999994868498917,0.9857855789574325,0.993084956052136,0.9930894232315524,0.9925281598966088,0.9689308114798946,0.9999236890901513,0.9681405121478363
mdwarf01_earth_30d,api_default,20,0.625,0.327789306640625,0.999994868498917,0.9857855789574325,0.9927272113821374,0.9927316159242003,0.9922351276191671,0.9991649047352776,0.9999236890901513,0.992086429882712
mdwarf01_earth_30d,api_default,21,0.65625,0.43033599853515625,0.999994868498917,0.9857855789574325,0.9922908808147725,0.9922952290123294,0.991873997776345,0.9997415689484757,0.9999236890901513,0.9921111140453668
mdwarf01_earth_30d,api_default,22,0.6875,0.3038787841796875,0.999994868498917,0.9857855789574325,0.9917929087348761,0.9917972249682664,0.9914562564228583,0.999704691249865,0.9999236890901513,0.9915894309966016
mdwarf01_earth_30d,api_default,23,0.71875,0.5280075073242188,0.999994868498917,0.9857855789574325,0.9912522161027884,0.9912565360350528,0.9909958857731069,0.9875148498917816,0.9999236890901513,0.9831815871574828
mdwarf01_earth_30d,api_default,24,0.75,0.71868896484375,0.999994868498917,0.9857855789574325,0.9906904463768942,0.9906948149292746,0.9905096180777766,0.9545795465600171,0.9999236890901513,0.9822633964091283
mdwarf01_earth_30d,api_default,25,0.78125,0.40790557861328125,0.999994868498917,0.9857855789574325,0.9901301335352737,0.9901345851382218,0.9900175664918268,0.878431535328767,0.9999236890901513,0.9591030735119892
mdwarf01_earth_30d,api_default,26,0.8125,0.7296905517578125,0.999994868498917,0.9857855789574325,0.9895929665106061,0.9895975274125529,0.9895432280678249,0.9298477122984306,0.9999236890901513,0.9803167644287554
mdwarf01_earth_30d,api_default,27,0.84375,0.47432708740234375,0.999994868498917,0.9857855789574325,0.9890991804474125,0.9891038795442494,0.9890987685499594,0.9341049118909316,0.9999236890901513,0.9706613922027015
mdwarf01_earth_30d,api_default,28,0.875,0.616668701171875,0.999994868498917,0.9857855789574325,0.9886670770840471,0.9886719324630024,0.988695166895358,0.8902202216072339,0.9999236890901513,0.9607700719050514
mdwarf01_earth_30d,api_default,29,0.90625,0.38278961181640625,0.999994868498917,0.9857855789574325,0.9883126077629788,0.9883175759301868,0.9883488668321091,0.894257316224143,0.9999236890901513,0.9548724893547736
mdwarf01_earth_30d,api_default,30,0.9375,0.3295745849609375,0.999994868498917,0.9857855789574325,0.9880489638851958,0.9880539798871154,0.9880868041898984,0.9877467511603958,0.9999236890901513,0.97873474264307
mdwarf01_earth_30d,api_default,31,0.96875,0.38964080810546875,0.999994868498917,0.9857855789574325,0.9878860544209981,0.9878910866895657,0.9879271707851196,0.9487093679069523,0.9999236890901513,0.9486228061661222
mdwarf01_earth_30d,benchmark_original,0,0.0,0.259521484375,0.999994868498917,0.9857855789574325,0.9974373727245929,0.9974416088493765,0.9972213229400072,0.9593096049404736,0.997946939335802,0.9856560717051617
mdwarf01_earth_30d,benchmark_original,1,0.03125,0.4398231506347656,0.999994868498917,0.9857855789574325,0.997436103079516,0.9974403340954963,0.9972222326469253,0.9642806632830319,0.997946939335802,0.9849707560647983
mdwarf01_earth_30d,benchmark_original,2,0.0625,0.7401199340820312,0.999994868498917,0.9857855789574325,0.9974322964337954,0.9974365126916155,0.997225001344753,0.9263266826409181,0.997946939335802,0.995792327393768
mdwarf01_earth_30d,benchmark_original,3,0.09375,0.4775505065917969,0.999994868498917,0.9857855789574325,0.9974259747963676,0.997430167675308,0.9972298306083972,0.9753319041449415,0.997946939335802,0.9929593169720089
mdwarf01_earth_30d,benchmark_original,4,0.125,0.4587554931640625,0.999994868498917,0.9857855789574325,0.9974172635110934,0.9974214254040528,0.9972369007123593,0.9368618614600969,0.997946939335802,0.9785633752980141
mdwarf01_earth_30d,benchmark_original,5,0.15625,0.4146919250488281,0.999994868498917,0.9857855789574325,0.9974064162481325,0.9974105429578315,0.9972465362619741,0.9656743228255252,0.997946939335802,0.9937489606453057
mdwarf01_earth_30d,benchmark_original,6,0.1875,0.5041732788085938,0.999994868498917,0.9857855789574325,0.9973938000693575,0.9973978820966138,0.9972587020859512,0.9980149334378225,0.997946939335802,0.9522935013041325
mdwarf01_earth_30d,benchmark_original,7,0.21875,0.6466331481933594,0.999994868498917,0.9857855789574325,0.9973798684330563,0.9973838928990324,0.9972722419553729,0.9192634238313654,0.997946939335802,0.9902515696990544
mdwarf01_earth_30d,benchmark_original,8,0.25,0.451080322265625,0.999994868498917,0.9857855789574325,0.9973651666673355,0.9973691120721934,0.9972852498230909,0.972734387313888,0.997946939335802,0.9788644539342992
mdwarf01_earth_30d,benchmark_original,9,0.28125,0.5552101135253906,0.999994868498917,0.9857855789574325,0.9973503304092027,0.9973541802804349,0.9972968473313043,0.996670519679645,0.997946939335802,0.976021021173824
mdwarf01_earth_30d,benchmark_original,10,0.3125,0.5057754516601562,0.999994868498917,0.9857855789574325,0.9973359763939645,0.9973397288000522,0.9973064145489438,0.9272793373986193,0.997946939335802,0.9952964421012802
mdwarf01_earth_30d,benchmark_original,11,0.34375,0.6194267272949219,0.999994868498917,0.9857855789574325,0.9973226555835147,0.997326321088969,0.9973137713126777,0.9421607245440119,0.997946939335802,0.9710065763441056
mdwarf01_earth_30d,benchmark_original,12,0.375,0.7345428466796875,0.999994868498917,0.9857855789574325,0.9973108542869492,0.9973144537247914,0.9973189578824544,0.9343915774085045,0.997946939335802,0.9787252463115294
mdwarf01_earth_30d,benchmark_original,13,0.40625,0.6499519348144531,0.999994868498917,0.9857855789574325,0.9973010072632279,0.997304564940477,0.9973223570080276,0.9624979319160485,0.997946939335802,0.9954206823735693
mdwarf01_earth_30d,benchmark_original,14,0.4375,0.7041549682617188,0.999994868498917,0.9857855789574325,0.997293548972707,0.9972970840131127,0.9973244848998071,0.9349964609469034,0.997946939335802,0.9723249043140088
mdwarf01_earth_30d,benchmark_original,15,0.46875,0.7450523376464844,0.999994868498917,0.9857855789574325,0.9972888954967258,0.9972924199413138,0.9973260119768929,0.9727081158911345,0.997946939335802,0.9754436367028037
mdwarf01_earth_30d,benchmark_original,16,0.5,0.72003173828125,0.999994868498917,0.9857855789574325,0.9972873141817902,0.9972908357893253,0.9973265140619327,0.9960644231681128,0.997946939335802,0.9634779051984022
mdwarf01_earth_30d,benchmark_original,17,0.53125,0.6498451232910156,0.999994868498917,0.9857855789574325,0.9972888954967256,0.9972924200904937,0.997326011933342,0.9252898399148197,0.997946939335802,0.9765915928846928
mdwarf01_earth_30d,benchmark_original,18,0.5625,0.40778350830078125,0.999994868498917,0.9857855789574325,0.997293548972707,0.9972970837949962,0.9973245088371117,0.9646259432238543,0.997946939335802,0.9745933076217763
mdwarf01_earth_30d,benchmark_original,19,0.59375,0.2985343933105469,0.999994868498917,0.9857855789574325,0.9973010072632277,0.9973045650158233,0.9973223790315122,0.9369173963196883,0.997946939335802,0.9877762400772198
mdwarf01_earth_30d,benchmark_original,20,0.625,0.2763214111328125,0.999994868498917,0.9857855789574325,0.997310854286949,0.9973144539832505,0.9973189780379788,0.9868734697731388,0.997946939335802,0.9918521603527566
mdwarf01_earth_30d,benchmark_original,21,0.65625,0.5107002258300781,0.999994868498917,0.9857855789574325,0.9973226555835145,0.9973263210427408,0.9973137896423663,0.9751120279487556,0.997946939335802,0.9805491564242552
mdwarf01_earth_30d,benchmark_original,22,0.6875,0.5956649780273438,0.999994868498917,0.9857855789574325,0.9973359763939642,0.9973397286418029,0.9973064310909444,0.979621704257378,0.997946939335802,0.9500551726926747
mdwarf01_earth_30d,benchmark_original,23,0.71875,0.5204734802246094,0.999994868498917,0.9857855789574325,0.9973503304092026,0.997354180205773,0.9972968621202475,0.9240751503998698,0.997946939335802,0.9751786408438543
mdwarf01_earth_30d,benchmark_original,24,0.75,0.462982177734375,0.999994868498917,0.9857855789574325,0.9973651666673353,0.9973691120216954,0.9972852628886676,0.9402884368537617,0.997946939335802,0.9823055486642935
mdwarf01_earth_30d,benchmark_original,25,0.78125,0.5199928283691406,0.999994868498917,0.9857855789574325,0.997379868433056,0.9973838929894926,0.9972722533275818,0.9350374820235147,0.997946939335802,0.9714542033105256
mdwarf01_earth_30d,benchmark_original,26,0.8125,0.28757476806640625,0.999994868498917,0.9857855789574325,0.9973938000693572,0.997397882264071,0.9972587117889433,0.9438741133932891,0.997946939335802,0.9929663757482942
mdwarf01_earth_30d,benchmark_original,27,0.84375,0.5886039733886719,0.999994868498917,0.9857855789574325,0.9974064162481325,0.997410542971796,0.9972465443165311,0.9292552888714848,0.997946939335802,0.9781733248435921
mdwarf01_earth_30d,benchmark_original,28,0.875,0.6983489990234375,0.999994868498917,0.9857855789574325,0.9974172635110932,0.9974214254655738,0.9972369071360065,0.9844898029762787,0.997946939335802,0.9931410106835571
mdwarf01_earth_30d,benchmark_original,29,0.90625,0.6879768371582031,0.999994868498917,0.9857855789574325,0.9974259747963672,0.9974301675186228,0.9972298354140421,0.9663802680656278,0.997946939335802,0.9882690507865697
mdwarf01_earth_30d,benchmark_original,30,0.9375,0.33409881591796875,0.999994868498917,0.9857855789574325,0.9974322964337956,0.9974365126755577,0.9972250045432315,0.9553635732963003,0.997946939335802,0.9932796993067163
mdwarf01_earth_30d,benchmark_original,31,0.96875,0.2741661071777344,0.999994868498917,0.9857855789574325,0.9974361030795162,0.9974403340977974,0.9972222342449506,0.9188539560783987,0.997946939335802,0.9643213621943446
mdwarf01_earth_30d,benchmark_fine,0,0.0,0.2957763671875,0.999994868498917,0.9857855789574325,0.9974373727245929,0.9974416088493765,0.9972213229400072,0.9989996069009067,0.9996918987063774,0.9971739546072166
mdwarf01_earth_30d,benchmark_fine,1,0.03125,0.3686561584472656,0.999994868498917,0.9857855789574325,0.997436103079516,0.9974403340954963,0.9972222326469253,0.9985289327858142,0.9996918987063774,0.9971923754989395
mdwarf01_earth_30d,benchmark_fine,2,0.0625,0.44373321533203125,0.999994868498917,0.9857855789574325,0.9974322964337954,0.9974365126916155,0.997225001344753,0.99905589037518,0.9996918987063774,0.9952043485554295
mdwarf01_earth_30d,benchmark_fine,3,0.09375,0.7480583190917969,0.999994868498917,0.9857855789574325,0.9974259747963676,0.997430167675308,0.9972298306083972,0.9996108358259861,0.9996918987063774,0.9954912272587726
mdwarf01_earth_30d,benchmark_fine,4,0.125,0.3034820556640625,0.999994868498917,0.9857855789574325,0.9974172635110934,0.9974214254040528,0.9972369007123593,0.9979998033610995,0.9996918987063774,0.9951526485189847
mdwarf01_earth_30d,benchmark_fine,5,0.15625,0.3390083312988281,0.999994868498917,0.9857855789574325,0.9974064162481325,0.9974105429578315,0.9972465362619741,0.9975311237767286,0.9996918987063774,0.9961437156467897
mdwarf01_earth_30d,benchmark_fine,6,0.1875,0.41567230224609375,0.999994868498917,0.9857855789574325,0.9973938000693575,0.9973978820966138,0.9972587020859512,0.999607757224103,0.9996918987063774,0.9947734377792088
mdwarf01_earth_30d,benchmark_fine,7,0.21875,0.5047874450683594,0.999994868498917,0.9857855789574325,0.9973798684330563,0.9973838928990324,0.9972722419553729,0.999811435392876,0.9996918987063774,0.996430130612191
mdwarf01_earth_30d,benchmark_fine,8,0.25,0.307769775390625,0.999994868498917,0.9857855789574325,0.9973651666673355,0.9973691120721934,0.9972852498230909,0.999988488940426,0.9996918987063774,0.9967910143176033
mdwarf01_earth_30d,benchmark_fine,9,0.28125,0.6494483947753906,0.999994868498917,0.9857855789574325,0.9973503304092027,0.9973541802804349,0.9972968473313043,0.9938077760000488,0.9996918987063774,0.9955841795502185
mdwarf01_earth_30d,benchmark_fine,10,0.3125,0.5889053344726562,0.999994868498917,0.9857855789574325,0.9973359763939645,0.9973397288000522,0.9973064145489438,0.9962107374969524,0.9996918987063774,0.9962479957781735
mdwarf01_earth_30d,benchmark_fine,11,0.34375,0.7176933288574219,0.999994868498917,0.9857855789574325,0.9973226555835147,0.997326321088969,0.9973137713126777,0.9991637494428529,0.9996918987063774,0.9955402620924333
mdwarf01_earth_30d,benchmark_fine,12,0.375,0.4597625732421875,0.999994868498917,0.9857855789574325,0.9973108542869492,0.9973144537247914,0.9973189578824544,0.9999563919036597,0.9996918987063774,0.9958317087641008
mdwarf01_earth_30d,benchmark_fine,13,0.40625,0.3840827941894531,0.999994868498917,0.9857855789574325,0.9973010072632279,0.997304564940477,0.9973223570080276,0.9982581241861129,0.9996918987063774,0.9970137275234231
mdwarf01_earth_30d,benchmark_fine,14,0.4375,0.5093307495117188,0.999994868498917,0.9857855789574325,0.997293548972707,0.9972970840131127,0.9973244848998071,0.9937256039270943,0.9996918987063774,0.9951869973533886
mdwarf01_earth_30d,benchmark_fine,15,0.46875,0.4030113220214844,0.999994868498917,0.9857855789574325,0.9972888954967258,0.9972924199413138,0.9973260119768929,0.999290857429785,0.9996918987063774,0.9958152152406439
mdwarf01_earth_30d,benchmark_fine,16,0.5,0.50640869140625,0.999994868498917,0.9857855789574325,0.9972873141817902,0.9972908357893253,0.9973265140619327,0.9992330258763181,0.9996918987063774,0.9968594182274256
mdwarf01_earth_30d,benchmark_fine,17,0.53125,0.3928871154785156,0.999994868498917,0.9857855789574325,0.9972888954967256,0.9972924200904937,0.997326011933342,0.9984846134025462,0.9996918987063774,0.9957500069259266
mdwarf01_earth_30d,benchmark_fine,18,0.5625,0.37946319580078125,0.999994868498917,0.9857855789574325,0.997293548972707,0.9972970837949962,0.9973245088371117,0.9961064575030544,0.9996918987063774,0.9962415355822273
mdwarf01_earth_30d,benchmark_fine,19,0.59375,0.3183097839355469,0.999994868498917,0.9857855789574325,0.9973010072632277,0.9973045650158233,0.9973223790315122,0.993268588168115,0.9996918987063774,0.9961203039229761
mdwarf01_earth_30d,benchmark_fine,20,0.625,0.3477325439453125,0.999994868498917,0.9857855789574325,0.997310854286949,0.9973144539832505,0.9973189780379788,0.9999011876031191,0.9996918987063774,0.9951354231921826
mdwarf01_earth_30d,benchmark_fine,21,0.65625,0.4958076477050781,0.999994868498917,0.9857855789574325,0.9973226555835145,0.9973263210427408,0.9973137896423663,0.9997582482149862,0.9996918987063774,0.996718026311141
mdwarf01_earth_30d,benchmark_fine,22,0.6875,0.44026947021484375,0.999994868498917,0.9857855789574325,0.9973359763939642,0.9973397286418029,0.9973064310909444,0.9979797672679839,0.9996918987063774,0.996245578970852
mdwarf01_earth_30d,benchmark_fine,23,0.71875,0.2723045349121094,0.999994868498917,0.9857855789574325,0.9973503304092026,0.997354180205773,0.9972968621202475,0.9999626843987609,0.9996918987063774,0.994450832917965
mdwarf01_earth_30d,benchmark_fine,24,0.75,0.395111083984375,0.999994868498917,0.9857855789574325,0.9973651666673353,0.9973691120216954,0.9972852628886676,0.9937835103466017,0.9996918987063774,0.9963451459042263
mdwarf01_earth_30d,benchmark_fine,25,0.78125,0.7417945861816406,0.999994868498917,0.9857855789574325,0.997379868433056,0.9973838929894926,0.9972722533275818,0.9930921596115335,0.9996918987063774,0.9970363448023056
mdwarf01_earth_30d,benchmark_fine,26,0.8125,0.7140884399414062,0.999994868498917,0.9857855789574325,0.9973938000693572,0.997397882264071,0.9972587117889433,0.9993923611219708,0.9996918987063774,0.9955673147703258
mdwarf01_earth_30d,benchmark_fine,27,0.84375,0.4855766296386719,0.999994868498917,0.9857855789574325,0.9974064162481325,0.997410542971796,0.9972465443165311,0.99836962685485,0.9996918987063774,0.9971547228239847
mdwarf01_earth_30d,benchmark_fine,28,0.875,0.6458587646484375,0.999994868498917,0.9857855789574325,0.9974172635110932,0.9974214254655738,0.9972369071360065,0.9975983485468265,0.9996918987063774,0.9960327075403748
mdwarf01_earth_30d,benchmark_fine,29,0.90625,0.7104377746582031,0.999994868498917,0.9857855789574325,0.9974259747963672,0.9974301675186228,0.9972298354140421,0.999302427207718,0.9996918987063774,0.9955845394435069
mdwarf01_earth_30d,benchmark_fine,30,0.9375,0.44469451904296875,0.999994868498917,0.9857855789574325,0.9974322964337956,0.9974365126755577,0.9972250045432315,0.9991095659535066,0.9996918987063774,0.9960889575356007
mdwarf01_earth_30d,benchmark_fine,31,0.96875,0.6696739196777344,0.999994868498917,0.9857855789574325,0.9974361030795162,0.9974403340977974,0.9972222342449506,0.9995794558244572,0.9996918987063774,0.9926774629603468
mdwarf01_earth_100d,api_default,0,0.0,0.6260986328125,0.999995906124226,0.986128835968047,0.9943746399617932,0.9943782263671282,0.9942274960559447,0.9580319622760431,0.9999266210375938,0.9822375795266393
mdwarf01_earth_100d,api_default,1,0.03125,0.5874061584472656,0.999995906124226,0.986128835968047,0.9942544353949678,0.9942580334252102,0.9941160423926353,0.918555037426737,0.9999266210375938,0.9728164848206813
mdwarf01_earth_100d,api_default,2,0.0625,0.5245437622070312,0.999995906124226,0.986128835968047,0.9938988681271554,0.9939025077279152,0.9937853948738432,0.9718986588542297,0.9999266210375938,0.9761018001562181
mdwarf01_earth_100d,api_default,3,0.09375,0.5942497253417969,0.999995906124226,0.986128835968047,0.9933233535961798,0.9933270545665247,0.9932467498088908,0.8709377984816338,0.9999266210375938,0.9786692285450911
mdwarf01_earth_100d,api_default,4,0.125,0.2876129150390625,0.999995906124226,0.986128835968047,0.9925553211866296,0.9925590816905865,0.9925187341302744,0.9736082952005027,0.9999266210375938,0.9777917385556
mdwarf01_earth_100d,api_default,5,0.15625,0.6831245422363281,0.999995906124226,0.986128835968047,0.9916329950228153,0.9916368217165774,0.9916274032380196,0.8792763522939441,0.9999266210375938,0.9715374368490586
mdwarf01_earth_100d,api_default,6,0.1875,0.6801986694335938,0.999995906124226,0.986128835968047,0.9905994720572232,0.9906033741316363,0.9906065617627761,0.9801835541642706,0.9999266210375938,0.980189807843666
mdwarf01_earth_100d,api_default,7,0.21875,0.7196311950683594,0.999995906124226,0.986128835968047,0.9895001780319558,0.9895041463720304,0.9894989168208824,0.9841890259677942,0.9999266210375938,0.9810486389885821
mdwarf01_earth_100d,api_default,8,0.25,0.527618408203125,0.999995906124226,0.986128835968047,0.9883810148925307,0.9883850276878268,0.9883628401799456,0.9188044211765146,0.9999266210375938,0.9596441776500463
mdwarf01_earth_100d,api_default,9,0.28125,0.2978858947753906,0.999995906124226,0.986128835968047,0.9872864919481982,0.9872905243258668,0.9872583179389516,0.876219146285579,0.9999266210375938,0.9761587290439478
mdwarf01_earth_100d,api_default,10,0.3125,0.39151763916015625,0.999995906124226,0.986128835968047,0.9862573436027877,0.9862613728347449,0.9862211581896856,0.9630395450815136,0.9999266210375938,0.9546142975701227
mdwarf01_earth_100d,api_default,11,0.34375,0.3292655944824219,0.999995906124226,0.986128835968047,0.9853290832296235,0.9853331033056538,0.9852827578572307,0.8889142428090081,0.9999266210375938,0.9761300959363479
mdwarf01_earth_100d,api_default,12,0.375,0.5797576904296875,0.999995906124226,0.986128835968047,0.9845314508528981,0.9845354697959303,0.9844738436766951,0.9796054092461052,0.9999266210375938,0.9765706081438572
mdwarf01_earth_100d,api_default,13,0.40625,0.4376716613769531,0.999995906124226,0.986128835968047,0.9838881590061543,0.9838921806555166,0.9838269149083823,0.8700478520836566,0.9999266210375938,0.9718487951176181
mdwarf01_earth_100d,api_default,14,0.4375,0.29216766357421875,0.999995906124226,0.986128835968047,0.9834170542178365,0.983421074750781,0.9833624938124415,0.9520283808493674,0.9999266210375938,0.9576403133555126
mdwarf01_earth_100d,api_default,15,0.46875,0.5480308532714844,0.999995906124226,0.986128835968047,0.9831302929065938,0.9831343123145538,0.9830830983731784,0.8862946549240864,0.9999266210375938,0.9409277214959542
mdwarf01_earth_100d,api_default,16,0.5,0.71221923828125,0.999995906124226,0.986128835968047,0.9830342728742977,0.9830382919374435,0.9829898414961161,0.968569412673885,0.9999266210375938,0.9720378623977445
mdwarf01_earth_100d,api_default,17,0.53125,0.3237953186035156,0.999995906124226,0.986128835968047,0.9831302929065948,0.9831343123084192,0.9830830919660125,0.9314428147250932,0.9999266210375938,0.9713480213538788
mdwarf01_earth_100d,api_default,18,0.5625,0.27692413330078125,0.999995906124226,0.986128835968047,0.9834170542178385,0.9834210747475379,0.9833624810058678,0.9266203019667596,0.9999266210375938,0.9731710996105275
mdwarf01_earth_100d,api_default,19,0.59375,0.7088127136230469,0.999995906124226,0.986128835968047,0.9838881590061574,0.9838921806568601,0.9838268957176948,0.9762720420866979,0.9999266210375938,0.9680918533813755
mdwarf01_earth_100d,api_default,20,0.625,0.6243438720703125,0.999995906124226,0.986128835968047,0.9845314508529021,0.9845354697814042,0.984473880846678,0.9853038578673885,0.9999266210375938,0.9748155755551777
mdwarf01_earth_100d,api_default,21,0.65625,0.3493232727050781,0.999995906124226,0.986128835968047,0.9853290832296279,0.9853331032932591,0.985282791979364,0.8918906554343242,0.9999266210375938,0.9194020041452066
mdwarf01_earth_100d,api_default,22,0.6875,0.38607025146484375,0.999995906124226,0.986128835968047,0.9862573436027932,0.986261372820638,0.9862211892627103,0.9996238062968499,0.9999266210375938,0.985960975056205
mdwarf01_earth_100d,api_default,23,0.71875,0.6693992614746094,0.999995906124226,0.986128835968047,0.9872864919482035,0.9872905243237394,0.9872583459449635,0.905558192526817,0.9999266210375938,0.9806362629597791
mdwarf01_earth_100d,api_default,24,0.75,0.277435302734375,0.999995906124226,0.986128835968047,0.9883810148925362,0.9883850277000298,0.9883628650894817,0.9698492717167588,0.9999266210375938,0.9796295717114727
mdwarf01_earth_100d,api_default,25,0.78125,0.4471168518066406,0.999995906124226,0.986128835968047,0.9895001780319613,0.9895041463664604,0.9894989385985759,0.9755959548390485,0.9999266210375938,0.9761985573887235
mdwarf01_earth_100d,api_default,26,0.8125,0.44272613525390625,0.999995906124226,0.986128835968047,0.9905994720572291,0.9906033741697554,0.9906065803964894,0.985536198477192,0.9999266210375938,0.983036908905104
mdwarf01_earth_100d,api_default,27,0.84375,0.2950248718261719,0.999995906124226,0.986128835968047,0.9916329950228203,0.9916368217717183,0.991627418735274,0.9880391415617784,0.9999266210375938,0.9835086053628067
mdwarf01_earth_100d,api_default,28,0.875,0.3307952880859375,0.999995906124226,0.986128835968047,0.9925553211866344,0.9925590817767515,0.9925187465038102,0.9899037403252552,0.9999266210375938,0.9855882977214607
mdwarf01_earth_100d,api_default,29,0.90625,0.4072151184082031,0.999995906124226,0.986128835968047,0.9933233535961836,0.9933270545871032,0.9932467590727737,0.9748792827362102,0.9999266210375938,0.9785041137540114
mdwarf01_earth_100d,api_default,30,0.9375,0.6723556518554688,0.999995906124226,0.986128835968047,0.9938988681271588,0.9939025078426972,0.9937854010418654,0.92724445159279,0.9999266210375938,0.9422135591881815
mdwarf01_earth_100d,api_default,31,0.96875,0.5684776306152344,0.999995906124226,0.986128835968047,0.994254435394969,0.9942580334091056,0.9941160454747201,0.9814796321577349,0.9999266210375938,0.983141273753644
mdwarf01_earth_100d,benchmark_original,0,0.0,0.432373046875,0.999995906124226,0.986128835968047,0.9943746399617932,0.9943782263671282,0.9942274960559447,0.989129164454207,0.997875797030605,0.9871243113445142
mdwarf01_earth_100d,benchmark_original,1,0.03125,0.6425819396972656,0.999995906124226,0.986128835968047,0.9942544353949678,0.9942580334252102,0.9941160423926353,0.9609933826243747,0.997875797030605,0.9416604092109007
mdwarf01_earth_100d,benchmark_original,2,0.0625,0.5902175903320312,0.999995906124226,0.986128835968047,0.9938988681271554,0.9939025077279152,0.9937853948738432,0.9414649148420601,0.997875797030605,0.9746330976822293
mdwarf01_earth_100d,benchmark_original,3,0.09375,0.2588005065917969,0.999995906124226,0.986128835968047,0.9933233535961798,0.9933270545665247,0.9932467498088908,0.9940405791858616,0.997875797030605,0.985947416794308
mdwarf01_earth_100d,benchmark_original,4,0.125,0.6734771728515625,0.999995906124226,0.986128835968047,0.9925553211866296,0.9925590816905865,0.9925187341302744,0.9999952278709522,0.997875797030605,0.978662601635313
mdwarf01_earth_100d,benchmark_original,5,0.15625,0.5279731750488281,0.999995906124226,0.986128835968047,0.9916329950228153,0.9916368217165774,0.9916274032380196,0.9995549303259168,0.997875797030605,0.9878376549958371
mdwarf01_earth_100d,benchmark_original,6,0.1875,0.28652191162109375,0.999995906124226,0.986128835968047,0.9905994720572232,0.9906033741316363,0.9906065617627761,0.9822055817012044,0.997875797030605,0.9762557088603935
mdwarf01_earth_100d,benchmark_original,7,0.21875,0.2851829528808594,0.999995906124226,0.986128835968047,0.9895001780319558,0.9895041463720304,0.9894989168208824,0.9653838158559406,0.997875797030605,0.9873478687370665
mdwarf01_earth_100d,benchmark_original,8,0.25,0.404449462890625,0.999995906124226,0.986128835968047,0.9883810148925307,0.9883850276878268,0.9883628401799456,0.9301278899755822,0.997875797030605,0.9869815345623517
mdwarf01_earth_100d,benchmark_original,9,0.28125,0.6702003479003906,0.999995906124226,0.986128835968047,0.9872864919481982,0.9872905243258668,0.9872583179389516,0.9930597984522875,0.997875797030605,0.9689905066873055
mdwarf01_earth_100d,benchmark_original,10,0.3125,0.6774063110351562,0.999995906124226,0.986128835968047,0.9862573436027877,0.9862613728347449,0.9862211581896856,0.99944405337992,0.997875797030605,0.9782703196425888
mdwarf01_earth_100d,benchmark_original,11,0.34375,0.3148612976074219,0.999995906124226,0.986128835968047,0.9853290832296235,0.9853331033056538,0.9852827578572307,0.916217581289092,0.997875797030605,0.9716517107411479
mdwarf01_earth_100d,benchmark_original,12,0.375,0.5769500732421875,0.999995906124226,0.986128835968047,0.9845314508528981,0.9845354697959303,0.9844738436766951,0.9580570447227373,0.997875797030605,0.9827160599862292
mdwarf01_earth_100d,benchmark_original,13,0.40625,0.3820075988769531,0.999995906124226,0.986128835968047,0.9838881590061543,0.9838921806555166,0.9838269149083823,0.9862034082529658,0.997875797030605,0.9741289845315532
mdwarf01_earth_100d,benchmark_original,14,0.4375,0.45488739013671875,0.999995906124226,0.986128835968047,0.9834170542178365,0.983421074750781,0.9833624938124415,0.9975676215404755,0.997875797030605,0.9781409989983421
mdwarf01_earth_100d,benchmark_original,15,0.46875,0.5993003845214844,0.999995906124226,0.986128835968047,0.9831302929065938,0.9831343123145538,0.9830830983731784,0.94292045332167,0.997875797030605,0.9736234873289897
mdwarf01_earth_100d,benchmark_original,16,0.5,0.53302001953125,0.999995906124226,0.986128835968047,0.9830342728742977,0.9830382919374435,0.9829898414961161,0.9201005805101413,0.997875797030605,0.9623433946713811
mdwarf01_earth_100d,benchmark_original,17,0.53125,0.7161293029785156,0.999995906124226,0.986128835968047,0.9831302929065948,0.9831343123084192,0.9830830919660125,0.9512878580101952,0.997875797030605,0.9705756419860923
mdwarf01_earth_100d,benchmark_original,18,0.5625,0.6229934692382812,0.999995906124226,0.986128835968047,0.9834170542178385,0.9834210747475379,0.9833624810058678,0.9396537110245645,0.997875797030605,0.981533451441368
mdwarf01_earth_100d,benchmark_original,19,0.59375,0.4678459167480469,0.999995906124226,0.986128835968047,0.9838881590061574,0.9838921806568601,0.9838268957176948,0.9658080483683915,0.997875797030605,0.9756070343010805
mdwarf01_earth_100d,benchmark_original,20,0.625,0.4748077392578125,0.999995906124226,0.986128835968047,0.9845314508529021,0.9845354697814042,0.984473880846678,0.9298430284793529,0.997875797030605,0.9719380472287249
mdwarf01_earth_100d,benchmark_original,21,0.65625,0.3175849914550781,0.999995906124226,0.986128835968047,0.9853290832296279,0.9853331032932591,0.985282791979364,0.9628561628796858,0.997875797030605,0.9751932657896394
mdwarf01_earth_100d,benchmark_original,22,0.6875,0.27706146240234375,0.999995906124226,0.986128835968047,0.9862573436027932,0.986261372820638,0.9862211892627103,0.9491753558287394,0.997875797030605,0.9758474410799606
mdwarf01_earth_100d,benchmark_original,23,0.71875,0.4500389099121094,0.999995906124226,0.986128835968047,0.9872864919482035,0.9872905243237394,0.9872583459449635,0.9310796743645213,0.997875797030605,0.9824214994440229
mdwarf01_earth_100d,benchmark_original,24,0.75,0.322113037109375,0.999995906124226,0.986128835968047,0.9883810148925362,0.9883850277000298,0.9883628650894817,0.949278689930163,0.997875797030605,0.9835593502550609
mdwarf01_earth_100d,benchmark_original,25,0.78125,0.6031227111816406,0.999995906124226,0.986128835968047,0.9895001780319613,0.9895041463664604,0.9894989385985759,0.9920467727949025,0.997875797030605,0.987412301321353
mdwarf01_earth_100d,benchmark_original,26,0.8125,0.30832672119140625,0.999995906124226,0.986128835968047,0.9905994720572291,0.9906033741697554,0.9906065803964894,0.9885218649844033,0.997875797030605,0.9664591299714517
mdwarf01_earth_100d,benchmark_original,27,0.84375,0.2501029968261719,0.999995906124226,0.986128835968047,0.9916329950228203,0.9916368217717183,0.991627418735274,0.9728687266332345,0.997875797030605,0.9905248598281244
mdwarf01_earth_100d,benchmark_original,28,0.875,0.3027191162109375,0.999995906124226,0.986128835968047,0.9925553211866344,0.9925590817767515,0.9925187465038102,0.9574506279138495,0.997875797030605,0.9907433704646825
mdwarf01_earth_100d,benchmark_original,29,0.90625,0.6475715637207031,0.999995906124226,0.986128835968047,0.9933233535961836,0.9933270545871032,0.9932467590727737,0.9195264290194008,0.997875797030605,0.979074409435324
mdwarf01_earth_100d,benchmark_original,30,0.9375,0.5617599487304688,0.999995906124226,0.986128835968047,0.9938988681271588,0.9939025078426972,0.9937854010418654,0.9685458274292317,0.997875797030605,0.965528025299973
mdwarf01_earth_100d,benchmark_original,31,0.96875,0.3311729431152344,0.999995906124226,0.986128835968047,0.994254435394969,0.9942580334091056,0.9941160454747201,0.9239091849883134,0.997875797030605,0.9932816226016337
mdwarf01_earth_100d,benchmark_fine,0,0.0,0.6646728515625,0.999995906124226,0.986128835968047,0.9943746399617932,0.9943782263671282,0.9942274960559447,0.9971716445895894,0.9996744318272371,0.9933978476136589
mdwarf01_earth_100d,benchmark_fine,1,0.03125,0.3573036193847656,0.999995906124226,0.986128835968047,0.9942544353949678,0.9942580334252102,0.9941160423926353,0.998927060433313,0.9996744318272371,0.99396042233928
mdwarf01_earth_100d,benchmark_fine,2,0.0625,0.7093582153320312,0.999995906124226,0.986128835968047,0.9938988681271554,0.9939025077279152,0.9937853948738432,0.9963476341892711,0.9996744318272371,0.9920158791991652
mdwarf01_earth_100d,benchmark_fine,3,0.09375,0.5219841003417969,0.999995906124226,0.986128835968047,0.9933233535961798,0.9933270545665247,0.9932467498088908,0.9934053914440752,0.9996744318272371,0.9924815396211587
mdwarf01_earth_100d,benchmark_fine,4,0.125,0.5748443603515625,0.999995906124226,0.986128835968047,0.9925553211866296,0.9925590816905865,0.9925187341302744,0.999743527330898,0.9996744318272371,0.9910458649071033
mdwarf01_earth_100d,benchmark_fine,5,0.15625,0.4391059875488281,0.999995906124226,0.986128835968047,0.9916329950228153,0.9916368217165774,0.9916274032380196,0.9943280986635136,0.9996744318272371,0.9914335565145334
mdwarf01_earth_100d,benchmark_fine,6,0.1875,0.31911468505859375,0.999995906124226,0.986128835968047,0.9905994720572232,0.9906033741316363,0.9906065617627761,0.9995297946680124,0.9996744318272371,0.9896381394161582
mdwarf01_earth_100d,benchmark_fine,7,0.21875,0.5676536560058594,0.999995906124226,0.986128835968047,0.9895001780319558,0.9895041463720304,0.9894989168208824,0.9942042507082117,0.9996744318272371,0.9883074616707094
mdwarf01_earth_100d,benchmark_fine,8,0.25,0.487701416015625,0.999995906124226,0.986128835968047,0.9883810148925307,0.9883850276878268,0.9883628401799456,0.9991546544904045,0.9996744318272371,0.9881125820544588
mdwarf01_earth_100d,benchmark_fine,9,0.28125,0.3332862854003906,0.999995906124226,0.986128835968047,0.9872864919481982,0.9872905243258668,0.9872583179389516,0.99816171596678,0.9996744318272371,0.9831114332589536
mdwarf01_earth_100d,benchmark_fine,10,0.3125,0.6819229125976562,0.999995906124226,0.986128835968047,0.9862573436027877,0.9862613728347449,0.9862211581896856,0.9999921939355875,0.9996744318272371,0.9824246571053044
mdwarf01_earth_100d,benchmark_fine,11,0.34375,0.3573417663574219,0.999995906124226,0.986128835968047,0.9853290832296235,0.9853331033056538,0.9852827578572307,0.9998312571751276,0.9996744318272371,0.9810605879858607
mdwarf01_earth_100d,benchmark_fine,12,0.375,0.5820770263671875,0.999995906124226,0.986128835968047,0.9845314508528981,0.9845354697959303,0.9844738436766951,0.9998456035240214,0.9996744318272371,0.9815496557170985
mdwarf01_earth_100d,benchmark_fine,13,0.40625,0.2737312316894531,0.999995906124226,0.986128835968047,0.9838881590061543,0.9838921806555166,0.9838269149083823,0.9960251106864374,0.9996744318272371,0.982657553183484
mdwarf01_earth_100d,benchmark_fine,14,0.4375,0.33977508544921875,0.999995906124226,0.986128835968047,0.9834170542178365,0.983421074750781,0.9833624938124415,0.9926123418303228,0.9996744318272371,0.9770756014555535
mdwarf01_earth_100d,benchmark_fine,15,0.46875,0.6343345642089844,0.999995906124226,0.986128835968047,0.9831302929065938,0.9831343123145538,0.9830830983731784,0.9983723067669555,0.9996744318272371,0.9763826356450763
mdwarf01_earth_100d,benchmark_fine,16,0.5,0.48272705078125,0.999995906124226,0.986128835968047,0.9830342728742977,0.9830382919374435,0.9829898414961161,0.9983441466292887,0.9996744318272371,0.9794370161012417
mdwarf01_earth_100d,benchmark_fine,17,0.53125,0.5901527404785156,0.999995906124226,0.986128835968047,0.9831302929065948,0.9831343123084192,0.9830830919660125,0.9944513426010932,0.9996744318272371,0.9783776306680461
mdwarf01_earth_100d,benchmark_fine,18,0.5625,0.32270050048828125,0.999995906124226,0.986128835968047,0.9834170542178385,0.9834210747475379,0.9833624810058678,0.995481802493009,0.9996744318272371,0.9799136475903637
mdwarf01_earth_100d,benchmark_fine,19,0.59375,0.3742179870605469,0.999995906124226,0.986128835968047,0.9838881590061574,0.9838921806568601,0.9838268957176948,0.9999728472973684,0.9996744318272371,0.9769403883243989
mdwarf01_earth_100d,benchmark_fine,20,0.625,0.4234161376953125,0.999995906124226,0.986128835968047,0.9845314508529021,0.9845354697814042,0.984473880846678,0.9956101720118813,0.9996744318272371,0.9827698984834911
mdwarf01_earth_100d,benchmark_fine,21,0.65625,0.4394111633300781,0.999995906124226,0.986128835968047,0.9853290832296279,0.9853331032932591,0.985282791979364,0.9963106069437765,0.9996744318272371,0.9845664091147349
mdwarf01_earth_100d,benchmark_fine,22,0.6875,0.27376556396484375,0.999995906124226,0.986128835968047,0.9862573436027932,0.986261372820638,0.9862211892627103,0.9972070900946746,0.9996744318272371,0.9856328385396573
mdwarf01_earth_100d,benchmark_fine,23,0.71875,0.2559471130371094,0.999995906124226,0.986128835968047,0.9872864919482035,0.9872905243237394,0.9872583459449635,0.9999999457314581,0.9996744318272371,0.9862046025236759
mdwarf01_earth_100d,benchmark_fine,24,0.75,0.695037841796875,0.999995906124226,0.986128835968047,0.9883810148925362,0.9883850277000298,0.9883628650894817,0.9994102586963355,0.9996744318272371,0.9847552207713103
mdwarf01_earth_100d,benchmark_fine,25,0.78125,0.5900611877441406,0.999995906124226,0.986128835968047,0.9895001780319613,0.9895041463664604,0.9894989385985759,0.9987193473764325,0.9996744318272371,0.9874074659603826
mdwarf01_earth_100d,benchmark_fine,26,0.8125,0.45005035400390625,0.999995906124226,0.986128835968047,0.9905994720572291,0.9906033741697554,0.9906065803964894,0.9932946092430606,0.9996744318272371,0.9882009595669656
mdwarf01_earth_100d,benchmark_fine,27,0.84375,0.3461723327636719,0.999995906124226,0.986128835968047,0.9916329950228203,0.9916368217717183,0.991627418735274,0.9933096859139844,0.9996744318272371,0.9914649754881647
mdwarf01_earth_100d,benchmark_fine,28,0.875,0.3647308349609375,0.999995906124226,0.986128835968047,0.9925553211866344,0.9925590817767515,0.9925187465038102,0.9995643228894499,0.9996744318272371,0.9918069303049855
mdwarf01_earth_100d,benchmark_fine,29,0.90625,0.5609016418457031,0.999995906124226,0.986128835968047,0.9933233535961836,0.9933270545871032,0.9932467590727737,0.9974867834216963,0.9996744318272371,0.9930326195484369
mdwarf01_earth_100d,benchmark_fine,30,0.9375,0.33641815185546875,0.999995906124226,0.986128835968047,0.9938988681271588,0.9939025078426972,0.9937854010418654,0.9940093199458707,0.9996744318272371,0.9928406150550357
mdwarf01_earth_100d,benchmark_fine,31,0.96875,0.5422325134277344,0.999995906124226,0.986128835968047,0.994254435394969,0.9942580334091056,0.9941160454747201,0.9998210269405486,0.9996744318272371,0.9925199665443039
mdwarf01_earth_365d,api_default,0,0.0,0.2740478515625,0.9999916025329576,0.9862888850765947,0.9545253666126599,0.9545333822714213,0.9558650176466769,0.9539442697569157,0.9999278825716926,0.9401814180671854
mdwarf01_earth_365d,api_default,1,0.03125,0.6616249084472656,0.9999916025329576,0.9862888850765947,0.9546528930530017,0.9546609094473542,0.9559812042545845,0.9886609419338602,0.9999278825716926,0.9504484196094168
mdwarf01_earth_365d,api_default,2,0.0625,0.26587677001953125,0.9999916025329576,0.9862888850765947,0.9550304869830807,0.9550385054837307,0.9563242241933908,0.9318143208330356,0.9999278825716926,0.9404210491860314
mdwarf01_earth_365d,api_default,3,0.09375,0.3485221862792969,0.9999916025329576,0.9862888850765947,0.9556426384947405,0.9556506601397416,0.9568767436362122,0.8934839937814202,0.9999278825716926,0.9421093486081034
mdwarf01_earth_365d,api_default,4,0.125,0.3589019775390625,0.9999916025329576,0.9862888850765947,0.9564613304680507,0.9564693555529571,0.9576069297158526,0.9997361789223115,0.9999278825716926,0.952702965565607
mdwarf01_earth_365d,api_default,5,0.15625,0.7068061828613281,0.9999916025329576,0.9862888850765947,0.9574410519970362,0.9574490793287375,0.9584611617339679,0.9539237176110569,0.9999278825716926,0.9352004844964439
mdwarf01_earth_365d,api_default,6,0.1875,0.31948089599609375,0.9999916025329576,0.9862888850765947,0.9584870406582057,0.958495064991797,0.9592875184504936,0.9445500346587816,0.9999278825716926,0.93781176252471
mdwarf01_earth_365d,api_default,7,0.21875,0.2651634216308594,0.9999916025329576,0.9862888850765947,0.9592932097156333,0.9593011460550541,0.9596342488217808,0.9751911772223226,0.9999278825716926,0.947133880239592
mdwarf01_earth_365d,api_default,8,0.25,0.374298095703125,0.9999916025329576,0.9862888850765947,0.9594558784276414,0.95946362060568,0.9592564175914019,0.9405588040411346,0.9999278825716926,0.932502640082553
mdwarf01_earth_365d,api_default,9,0.28125,0.2939796447753906,0.9999916025329576,0.9862888850765947,0.9588042768246683,0.9588118710215855,0.9581094216639858,0.8756917473828815,0.9999278825716926,0.937878629885459
mdwarf01_earth_365d,api_default,10,0.3125,0.5185928344726562,0.9999916025329576,0.9862888850765947,0.9573627110705045,0.9573703145292148,0.9562694320103999,0.9605355726226675,0.9999278825716926,0.9498104568930558
mdwarf01_earth_365d,api_default,11,0.34375,0.3207206726074219,0.9999916025329576,0.9862888850765947,0.9552841144821117,0.95529186188896,0.9539075573777113,0.9992433463511161,0.9999278825716926,0.954964618098139
mdwarf01_earth_365d,api_default,12,0.375,0.7410125732421875,0.9999916025329576,0.9862888850765947,0.9528238139225342,0.9528317192863816,0.9512725028433574,0.9981111562673246,0.9999278825716926,0.9405444565397206
mdwarf01_earth_365d,api_default,13,0.40625,0.6863288879394531,0.9999916025329576,0.9862888850765947,0.9503267477653738,0.9503347156276633,0.9486796401051139,0.9648682164553927,0.9999278825716926,0.929963821600646
mdwarf01_earth_365d,api_default,14,0.4375,0.7366256713867188,0.9999916025329576,0.9862888850765947,0.9482364187844854,0.9482443756358552,0.9465280717193801,0.9585240515946819,0.9999278825716926,0.9379660724240567
mdwarf01_earth_365d,api_default,15,0.46875,0.3362388610839844,0.9999916025329576,0.9862888850765947,0.9469212084094275,0.9469291539226439,0.9452036025251106,0.9423079382539223,0.9999278825716926,0.9270637238938432
mdwarf01_earth_365d,api_default,16,0.5,0.38690185546875,0.9999916025329576,0.9862888850765947,0.9464816134967433,0.9464895552767395,0.9447614229130996,0.9337228952490811,0.9999278825716926,0.9362686149024938
mdwarf01_earth_365d,api_default,17,0.53125,0.3993568420410156,0.9999916025329576,0.9862888850765947,0.9469212084094325,0.9469291539168494,0.9452035941098682,0.9262476463581293,0.9999278825716926,0.9261966820016738
mdwarf01_earth_365d,api_default,18,0.5625,0.5872268676757812,0.9999916025329576,0.9862888850765947,0.9482364187844948,0.9482443756288247,0.9465280549160949,0.9468850393949633,0.9999278825716926,0.9432267233316481
mdwarf01_earth_365d,api_default,19,0.59375,0.2606925964355469,0.9999916025329576,0.9862888850765947,0.9503267477653865,0.9503347156640565,0.9486797177320558,0.9233894038246276,0.9999278825716926,0.9371214868067227
mdwarf01_earth_365d,api_default,20,0.625,0.4242706298828125,0.9999916025329576,0.9862888850765947,0.9528238139225473,0.9528317193553184,0.9512725760032538,0.9189214737464759,0.9999278825716926,0.9455705076840524
mdwarf01_earth_365d,api_default,21,0.65625,0.7263984680175781,0.9999916025329576,0.9862888850765947,0.9552841144821252,0.9552918620675802,0.9539076258588807,0.9911971597781271,0.9999278825716926,0.9257935056107299
mdwarf01_earth_365d,api_default,22,0.6875,0.29232025146484375,0.9999916025329576,0.9862888850765947,0.9573627110705141,0.9573703146823501,0.9562694955487107,0.9653419147998848,0.9999278825716926,0.9486569953988558
mdwarf01_earth_365d,api_default,23,0.71875,0.6836814880371094,0.9999916025329576,0.9862888850765947,0.9588042768246733,0.9588118710814201,0.9581094799568726,0.9990413416858519,0.9999278825716926,0.9584013119057901
mdwarf01_earth_365d,api_default,24,0.75,0.258880615234375,0.9999916025329576,0.9862888850765947,0.959455878427637,0.9594636206289109,0.959256470308826,0.9990293544324026,0.9999278825716926,0.959147253634193
mdwarf01_earth_365d,api_default,25,0.78125,0.5647926330566406,0.9999916025329576,0.9862888850765947,0.9592932097156271,0.9593011460575912,0.9596342956211301,0.9124580223426787,0.9999278825716926,0.9377493541448522
mdwarf01_earth_365d,api_default,26,0.8125,0.34360504150390625,0.9999916025329576,0.9862888850765947,0.9584870406581973,0.9584950649718468,0.9592875589990165,0.9727029216361976,0.9999278825716926,0.9402676957083201
mdwarf01_earth_365d,api_default,27,0.84375,0.4675102233886719,0.9999916025329576,0.9862888850765947,0.9574410519970286,0.957449079311097,0.9584611957595985,0.99999140109225,0.9999278825716926,0.9574196263640047
mdwarf01_earth_365d,api_default,28,0.875,0.4640960693359375,0.9999916025329576,0.9862888850765947,0.9564613304680439,0.956469355541318,0.9576069570734372,0.8992163414134386,0.9999278825716926,0.947208999159886
mdwarf01_earth_365d,api_default,29,0.90625,0.5263557434082031,0.9999916025329576,0.9862888850765947,0.9556426384947353,0.9556506601300057,0.9568767642318156,0.9853111752029633,0.9999278825716926,0.9502773282280194
mdwarf01_earth_365d,api_default,30,0.9375,0.43529510498046875,0.9999916025329576,0.9862888850765947,0.9550304869830779,0.9550385054732922,0.9563242379600216,0.9158384468153622,0.9999278825716926,0.9437667072811528
mdwarf01_earth_365d,api_default,31,0.96875,0.6003379821777344,0.9999916025329576,0.9862888850765947,0.9546528930530005,0.9546609094445072,0.9559812111486391,0.944266000797684,0.9999278825716926,0.9426194283877797
mdwarf01_earth_365d,benchmark_original,0,0.0,0.7386474609375,0.9999916025329576,0.9862888850765947,0.9545253666126599,0.9545333822714213,0.9558650176466769,0.9982581351748389,0.997840917888905,0.9512794722639033
mdwarf01_earth_365d,benchmark_original,1,0.03125,0.2888221740722656,0.9999916025329576,0.9862888850765947,0.9546528930530017,0.9546609094473542,0.9559812042545845,0.9321667669601253,0.997840917888905,0.9437344278791964
mdwarf01_earth_365d,benchmark_original,2,0.0625,0.29053497314453125,0.9999916025329576,0.9862888850765947,0.9550304869830807,0.9550385054837307,0.9563242241933908,0.9734935880074432,0.997840917888905,0.9367753566867804
mdwarf01_earth_365d,benchmark_original,3,0.09375,0.3046989440917969,0.9999916025329576,0.9862888850765947,0.9556426384947405,0.9556506601397416,0.9568767436362122,0.9999582873054161,0.997840917888905,0.9357911375307707
mdwarf01_earth_365d,benchmark_original,4,0.125,0.5758209228515625,0.9999916025329576,0.9862888850765947,0.9564613304680507,0.9564693555529571,0.9576069297158526,0.9846907633662165,0.997840917888905,0.9349992810010016
mdwarf01_earth_365d,benchmark_original,5,0.15625,0.6727485656738281,0.9999916025329576,0.9862888850765947,0.9574410519970362,0.9574490793287375,0.9584611617339679,0.9931890588935713,0.997840917888905,0.9543632751317317
mdwarf01_earth_365d,benchmark_original,6,0.1875,0.6478500366210938,0.9999916025329576,0.9862888850765947,0.9584870406582057,0.958495064991797,0.9592875184504936,0.9813437979550673,0.997840917888905,0.9483251603614177
mdwarf01_earth_365d,benchmark_original,7,0.21875,0.6677513122558594,0.9999916025329576,0.9862888850765947,0.9592932097156333,0.9593011460550541,0.9596342488217808,0.9248272065485731,0.997840917888905,0.9316860166900524
mdwarf01_earth_365d,benchmark_original,8,0.25,0.471710205078125,0.9999916025329576,0.9862888850765947,0.9594558784276414,0.95946362060568,0.9592564175914019,0.998771753593812,0.997840917888905,0.9497060587081572
mdwarf01_earth_365d,benchmark_original,9,0.28125,0.6603126525878906,0.9999916025329576,0.9862888850765947,0.9588042768246683,0.9588118710215855,0.9581094216639858,0.9999709324545675,0.997840917888905,0.957504439940081
mdwarf01_earth_365d,benchmark_original,10,0.3125,0.5716934204101562,0.9999916025329576,0.9862888850765947,0.9573627110705045,0.9573703145292148,0.9562694320103999,0.9742956280202659,0.997840917888905,0.9338450143340633
mdwarf01_earth_365d,benchmark_original,11,0.34375,0.4040946960449219,0.9999916025329576,0.9862888850765947,0.9552841144821117,0.95529186188896,0.9539075573777113,0.9988530421950139,0.997840917888905,0.9466782913076408
mdwarf01_earth_365d,benchmark_original,12,0.375,0.3083953857421875,0.9999916025329576,0.9862888850765947,0.9528238139225342,0.9528317192863816,0.9512725028433574,0.9247248302617812,0.997840917888905,0.942886458652426
mdwarf01_earth_365d,benchmark_original,13,0.40625,0.4019050598144531,0.9999916025329576,0.9862888850765947,0.9503267477653738,0.9503347156276633,0.9486796401051139,0.994058747809873,0.997840917888905,0.9213381193989358
mdwarf01_earth_365d,benchmark_original,14,0.4375,0.26873016357421875,0.9999916025329576,0.9862888850765947,0.9482364187844854,0.9482443756358552,0.9465280717193801,0.9648172495480449,0.997840917888905,0.9428226749641261
mdwarf01_earth_365d,benchmark_original,15,0.46875,0.6442222595214844,0.9999916025329576,0.9862888850765947,0.9469212084094275,0.9469291539226439,0.9452036025251106,0.9937542967861731,0.997840917888905,0.9394717263498819
mdwarf01_earth_365d,benchmark_original,16,0.5,0.46636962890625,0.9999916025329576,0.9862888850765947,0.9464816134967433,0.9464895552767395,0.9447614229130996,0.9371190716118162,0.997840917888905,0.9405224448819824
mdwarf01_earth_365d,benchmark_original,17,0.53125,0.4979896545410156,0.9999916025329576,0.9862888850765947,0.9469212084094325,0.9469291539168494,0.9452035941098682,0.9952438318878274,0.997840917888905,0.9456748465074831
mdwarf01_earth_365d,benchmark_original,18,0.5625,0.6010208129882812,0.9999916025329576,0.9862888850765947,0.9482364187844948,0.9482443756288247,0.9465280549160949,0.968805639104125,0.997840917888905,0.9432921700706052
mdwarf01_earth_365d,benchmark_original,19,0.59375,0.3828849792480469,0.9999916025329576,0.9862888850765947,0.9503267477653865,0.9503347156640565,0.9486797177320558,0.9522345333922982,0.997840917888905,0.9454408785018704
mdwarf01_earth_365d,benchmark_original,20,0.625,0.4425811767578125,0.9999916025329576,0.9862888850765947,0.9528238139225473,0.9528317193553184,0.9512725760032538,0.9714001813567683,0.997840917888905,0.9417631144107346
mdwarf01_earth_365d,benchmark_original,21,0.65625,0.4193916320800781,0.9999916025329576,0.9862888850765947,0.9552841144821252,0.9552918620675802,0.9539076258588807,0.983467015317336,0.997840917888905,0.9408295828215326
mdwarf01_earth_365d,benchmark_original,22,0.6875,0.43953704833984375,0.9999916025329576,0.9862888850765947,0.9573627110705141,0.9573703146823501,0.9562694955487107,0.9668200133209865,0.997840917888905,0.9050207547044121
mdwarf01_earth_365d,benchmark_original,23,0.71875,0.5336570739746094,0.9999916025329576,0.9862888850765947,0.9588042768246733,0.9588118710814201,0.9581094799568726,0.9669149531814226,0.997840917888905,0.9430942884246688
mdwarf01_earth_365d,benchmark_original,24,0.75,0.318939208984375,0.9999916025329576,0.9862888850765947,0.959455878427637,0.9594636206289109,0.959256470308826,0.9429740358321509,0.997840917888905,0.9344503641561767
mdwarf01_earth_365d,benchmark_original,25,0.78125,0.4123268127441406,0.9999916025329576,0.9862888850765947,0.9592932097156271,0.9593011460575912,0.9596342956211301,0.9484709461763824,0.997840917888905,0.9573155663809528
mdwarf01_earth_365d,benchmark_original,26,0.8125,0.28415679931640625,0.9999916025329576,0.9862888850765947,0.9584870406581973,0.9584950649718468,0.9592875589990165,0.9992668437384141,0.997840917888905,0.9305651388135817
mdwarf01_earth_365d,benchmark_original,27,0.84375,0.6500053405761719,0.9999916025329576,0.9862888850765947,0.9574410519970286,0.957449079311097,0.9584611957595985,0.9308266892356852,0.997840917888905,0.9535591058788228
mdwarf01_earth_365d,benchmark_original,28,0.875,0.5661468505859375,0.9999916025329576,0.9862888850765947,0.9564613304680439,0.956469355541318,0.9576069570734372,0.9996278259725319,0.997840917888905,0.955318929567244
mdwarf01_earth_365d,benchmark_original,29,0.90625,0.6127815246582031,0.9999916025329576,0.9862888850765947,0.9556426384947353,0.9556506601300057,0.9568767642318156,0.9906593304065798,0.997840917888905,0.9488712571254747
mdwarf01_earth_365d,benchmark_original,30,0.9375,0.5911788940429688,0.9999916025329576,0.9862888850765947,0.9550304869830779,0.9550385054732922,0.9563242379600216,0.950853622946258,0.997840917888905,0.9466921424209097
mdwarf01_earth_365d,benchmark_original,31,0.96875,0.7150840759277344,0.9999916025329576,0.9862888850765947,0.9546528930530005,0.9546609094445072,0.9559812111486391,0.9593903294812927,0.997840917888905,0.9520491446119155
mdwarf01_earth_365d,benchmark_fine,0,0.0,0.5660400390625,0.9999916025329576,0.9862888850765947,0.9545253666126599,0.9545333822714213,0.9558650176466769,0.9936809015328257,0.9996657997845853,0.9436739492655006
mdwarf01_earth_365d,benchmark_fine,1,0.03125,0.5046424865722656,0.9999916025329576,0.9862888850765947,0.9546528930530017,0.9546609094473542,0.9559812042545845,0.9963514017426341,0.9996657997845853,0.9484187732112433
mdwarf01_earth_365d,benchmark_fine,2,0.0625,0.5470046997070312,0.9999916025329576,0.9862888850765947,0.9550304869830807,0.9550385054837307,0.9563242241933908,0.998554397206759,0.9996657997845853,0.9443266089479485
mdwarf01_earth_365d,benchmark_fine,3,0.09375,0.4185905456542969,0.9999916025329576,0.9862888850765947,0.9556426384947405,0.9556506601397416,0.9568767436362122,0.9942884222172136,0.9996657997845853,0.9523461889895374
mdwarf01_earth_365d,benchmark_fine,4,0.125,0.2862701416015625,0.9999916025329576,0.9862888850765947,0.9564613304680507,0.9564693555529571,0.9576069297158526,0.9763677511692627,0.9996657997845853,0.936908494624378
mdwarf01_earth_365d,benchmark_fine,5,0.15625,0.3612251281738281,0.9999916025329576,0.9862888850765947,0.9574410519970362,0.9574490793287375,0.9584611617339679,0.9657768354375958,0.9996657997845853,0.9326326220283645
mdwarf01_earth_365d,benchmark_fine,6,0.1875,0.26137542724609375,0.9999916025329576,0.9862888850765947,0.9584870406582057,0.958495064991797,0.9592875184504936,0.9664819387983639,0.9996657997845853,0.9320605344288542
mdwarf01_earth_365d,benchmark_fine,7,0.21875,0.6831321716308594,0.9999916025329576,0.9862888850765947,0.9592932097156333,0.9593011460550541,0.9596342488217808,0.9810459162204068,0.9996657997845853,0.9453461336647141
mdwarf01_earth_365d,benchmark_fine,8,0.25,0.442901611328125,0.9999916025329576,0.9862888850765947,0.9594558784276414,0.95946362060568,0.9592564175914019,0.999828784905624,0.9996657997845853,0.9593546774410427
mdwarf01_earth_365d,benchmark_fine,9,0.28125,0.2884864807128906,0.9999916025329576,0.9862888850765947,0.9588042768246683,0.9588118710215855,0.9581094216639858,0.9886664169675498,0.9996657997845853,0.9439750643585877
mdwarf01_earth_365d,benchmark_fine,10,0.3125,0.43021392822265625,0.9999916025329576,0.9862888850765947,0.9573627110705045,0.9573703145292148,0.9562694320103999,0.9880114326443246,0.9996657997845853,0.9518040834638973
mdwarf01_earth_365d,benchmark_fine,11,0.34375,0.2548027038574219,0.9999916025329576,0.9862888850765947,0.9552841144821117,0.95529186188896,0.9539075573777113,0.9995187799512374,0.9996657997845853,0.9521149727660625
mdwarf01_earth_365d,benchmark_fine,12,0.375,0.7259979248046875,0.9999916025329576,0.9862888850765947,0.9528238139225342,0.9528317192863816,0.9512725028433574,0.9997162084495473,0.9996657997845853,0.9456100090242231
mdwarf01_earth_365d,benchmark_fine,13,0.40625,0.4270515441894531,0.9999916025329576,0.9862888850765947,0.9503267477653738,0.9503347156276633,0.9486796401051139,0.9998427243827196,0.9996657997845853,0.9442453365243734
mdwarf01_earth_365d,benchmark_fine,14,0.4375,0.38909149169921875,0.9999916025329576,0.9862888850765947,0.9482364187844854,0.9482443756358552,0.9465280717193801,0.9953472736208818,0.9996657997845853,0.9403812015271945
mdwarf01_earth_365d,benchmark_fine,15,0.46875,0.6138267517089844,0.9999916025329576,0.9862888850765947,0.9469212084094275,0.9469291539226439,0.9452036025251106,0.9695505982892586,0.9996657997845853,0.9310139040649168
mdwarf01_earth_365d,benchmark_fine,16,0.5,0.66876220703125,0.9999916025329576,0.9862888850765947,0.9464816134967433,0.9464895552767395,0.9447614229130996,0.9906622135223511,0.9996657997845853,0.9389275859936568
mdwarf01_earth_365d,benchmark_fine,17,0.53125,0.6764564514160156,0.9999916025329576,0.9862888850765947,0.9469212084094325,0.9469291539168494,0.9452035941098682,0.9972955742640524,0.9996657997845853,0.9402211877058851
mdwarf01_earth_365d,benchmark_fine,18,0.5625,0.45612335205078125,0.9999916025329576,0.9862888850765947,0.9482364187844948,0.9482443756288247,0.9465280549160949,0.9693134099040732,0.9996657997845853,0.9314220441736945
mdwarf01_earth_365d,benchmark_fine,19,0.59375,0.5888175964355469,0.9999916025329576,0.9862888850765947,0.9503267477653865,0.9503347156640565,0.9486797177320558,0.9814940056483109,0.9996657997845853,0.9373162506911118
mdwarf01_earth_365d,benchmark_fine,20,0.625,0.6530303955078125,0.9999916025329576,0.9862888850765947,0.9528238139225473,0.9528317193553184,0.9512725760032538,0.977486521892231,0.9996657997845853,0.9277368259969424
mdwarf01_earth_365d,benchmark_fine,21,0.65625,0.6156806945800781,0.9999916025329576,0.9862888850765947,0.9552841144821252,0.9552918620675802,0.9539076258588807,0.978101176750854,0.9996657997845853,0.9279745174586504
mdwarf01_earth_365d,benchmark_fine,22,0.6875,0.38753509521484375,0.9999916025329576,0.9862888850765947,0.9573627110705141,0.9573703146823501,0.9562694955487107,0.9863866314895627,0.9996657997845853,0.9511225701459606
mdwarf01_earth_365d,benchmark_fine,23,0.71875,0.4042625427246094,0.9999916025329576,0.9862888850765947,0.9588042768246733,0.9588118710814201,0.9581094799568726,0.9901673556619329,0.9996657997845853,0.9446318808369003
mdwarf01_earth_365d,benchmark_fine,24,0.75,0.512420654296875,0.9999916025329576,0.9862888850765947,0.959455878427637,0.9594636206289109,0.959256470308826,0.9752825300144313,0.9996657997845853,0.9380821798992143
mdwarf01_earth_365d,benchmark_fine,25,0.78125,0.7436256408691406,0.9999916025329576,0.9862888850765947,0.9592932097156271,0.9593011460575912,0.9596342956211301,0.9669828975581918,0.9996657997845853,0.9321142616823485
mdwarf01_earth_365d,benchmark_fine,26,0.8125,0.36862945556640625,0.9999916025329576,0.9862888850765947,0.9584870406581973,0.9584950649718468,0.9592875589990165,0.9755165135087929,0.9996657997845853,0.9368016517672744
mdwarf01_earth_365d,benchmark_fine,27,0.84375,0.6249809265136719,0.9999916025329576,0.9862888850765947,0.9574410519970286,0.957449079311097,0.9584611957595985,0.9785736933473058,0.9996657997845853,0.9377616447592404
mdwarf01_earth_365d,benchmark_fine,28,0.875,0.5557708740234375,0.9999916025329576,0.9862888850765947,0.9564613304680439,0.956469355541318,0.9576069570734372,0.9748123738245998,0.9996657997845853,0.943681967704676
mdwarf01_earth_365d,benchmark_fine,29,0.90625,0.6689338684082031,0.9999916025329576,0.9862888850765947,0.9556426384947353,0.9556506601300057,0.9568767642318156,0.9842291776048563,0.9996657997845853,0.9396768484308218
mdwarf01_earth_365d,benchmark_fine,30,0.9375,0.26683807373046875,0.9999916025329576,0.9862888850765947,0.9550304869830779,0.9550385054732922,0.9563242379600216,0.9910676327546762,0.9996657997845853,0.9419019759341464
mdwarf01_earth_365d,benchmark_fine,31,0.96875,0.2838096618652344,0.9999916025329576,0.9862888850765947,0.9546528930530005,0.9546609094445072,0.9559812111486391,0.994042914082783,0.9996657997845853,0.9479804553053036
mdwarf01_earth_365d_b09,api_default,0,0.0,0.47412109375,0.9916247159539106,0.9646770234322823,0.7902265353773557,0.796900805864243,0.8514884859197607,0.9965314007679769,0.9975428266358652,0.7731769388613855
mdwarf01_earth_365d_b09,api_default,1,0.03125,0.2548866271972656,0.9916247159539106,0.9646770234322823,0.791714660761625,0.7983980889666092,0.852487675907503,0.924693988107541,0.9975428266358652,0.7705089155578634
mdwarf01_earth_365d_b09,api_default,2,0.0625,0.42859649658203125,0.9916247159539106,0.9646770234322823,0.7961525808421867,0.8028635119379056,0.8554747384791627,0.9498370183222462,0.9975428266358652,0.7842538014390177
mdwarf01_earth_365d_b09,api_default,3,0.09375,0.7382926940917969,0.9916247159539106,0.9646770234322823,0.8034620894679283,0.8102191721501514,0.8604184442729229,0.9640193440569687,0.9975428266358652,0.780604118238492
mdwarf01_earth_365d_b09,api_default,4,0.125,0.3683013916015625,0.9916247159539106,0.9646770234322823,0.8135164481885162,0.8203387384099897,0.8672677826457451,0.8958064845771001,0.9975428266358652,0.798534848968454
mdwarf01_earth_365d_b09,api_default,5,0.15625,0.2849311828613281,0.9916247159539106,0.9646770234322823,0.8261441288183391,0.8330511071134905,0.8759534167330889,0.9977229797081972,0.9975428266358652,0.7894057109331313
mdwarf01_earth_365d_b09,api_default,6,0.1875,0.7087631225585938,0.9916247159539106,0.9646770234322823,0.8411092490534258,0.8481212055439864,0.8863895262722726,0.9990055791062503,0.9975428266358652,0.8276186024650668
mdwarf01_earth_365d_b09,api_default,7,0.21875,0.5289573669433594,0.9916247159539106,0.9646770234322823,0.8578900935945009,0.8650284111043839,0.8980097778862742,0.9993141413104946,0.9975428266358652,0.8387943221643361
mdwarf01_earth_365d_b09,api_default,8,0.25,0.475250244140625,0.9916247159539106,0.9646770234322823,0.8755391759072128,0.8828231393285042,0.9085610748366342,0.9940072107721378,0.9975428266358652,0.8574446719458704
mdwarf01_earth_365d_b09,api_default,9,0.28125,0.7262306213378906,0.9916247159539106,0.9646770234322823,0.8931180968606387,0.900556093266741,0.9163714206591892,0.9992118054575704,0.9975428266358652,0.8771126039164849
mdwarf01_earth_365d_b09,api_default,10,0.3125,0.5702285766601562,0.9916247159539106,0.9646770234322823,0.9098565906176396,0.9174324567413373,0.9206449221731713,0.9153031254919837,0.9975428266358652,0.9096146435755781
mdwarf01_earth_365d_b09,api_default,11,0.34375,0.4593925476074219,0.9916247159539106,0.9646770234322823,0.9251017966208039,0.9327604120641132,0.9216770357432081,0.9386660318884774,0.9975428266358652,0.912400944966786
mdwarf01_earth_365d_b09,api_default,12,0.375,0.6674041748046875,0.9916247159539106,0.9646770234322823,0.9383078546529041,0.9459970267536226,0.9214363810915572,0.974920636385467,0.9975428266358652,0.9307171651969928
mdwarf01_earth_365d_b09,api_default,13,0.40625,0.4386482238769531,0.9916247159539106,0.9646770234322823,0.9490324519910235,0.9567738785613563,0.920937290072893,0.9673750930354206,0.9975428266358652,0.9453504448153299
mdwarf01_earth_365d_b09,api_default,14,0.4375,0.36431121826171875,0.9916247159539106,0.9646770234322823,0.9569344729018441,0.9647940272832698,0.9204418867136216,0.9664503219980797,0.9975428266358652,0.956094445689249
mdwarf01_earth_365d_b09,api_default,15,0.46875,0.5768394470214844,0.9916247159539106,0.9646770234322823,0.9617719607434875,0.9697616617577635,0.9200943017448552,0.9939664033864457,0.9975428266358652,0.9576669190138754
mdwarf01_earth_365d_b09,api_default,16,0.5,0.44842529296875,0.9916247159539106,0.9646770234322823,0.9634004650304976,0.9714393449525045,0.9199704676660141,0.9357490732197805,0.9975428266358652,0.9292904579429558
mdwarf01_earth_365d_b09,api_default,17,0.53125,0.3400306701660156,0.9916247159539106,0.9646770234322823,0.9617719607434654,0.9697615290400057,0.9200942940556321,0.9999167523218224,0.9975428266358652,0.9482694743257523
mdwarf01_earth_365d_b09,api_default,18,0.5625,0.42743682861328125,0.9916247159539106,0.9646770234322823,0.9569344729018048,0.9647938069338186,0.9204418713726142,0.9999680420583924,0.9975428266358652,0.9526171896914977
mdwarf01_earth_365d_b09,api_default,19,0.59375,0.2528800964355469,0.9916247159539106,0.9646770234322823,0.9490324519909699,0.9567736673836466,0.920937267155429,0.9902385671047867,0.9975428266358652,0.9316529039065566
mdwarf01_earth_365d_b09,api_default,20,0.625,0.6498565673828125,0.9916247159539106,0.9646770234322823,0.9383078546528454,0.9459968453064692,0.9214363507127202,0.9998760678342089,0.9975428266358652,0.9314430020633819
mdwarf01_earth_365d_b09,api_default,21,0.65625,0.3415107727050781,0.9916247159539106,0.9646770234322823,0.9251017966207338,0.9327602106274518,0.9216769980642098,0.9032432906594073,0.9975428266358652,0.9119920508857235
mdwarf01_earth_365d_b09,api_default,22,0.6875,0.30049896240234375,0.9916247159539106,0.9646770234322823,0.90985659061756,0.9174321799980897,0.9206448774802307,0.9999983867775312,0.9975428266358652,0.9097203000318266
mdwarf01_earth_365d_b09,api_default,23,0.71875,0.5981101989746094,0.9916247159539106,0.9646770234322823,0.8931180968605474,0.9005557528787155,0.9163713694388961,0.9997576386309812,0.9975428266358652,0.8758231477470009
mdwarf01_earth_365d_b09,api_default,24,0.75,0.379730224609375,0.9916247159539106,0.9646770234322823,0.8755391759071142,0.8828227587494255,0.9085610175598745,0.9054025696121089,0.9975428266358652,0.8698996988737501
mdwarf01_earth_365d_b09,api_default,25,0.78125,0.6821022033691406,0.9916247159539106,0.9646770234322823,0.8578900935944089,0.8650280190255344,0.8980097149178923,0.998645109097528,0.9975428266358652,0.8511939971443218
mdwarf01_earth_365d_b09,api_default,26,0.8125,0.6088638305664062,0.9916247159539106,0.9646770234322823,0.8411092490533396,0.8481208287491475,0.8863895819855099,0.9768017274772343,0.9975428266358652,0.8372032926005353
mdwarf01_earth_365d_b09,api_default,27,0.84375,0.5212211608886719,0.9916247159539106,0.9646770234322823,0.8261441288182642,0.8330507654925682,0.875953463792539,0.9882735674570285,0.9975428266358652,0.7749840055312347
mdwarf01_earth_365d_b09,api_default,28,0.875,0.6216888427734375,0.9916247159539106,0.9646770234322823,0.8135164481884548,0.8203384472780169,0.8672678207217956,0.9970276783706834,0.9975428266358652,0.7897067633602206
mdwarf01_earth_365d_b09,api_default,29,0.90625,0.5261116027832031,0.9916247159539106,0.9646770234322823,0.8034620894678817,0.8102189428469856,0.8604184730873048,0.9379765363005726,0.9975428266358652,0.7835789171819175
mdwarf01_earth_365d_b09,api_default,30,0.9375,0.6329269409179688,0.9916247159539106,0.9646770234322823,0.796152580842155,0.8028633535236004,0.8554747578140545,0.9787993413830728,0.9975428266358652,0.7885746106245619
mdwarf01_earth_365d_b09,api_default,31,0.96875,0.5236778259277344,0.9916247159539106,0.9646770234322823,0.7917146607616092,0.7983980078987505,0.8524876856131112,0.917657564767316,0.9975428266358652,0.7893102300673944
mdwarf01_earth_365d_b09,benchmark_original,0,0.0,0.693603515625,0.9916247159539106,0.9646770234322823,0.7902265353773557,0.796900805864243,0.8514884859197607,0.998583397650131,0.9975428266358652,0.7854893330122104
mdwarf01_earth_365d_b09,benchmark_original,1,0.03125,0.3721961975097656,0.9916247159539106,0.9646770234322823,0.791714660761625,0.7983980889666092,0.852487675907503,0.9983437924880881,0.9975428266358652,0.788740603049285
mdwarf01_earth_365d_b09,benchmark_original,2,0.0625,0.6998367309570312,0.9916247159539106,0.9646770234322823,0.7961525808421867,0.8028635119379056,0.8554747384791627,0.9805785401400583,0.9975428266358652,0.786337102069622
mdwarf01_earth_365d_b09,benchmark_original,3,0.09375,0.3530387878417969,0.9916247159539106,0.9646770234322823,0.8034620894679283,0.8102191721501514,0.8604184442729229,0.9859887297457408,0.9975428266358652,0.7976813769283686
mdwarf01_earth_365d_b09,benchmark_original,4,0.125,0.6446685791015625,0.9916247159539106,0.9646770234322823,0.8135164481885162,0.8203387384099897,0.8672677826457451,0.9630175553652065,0.9975428266358652,0.7924381094295943
mdwarf01_earth_365d_b09,benchmark_original,5,0.15625,0.5090522766113281,0.9916247159539106,0.9646770234322823,0.8261441288183391,0.8330511071134905,0.8759534167330889,0.999404697759151,0.9975428266358652,0.7984700903808437
mdwarf01_earth_365d_b09,benchmark_original,6,0.1875,0.6200180053710938,0.9916247159539106,0.9646770234322823,0.8411092490534258,0.8481212055439864,0.8863895262722726,0.9651539047542188,0.9975428266358652,0.805292377476521
mdwarf01_earth_365d_b09,benchmark_original,7,0.21875,0.7470970153808594,0.9916247159539106,0.9646770234322823,0.8578900935945009,0.8650284111043839,0.8980097778862742,0.9989779918762854,0.9975428266358652,0.829455330506304
mdwarf01_earth_365d_b09,benchmark_original,8,0.25,0.747100830078125,0.9916247159539106,0.9646770234322823,0.8755391759072128,0.8828231393285042,0.9085610748366342,0.9999207393675686,0.9975428266358652,0.8351561109495939
mdwarf01_earth_365d_b09,benchmark_original,9,0.28125,0.5001564025878906,0.9916247159539106,0.9646770234322823,0.8931180968606387,0.900556093266741,0.9163714206591892,0.9953385084269396,0.9975428266358652,0.886868316080738
mdwarf01_earth_365d_b09,benchmark_original,10,0.3125,0.46817779541015625,0.9916247159539106,0.9646770234322823,0.9098565906176396,0.9174324567413373,0.9206449221731713,0.9482459563833807,0.9975428266358652,0.8966892513773707
mdwarf01_earth_365d_b09,benchmark_original,11,0.34375,0.5283622741699219,0.9916247159539106,0.9646770234322823,0.9251017966208039,0.9327604120641132,0.9216770357432081,0.9832965980632297,0.9975428266358652,0.9155784347535558
mdwarf01_earth_365d_b09,benchmark_original,12,0.375,0.4290008544921875,0.9916247159539106,0.9646770234322823,0.9383078546529041,0.9459970267536226,0.9214363810915572,0.9999160104931772,0.9975428266358652,0.9373685992488956
mdwarf01_earth_365d_b09,benchmark_original,13,0.40625,0.6350593566894531,0.9916247159539106,0.9646770234322823,0.9490324519910235,0.9567738785613563,0.920937290072893,0.9901585867785634,0.9975428266358652,0.9368778585552154
mdwarf01_earth_365d_b09,benchmark_original,14,0.4375,0.46648406982421875,0.9916247159539106,0.9646770234322823,0.9569344729018441,0.9647940272832698,0.9204418867136216,0.9724055810606216,0.9975428266358652,0.9477915333125891
mdwarf01_earth_365d_b09,benchmark_original,15,0.46875,0.2908287048339844,0.9916247159539106,0.9646770234322823,0.9617719607434875,0.9697616617577635,0.9200943017448552,0.9521539236607307,0.9975428266358652,0.9428451398976619
mdwarf01_earth_365d_b09,benchmark_original,16,0.5,0.30474853515625,0.9916247159539106,0.9646770234322823,0.9634004650304976,0.9714393449525045,0.9199704676660141,0.999753322472627,0.9975428266358652,0.9628929540585492
mdwarf01_earth_365d_b09,benchmark_original,17,0.53125,0.4068031311035156,0.9916247159539106,0.9646770234322823,0.9617719607434654,0.9697615290400057,0.9200942940556321,0.9988754978232642,0.9975428266358652,0.9612019315866338
mdwarf01_earth_365d_b09,benchmark_original,18,0.5625,0.6330032348632812,0.9916247159539106,0.9646770234322823,0.9569344729018048,0.9647938069338186,0.9204418713726142,0.9987999596111035,0.9975428266358652,0.9566019441079464
mdwarf01_earth_365d_b09,benchmark_original,19,0.59375,0.6092033386230469,0.9916247159539106,0.9646770234322823,0.9490324519909699,0.9567736673836466,0.920937267155429,0.998722002065872,0.9975428266358652,0.9488830256554204
mdwarf01_earth_365d_b09,benchmark_original,20,0.625,0.6897735595703125,0.9916247159539106,0.9646770234322823,0.9383078546528454,0.9459968453064692,0.9214363507127202,0.942178580435833,0.9975428266358652,0.9209308636666239
mdwarf01_earth_365d_b09,benchmark_original,21,0.65625,0.6711006164550781,0.9916247159539106,0.9646770234322823,0.9251017966207338,0.9327602106274518,0.9216769980642098,0.9999562754084915,0.9975428266358652,0.924607065194229
mdwarf01_earth_365d_b09,benchmark_original,22,0.6875,0.30403900146484375,0.9916247159539106,0.9646770234322823,0.90985659061756,0.9174321799980897,0.9206448774802307,0.9865036965195004,0.9975428266358652,0.8935438632936248
mdwarf01_earth_365d_b09,benchmark_original,23,0.71875,0.6537742614746094,0.9916247159539106,0.9646770234322823,0.8931180968605474,0.9005557528787155,0.9163713694388961,0.9389224302171992,0.9975428266358652,0.8768498460745408
mdwarf01_earth_365d_b09,benchmark_original,24,0.75,0.314788818359375,0.9916247159539106,0.9646770234322823,0.8755391759071142,0.8828227587494255,0.9085610175598745,0.9860628555008596,0.9975428266358652,0.873015645570641
mdwarf01_earth_365d_b09,benchmark_original,25,0.78125,0.5129127502441406,0.9916247159539106,0.9646770234322823,0.8578900935944089,0.8650280190255344,0.8980097149178923,0.9820193437260101,0.9975428266358652,0.8559954118718076
mdwarf01_earth_365d_b09,benchmark_original,26,0.8125,0.42234039306640625,0.9916247159539106,0.9646770234322823,0.8411092490533396,0.8481208287491475,0.8863895819855099,0.9896365546943291,0.9975428266358652,0.822969751670471
mdwarf01_earth_365d_b09,benchmark_original,27,0.84375,0.4130668640136719,0.9916247159539106,0.9646770234322823,0.8261441288182642,0.8330507654925682,0.875953463792539,0.9692354449890492,0.9975428266358652,0.8074050079197617
mdwarf01_earth_365d_b09,benchmark_original,28,0.875,0.3836517333984375,0.9916247159539106,0.9646770234322823,0.8135164481884548,0.8203384472780169,0.8672678207217956,0.9996546722162712,0.9975428266358652,0.7883446822159503
mdwarf01_earth_365d_b09,benchmark_original,29,0.90625,0.4639778137207031,0.9916247159539106,0.9646770234322823,0.8034620894678817,0.8102189428469856,0.8604184730873048,0.948325952885706,0.9975428266358652,0.7968704550809185
mdwarf01_earth_365d_b09,benchmark_original,30,0.9375,0.40343475341796875,0.9916247159539106,0.9646770234322823,0.796152580842155,0.8028633535236004,0.8554747578140545,0.9746279719915784,0.9975428266358652,0.7881326578974864
mdwarf01_earth_365d_b09,benchmark_original,31,0.96875,0.6888389587402344,0.9916247159539106,0.9646770234322823,0.7917146607616092,0.7983980078987505,0.8524876856131112,0.986401426352968,0.9975428266358652,0.7877489324538155
mdwarf01_earth_365d_b09,benchmark_fine,0,0.0,0.3138427734375,0.9916247159539106,0.9646770234322823,0.7902265353773557,0.796900805864243,0.8514884859197607,0.9940787437495892,0.9975428266358652,0.7885233031462558
mdwarf01_earth_365d_b09,benchmark_fine,1,0.03125,0.5300331115722656,0.9916247159539106,0.9646770234322823,0.791714660761625,0.7983980889666092,0.852487675907503,0.9691505339328248,0.9975428266358652,0.7825524874139924
mdwarf01_earth_365d_b09,benchmark_fine,2,0.0625,0.44824981689453125,0.9916247159539106,0.9646770234322823,0.7961525808421867,0.8028635119379056,0.8554747384791627,0.9999961275702366,0.9975428266358652,0.7918496774548777
mdwarf01_earth_365d_b09,benchmark_fine,3,0.09375,0.4873161315917969,0.9916247159539106,0.9646770234322823,0.8034620894679283,0.8102191721501514,0.8604184442729229,0.9717348443810564,0.9975428266358652,0.7860720393149386
mdwarf01_earth_365d_b09,benchmark_fine,4,0.125,0.5318756103515625,0.9916247159539106,0.9646770234322823,0.8135164481885162,0.8203387384099897,0.8672677826457451,0.9383196398595726,0.9975428266358652,0.7789463004984182
mdwarf01_earth_365d_b09,benchmark_fine,5,0.15625,0.4420356750488281,0.9916247159539106,0.9646770234322823,0.8261441288183391,0.8330511071134905,0.8759534167330889,0.9774906380190764,0.9975428266358652,0.8242593424990781
mdwarf01_earth_365d_b09,benchmark_fine,6,0.1875,0.46071624755859375,0.9916247159539106,0.9646770234322823,0.8411092490534258,0.8481212055439864,0.8863895262722726,0.9713454069649727,0.9975428266358652,0.8012030109979745
mdwarf01_earth_365d_b09,benchmark_fine,7,0.21875,0.5023460388183594,0.9916247159539106,0.9646770234322823,0.8578900935945009,0.8650284111043839,0.8980097778862742,0.9982032969467408,0.9975428266358652,0.8547574664894518
mdwarf01_earth_365d_b09,benchmark_fine,8,0.25,0.658477783203125,0.9916247159539106,0.9646770234322823,0.8755391759072128,0.8828231393285042,0.9085610748366342,0.9481926042382933,0.9975428266358652,0.861428851340993
mdwarf01_earth_365d_b09,benchmark_fine,9,0.28125,0.3220558166503906,0.9916247159539106,0.9646770234322823,0.8931180968606387,0.900556093266741,0.9163714206591892,0.996145331715164,0.9975428266358652,0.8772380987777489
mdwarf01_earth_365d_b09,benchmark_fine,10,0.3125,0.6177139282226562,0.9916247159539106,0.9646770234322823,0.9098565906176396,0.9174324567413373,0.9206449221731713,0.9786750578192717,0.9975428266358652,0.8694951310116988
mdwarf01_earth_365d_b09,benchmark_fine,11,0.34375,0.4189872741699219,0.9916247159539106,0.9646770234322823,0.9251017966208039,0.9327604120641132,0.9216770357432081,0.9820859109559527,0.9975428266358652,0.9219826371318691
mdwarf01_earth_365d_b09,benchmark_fine,12,0.375,0.4567108154296875,0.9916247159539106,0.9646770234322823,0.9383078546529041,0.9459970267536226,0.9214363810915572,0.9869379355147112,0.9975428266358652,0.9200278448825111
mdwarf01_earth_365d_b09,benchmark_fine,13,0.40625,0.5044441223144531,0.9916247159539106,0.9646770234322823,0.9490324519910235,0.9567738785613563,0.920937290072893,0.996064764822372,0.9975428266358652,0.9485081525741318
mdwarf01_earth_365d_b09,benchmark_fine,14,0.4375,0.6624069213867188,0.9916247159539106,0.9646770234322823,0.9569344729018441,0.9647940272832698,0.9204418867136216,0.9945622711016945,0.9975428266358652,0.9529517783093392
mdwarf01_earth_365d_b09,benchmark_fine,15,0.46875,0.6293296813964844,0.9916247159539106,0.9646770234322823,0.9617719607434875,0.9697616617577635,0.9200943017448552,0.956200774617692,0.9975428266358652,0.9445112860272985
mdwarf01_earth_365d_b09,benchmark_fine,16,0.5,0.55279541015625,0.9916247159539106,0.9646770234322823,0.9634004650304976,0.9714393449525045,0.9199704676660141,0.9975914260638107,0.9975428266358652,0.9619999946382443
mdwarf01_earth_365d_b09,benchmark_fine,17,0.53125,0.3101234436035156,0.9916247159539106,0.9646770234322823,0.9617719607434654,0.9697615290400057,0.9200942940556321,0.9427091783981356,0.9975428266358652,0.9356913997957127
mdwarf01_earth_365d_b09,benchmark_fine,18,0.5625,0.5452346801757812,0.9916247159539106,0.9646770234322823,0.9569344729018048,0.9647938069338186,0.9204418713726142,0.9743938640256953,0.9975428266358652,0.9365399052479128
mdwarf01_earth_365d_b09,benchmark_fine,19,0.59375,0.6842765808105469,0.9916247159539106,0.9646770234322823,0.9490324519909699,0.9567736673836466,0.920937267155429,0.9428206608227548,0.9975428266358652,0.924237431710151
mdwarf01_earth_365d_b09,benchmark_fine,20,0.625,0.6317901611328125,0.9916247159539106,0.9646770234322823,0.9383078546528454,0.9459968453064692,0.9214363507127202,0.989141385019834,0.9975428266358652,0.9250001784266706
mdwarf01_earth_365d_b09,benchmark_fine,21,0.65625,0.5225410461425781,0.9916247159539106,0.9646770234322823,0.9251017966207338,0.9327602106274518,0.9216769980642098,0.9909720893817171,0.9975428266358652,0.9096891902787594
mdwarf01_earth_365d_b09,benchmark_fine,22,0.6875,0.42647552490234375,0.9916247159539106,0.9646770234322823,0.90985659061756,0.9174321799980897,0.9206448774802307,0.9379163514720622,0.9975428266358652,0.8914188938627358
mdwarf01_earth_365d_b09,benchmark_fine,23,0.71875,0.5202293395996094,0.9916247159539106,0.9646770234322823,0.8931180968605474,0.9005557528787155,0.9163713694388961,0.9548021526221061,0.9975428266358652,0.8679444645170153
mdwarf01_earth_365d_b09,benchmark_fine,24,0.75,0.343231201171875,0.9916247159539106,0.9646770234322823,0.8755391759071142,0.8828227587494255,0.9085610175598745,0.9621845772718975,0.9975428266358652,0.8460369268376287
mdwarf01_earth_365d_b09,benchmark_fine,25,0.78125,0.6757545471191406,0.9916247159539106,0.9646770234322823,0.8578900935944089,0.8650280190255344,0.8980097149178923,0.9976357975812561,0.9975428266358652,0.8549909408185513
mdwarf01_earth_365d_b09,benchmark_fine,26,0.8125,0.6219253540039062,0.9916247159539106,0.9646770234322823,0.8411092490533396,0.8481208287491475,0.8863895819855099,0.9371064094533004,0.9975428266358652,0.7872764580371313
mdwarf01_earth_365d_b09,benchmark_fine,27,0.84375,0.5121879577636719,0.9916247159539106,0.9646770234322823,0.8261441288182642,0.8330507654925682,0.875953463792539,0.9839031674901892,0.9975428266358652,0.7997064254464665
mdwarf01_earth_365d_b09,benchmark_fine,28,0.875,0.5812835693359375,0.9916247159539106,0.9646770234322823,0.8135164481884548,0.8203384472780169,0.8672678207217956,0.970725697528594,0.9975428266358652,0.7885857251264644
mdwarf01_earth_365d_b09,benchmark_fine,29,0.90625,0.6500129699707031,0.9916247159539106,0.9646770234322823,0.8034620894678817,0.8102189428469856,0.8604184730873048,0.9814153094651888,0.9975428266358652,0.7893847324733039
mdwarf01_earth_365d_b09,benchmark_fine,30,0.9375,0.41478729248046875,0.9916247159539106,0.9646770234322823,0.796152580842155,0.8028633535236004,0.8554747578140545,0.9821357445962173,0.9975428266358652,0.7868449666656615
mdwarf01_earth_365d_b09,benchmark_fine,31,0.96875,0.3752403259277344,0.9916247159539106,0.9646770234322823,0.7917146607616092,0.7983980078987505,0.8524876856131112,0.9894943361271397,0.9975428266358652,0.7876063008066948
white_dwarf_earth_1d,api_default,0,0.0,0.628662109375,0.9781276117691131,0.9461174305100288,0.9913404111441138,1.0028997835764792,0.9870933088520003,0.9974702762779657,0.9998623380882868,0.9626696405273023
white_dwarf_earth_1d,api_default,1,0.03125,0.36084747314453125,0.9781276117691131,0.9461174305100288,0.9913410781675568,1.0028490057029371,0.9871626216968813,0.9136069407447133,0.9998623380882868,0.9798165101706546
white_dwarf_earth_1d,api_default,2,0.0625,0.6374664306640625,0.9781276117691131,0.9461174305100288,0.9913430412186941,1.0026976057293353,0.9873701565579387,0.9904484273336948,0.9998623380882868,0.9792597687272049
white_dwarf_earth_1d,api_default,3,0.09375,0.6465072631835938,0.9781276117691131,0.9461174305100288,0.9913461884169118,1.0024476360830719,0.9877148025732888,0.9942925202607248,0.9998623380882868,0.9532496848627618
white_dwarf_earth_1d,api_default,4,0.125,0.744415283203125,0.9781276117691131,0.9461174305100288,0.9913503384820397,1.0021027915329066,0.9881935343307324,0.997801190911509,0.9998623380882868,0.9740128155541257
white_dwarf_earth_1d,api_default,5,0.15625,0.5078506469726562,0.9781276117691131,0.9461174305100288,0.9913552499422252,1.001668510859206,0.988789739115735,0.9972937853666619,0.9998623380882868,0.9742525476000191
white_dwarf_earth_1d,api_default,6,0.1875,0.4941864013671875,0.9781276117691131,0.9461174305100288,0.9913606371126192,1.0011534976767047,0.9894801580484445,0.966855364361728,0.9998623380882868,0.9518096756840807
white_dwarf_earth_1d,api_default,7,0.21875,0.30156707763671875,0.9781276117691131,0.9461174305100288,0.9913661997064019,1.0005861148747106,0.990229248142738,0.9827659310526443,0.9998623380882868,0.9656654033702878
white_dwarf_earth_1d,api_default,8,0.25,0.30108642578125,0.9781276117691131,0.9461174305100288,0.9913716411056874,1.0000060121389653,0.990994947599241,0.9998915833583836,0.9998623380882868,0.9498657784934751
white_dwarf_earth_1d,api_default,9,0.28125,0.30915069580078125,0.9781276117691131,0.9461174305100288,0.9913767169033454,0.9994376747446776,0.9917447725677897,0.9811351692789905,0.9998623380882868,0.9656283088480174
white_dwarf_earth_1d,api_default,10,0.3125,0.6985626220703125,0.9781276117691131,0.9461174305100288,0.991381283147257,0.9988966549673232,0.9924511815618291,0.9366424716403952,0.9998623380882868,0.9562626805767072
white_dwarf_earth_1d,api_default,11,0.34375,0.49983978271484375,0.9781276117691131,0.9461174305100288,0.9913852485643955,0.9983917916254762,0.9930902269509627,0.9788102595032099,0.9998623380882868,0.9712974717351335
white_dwarf_earth_1d,api_default,12,0.375,0.559906005859375,0.9781276117691131,0.9461174305100288,0.9913885522248588,0.997941562441079,0.9936415170495175,0.9844346644046863,0.9998623380882868,0.9798764845657305
white_dwarf_earth_1d,api_default,13,0.40625,0.7239761352539062,0.9781276117691131,0.9461174305100288,0.9913911537230017,0.997569298114105,0.9940881056848662,0.946200592718105,0.9998623380882868,0.9548848810813769
white_dwarf_earth_1d,api_default,14,0.4375,0.3211517333984375,0.9781276117691131,0.9461174305100288,0.9913930274152692,0.9972916397046157,0.9944167237384316,0.9766282641529798,0.9998623380882868,0.9524006168194882
white_dwarf_earth_1d,api_default,15,0.46875,0.7235031127929688,0.9781276117691131,0.9461174305100288,0.991394157464584,0.9971203590179322,0.9946177370964634,0.9930156822592106,0.9998623380882868,0.9639561912323403
white_dwarf_earth_1d,api_default,16,0.5,0.4459228515625,0.9781276117691131,0.9461174305100288,0.9913945350905368,0.997062571546531,0.9946854069914123,0.9999943450818506,0.9998623380882868,0.9710040491672429
white_dwarf_earth_1d,api_default,17,0.53125,0.42249298095703125,0.9781276117691131,0.9461174305100288,0.9913941574645839,0.9971206637253016,0.9946177345312094,0.9994809157102851,0.9998623380882868,0.9704167935286308
white_dwarf_earth_1d,api_default,18,0.5625,0.6707916259765625,0.9781276117691131,0.9461174305100288,0.9913930274152696,0.997292236964481,0.9944167185993884,0.9207874993823278,0.9998623380882868,0.9557793127213838
white_dwarf_earth_1d,api_default,19,0.59375,0.37245941162109375,0.9781276117691131,0.9461174305100288,0.9913911537230019,0.9975701630403111,0.9940880979582578,0.9930066532573618,0.9998623380882868,0.9632096295305896
white_dwarf_earth_1d,api_default,20,0.625,0.543365478515625,0.9781276117691131,0.9461174305100288,0.9913885522248581,0.9979426676581071,0.9936415067143619,0.9987110174123129,0.9998623380882868,0.9755795946305809
white_dwarf_earth_1d,api_default,21,0.65625,0.6097793579101562,0.9781276117691131,0.9461174305100288,0.9913852485643949,0.9983930845133393,0.993090213980818,0.9986964265971722,0.9998623380882868,0.9773182166761553
white_dwarf_earth_1d,api_default,22,0.6875,0.2819061279296875,0.9781276117691131,0.9461174305100288,0.9913812831472565,0.9988980229724648,0.9924511659239643,0.9673434859707957,0.9998623380882868,0.9749663067749713
white_dwarf_earth_1d,api_default,23,0.71875,0.42009735107421875,0.9781276117691131,0.9461174305100288,0.9913767169033445,0.9994391606579436,0.9917447542257781,0.9894624754098323,0.9998623380882868,0.9758920151166895
white_dwarf_earth_1d,api_default,24,0.75,0.26507568359375,0.9781276117691131,0.9461174305100288,0.9913716411056869,1.000007555896676,0.9909949265136047,0.997502789430917,0.9998623380882868,0.9694152609243227
white_dwarf_earth_1d,api_default,25,0.78125,0.43378448486328125,0.9781276117691131,0.9461174305100288,0.9913661997064015,1.0005876880651658,0.9902292242738775,0.9878528770324597,0.9998623380882868,0.968796668671403
white_dwarf_earth_1d,api_default,26,0.8125,0.5607452392578125,0.9781276117691131,0.9461174305100288,0.991360637112619,1.0011549759442855,0.9894801313597502,0.9261643065459173,0.9998623380882868,0.9622267179692666
white_dwarf_earth_1d,api_default,27,0.84375,0.6435165405273438,0.9781276117691131,0.9461174305100288,0.9913552499422248,1.0016698134774595,0.9887897095861895,0.9445804860295705,0.9998623380882868,0.9674431120359254
white_dwarf_earth_1d,api_default,28,0.875,0.713348388671875,0.9781276117691131,0.9461174305100288,0.9913503384820396,1.002103843110793,0.9881935019458344,0.986590655987845,0.9998623380882868,0.9780043259372041
white_dwarf_earth_1d,api_default,29,0.90625,0.33127593994140625,0.9781276117691131,0.9461174305100288,0.9913461884169117,1.0024484541333862,0.9877148207528373,0.9777613622821187,0.9998623380882868,0.9786563046551603
white_dwarf_earth_1d,api_default,30,0.9375,0.3505706787109375,0.9781276117691131,0.9461174305100288,0.9913430412186941,1.0026981333820388,0.987370168689532,0.9778483752066882,0.9998623380882868,0.9786570987803713
white_dwarf_earth_1d,api_default,31,0.96875,0.44774627685546875,0.9781276117691131,0.9461174305100288,0.9913410781675571,1.0028492895911574,0.9871626277662241,0.9955398747008634,0.9998623380882868,0.9681291258514708
white_dwarf_earth_1d,benchmark_original,0,0.0,0.303955078125,0.9781276117691131,0.9461174305100288,0.9978149470852336,1.0008320277079492,0.9975417985611893,0.9864778778573926,0.9994432115506463,0.9634024615962439
white_dwarf_earth_1d,benchmark_original,1,0.03125,0.4013710021972656,0.9781276117691131,0.9461174305100288,0.997814987636611,1.0008337903998499,0.9975390084521533,0.998409821661272,0.9994432115506463,0.9693770311575319
white_dwarf_earth_1d,benchmark_original,2,0.0625,0.6619949340820312,0.9781276117691131,0.9461174305100288,0.9978151080594895,1.0008389970486065,0.997530821792668,0.9539813125415494,0.9994432115506463,0.976378725811063
white_dwarf_earth_1d,benchmark_original,3,0.09375,0.6306266784667969,0.9781276117691131,0.9461174305100288,0.9978153046308375,1.0008471839745616,0.9975176707270457,0.9744803317254972,0.9994432115506463,0.9536061082376297
white_dwarf_earth_1d,benchmark_original,4,0.125,0.6760406494140625,0.9781276117691131,0.9461174305100288,0.997815571267449,1.0008576715423545,0.9975003092628251,0.9982795721416395,0.9994432115506463,0.977209967763603
white_dwarf_earth_1d,benchmark_original,5,0.15625,0.4806098937988281,0.9781276117691131,0.9461174305100288,0.9978158996008881,1.0008695600989406,0.997479743155847,0.9969051846557471,0.9994432115506463,0.9795665457674457
white_dwarf_earth_1d,benchmark_original,6,0.1875,0.6452865600585938,0.9781276117691131,0.9461174305100288,0.9978162790153432,1.0008817204636533,0.997457291736464,0.9863362112918651,0.9994432115506463,0.9619913843891694
white_dwarf_earth_1d,benchmark_original,7,0.21875,0.6786155700683594,0.9781276117691131,0.9461174305100288,0.9978166969550958,1.000892870311572,0.9974345132251973,0.9552822352780312,0.9994432115506463,0.9739738509381005
white_dwarf_earth_1d,benchmark_original,8,0.25,0.374420166015625,0.9781276117691131,0.9461174305100288,0.9978171390400611,1.0009015848526661,0.9974127964686169,0.9848892775619937,0.9994432115506463,0.9762037778967659
white_dwarf_earth_1d,benchmark_original,9,0.28125,0.7058448791503906,0.9781276117691131,0.9461174305100288,0.9978175894732167,1.0009063800591458,0.9973927865990468,0.9987769306762109,0.9994432115506463,0.9751029575621566
white_dwarf_earth_1d,benchmark_original,10,0.3125,0.25858306884765625,0.9781276117691131,0.9461174305100288,0.9978180313513607,1.0009057102175871,0.9973754074642823,0.9983007974460879,0.9994432115506463,0.9703637933160526
white_dwarf_earth_1d,benchmark_original,11,0.34375,0.5912284851074219,0.9781276117691131,0.9461174305100288,0.9978184471912817,1.000898118692854,0.9973615529976465,0.9812184386588069,0.9994432115506463,0.9726094264018352
white_dwarf_earth_1d,benchmark_original,12,0.375,0.6438446044921875,0.9781276117691131,0.9461174305100288,0.9978188196855594,1.000882944579248,0.9973518510762567,0.990129008914735,0.9994432115506463,0.9719123414821198
white_dwarf_earth_1d,benchmark_original,13,0.40625,0.6082038879394531,0.9781276117691131,0.9461174305100288,0.9978191326655357,1.0008644043991768,0.9973455652861855,0.9982756491930698,0.9994432115506463,0.9738721508180217
white_dwarf_earth_1d,benchmark_original,14,0.4375,0.36260223388671875,0.9781276117691131,0.9461174305100288,0.9978193712747042,1.0008479669517132,0.9973415428193069,0.9738458277958796,0.9994432115506463,0.9760438688491769
white_dwarf_earth_1d,benchmark_original,15,0.46875,0.7485923767089844,0.9781276117691131,0.9461174305100288,0.9978195218380139,1.0008368652839066,0.997339305376644,0.9997900405565945,0.9994432115506463,0.9699439732007826
white_dwarf_earth_1d,benchmark_original,16,0.5,0.36065673828125,0.9781276117691131,0.9461174305100288,0.9978195733341872,1.0008329924547479,0.9973385892228193,0.9863014713228478,0.9994432115506463,0.9779806042142897
white_dwarf_earth_1d,benchmark_original,17,0.53125,0.4728431701660156,0.9781276117691131,0.9461174305100288,0.9978195218380136,1.0008369254263396,0.997339304852544,0.9880834201843327,0.9994432115506463,0.973490281386144
white_dwarf_earth_1d,benchmark_original,18,0.5625,0.6908645629882812,0.9781276117691131,0.9461174305100288,0.9978193712747043,1.0008480732730438,0.9973415417642786,0.9770290278664188,0.9994432115506463,0.9774636694850435
white_dwarf_earth_1d,benchmark_original,19,0.59375,0.4602775573730469,0.9781276117691131,0.9461174305100288,0.9978191326655359,1.0008645572010086,0.9973455636887172,0.9862302893649174,0.9994432115506463,0.9770306195026576
white_dwarf_earth_1d,benchmark_original,20,0.625,0.4497833251953125,0.9781276117691131,0.9461174305100288,0.9978188196855597,1.0008830801185278,0.9973518489188662,0.9959778870679845,0.9994432115506463,0.9689508372569332
white_dwarf_earth_1d,benchmark_original,21,0.65625,0.7012519836425781,0.9781276117691131,0.9461174305100288,0.9978184471912815,1.0008982290951536,0.9973615502559086,0.9887889897689282,0.9994432115506463,0.9724437121889813
white_dwarf_earth_1d,benchmark_original,22,0.6875,0.5822372436523438,0.9781276117691131,0.9461174305100288,0.997818031351361,1.0009057595479955,0.9973754041075577,0.9751708554631279,0.9994432115506463,0.9745239078001916
white_dwarf_earth_1d,benchmark_original,23,0.71875,0.3853416442871094,0.9781276117691131,0.9461174305100288,0.9978175894732167,1.0009063887421592,0.997392782590638,0.9823471798169517,0.9994432115506463,0.974352379700081
white_dwarf_earth_1d,benchmark_original,24,0.75,0.373016357421875,0.9781276117691131,0.9461174305100288,0.9978171390400611,1.000901567308587,0.9974127917636898,0.9801329423418708,0.9994432115506463,0.9770435921538612
white_dwarf_earth_1d,benchmark_original,25,0.78125,0.3881568908691406,0.9781276117691131,0.9461174305100288,0.9978166969550958,1.0008928313894667,0.9974345312164599,0.9892025914705617,0.9994432115506463,0.9772010573962088
white_dwarf_earth_1d,benchmark_original,26,0.8125,0.6841812133789062,0.9781276117691131,0.9461174305100288,0.9978162790153429,1.0008816846456943,0.9974573071374816,0.9873578665745614,0.9994432115506463,0.9738124162089496
white_dwarf_earth_1d,benchmark_original,27,0.84375,0.3335990905761719,0.9781276117691131,0.9461174305100288,0.9978158996008879,1.0008695235913718,0.9974797559760272,0.9899118059809066,0.9994432115506463,0.9764996652027705
white_dwarf_earth_1d,benchmark_original,28,0.875,0.3963470458984375,0.9781276117691131,0.9461174305100288,0.9978155712674491,1.0008576175509394,0.9975003195091441,0.9512534772428695,0.9994432115506463,0.9764048868491112
white_dwarf_earth_1d,benchmark_original,29,0.90625,0.3137092590332031,0.9781276117691131,0.9461174305100288,0.9978153046308373,1.000847112697227,0.9975176784058688,0.9824724307616592,0.9994432115506463,0.974549269895628
white_dwarf_earth_1d,benchmark_original,30,0.9375,0.5546798706054688,0.9781276117691131,0.9461174305100288,0.9978151080594895,1.0008389797772668,0.9975308269080646,0.9862223718708711,0.9994432115506463,0.9710402565237383
white_dwarf_earth_1d,benchmark_original,31,0.96875,0.3029747009277344,0.9781276117691131,0.9461174305100288,0.9978149876366115,1.0008337768939413,0.9975390110093451,0.9787585582923302,0.9994432115506463,0.9749763747582308
white_dwarf_earth_1d,benchmark_fine,0,0.0,0.279052734375,0.9781276117691131,0.9461174305100288,0.9978149470852336,1.0008320277079492,0.9975417985611893,0.9999908415545367,0.9999955735540481,0.9771792115138553
white_dwarf_earth_1d,benchmark_fine,1,0.03125,0.2791786193847656,0.9781276117691131,0.9461174305100288,0.997814987636611,1.0008337903998499,0.9975390084521533,0.9999857285934787,0.9999955735540481,0.9789348997576799
white_dwarf_earth_1d,benchmark_fine,2,0.0625,0.34558868408203125,0.9781276117691131,0.9461174305100288,0.9978151080594895,1.0008389970486065,0.997530821792668,0.9999998211124762,0.9999955735540481,0.978833735575437
white_dwarf_earth_1d,benchmark_fine,3,0.09375,0.6052360534667969,0.9781276117691131,0.9461174305100288,0.9978153046308375,1.0008471839745616,0.9975176707270457,0.9984959074248032,0.9999955735540481,0.9774678850198624
white_dwarf_earth_1d,benchmark_fine,4,0.125,0.6027984619140625,0.9781276117691131,0.9461174305100288,0.997815571267449,1.0008576715423545,0.9975003092628251,0.9994933640943233,0.9999955735540481,0.977764997250087
white_dwarf_earth_1d,benchmark_fine,5,0.15625,0.3734321594238281,0.9781276117691131,0.9461174305100288,0.9978158996008881,1.0008695600989406,0.997479743155847,0.9994069366096222,0.9999955735540481,0.9779067213563921
white_dwarf_earth_1d,benchmark_fine,6,0.1875,0.42092132568359375,0.9781276117691131,0.9461174305100288,0.9978162790153432,1.0008817204636533,0.997457291736464,0.9994668689380768,0.9999955735540481,0.9780158980185273
white_dwarf_earth_1d,benchmark_fine,7,0.21875,0.3258323669433594,0.9781276117691131,0.9461174305100288,0.9978166969550958,1.000892870311572,0.9974345132251973,0.9978542862455774,0.9999955735540481,0.9790022707324175
white_dwarf_earth_1d,benchmark_fine,8,0.25,0.263824462890625,0.9781276117691131,0.9461174305100288,0.9978171390400611,1.0009015848526661,0.9974127964686169,0.9977124540704384,0.9999955735540481,0.9781462160237133
white_dwarf_earth_1d,benchmark_fine,9,0.28125,0.3135108947753906,0.9781276117691131,0.9461174305100288,0.9978175894732167,1.0009063800591458,0.9973927865990468,0.9972228075491655,0.9999955735540481,0.9768328271814981
white_dwarf_earth_1d,benchmark_fine,10,0.3125,0.40201568603515625,0.9781276117691131,0.9461174305100288,0.9978180313513607,1.0009057102175871,0.9973754074642823,0.9994915329832308,0.9999955735540481,0.9789770207504603
white_dwarf_earth_1d,benchmark_fine,11,0.34375,0.3883476257324219,0.9781276117691131,0.9461174305100288,0.9978184471912817,1.000898118692854,0.9973615529976465,0.9974881441003858,0.9999955735540481,0.9786610691397325
white_dwarf_earth_1d,benchmark_fine,12,0.375,0.3663787841796875,0.9781276117691131,0.9461174305100288,0.9978188196855594,1.000882944579248,0.9973518510762567,0.9988536463002559,0.9999955735540481,0.977953695456517
white_dwarf_earth_1d,benchmark_fine,13,0.40625,0.4692878723144531,0.9781276117691131,0.9461174305100288,0.9978191326655357,1.0008644043991768,0.9973455652861855,0.9999846979661428,0.9999955735540481,0.9780429832543652
white_dwarf_earth_1d,benchmark_fine,14,0.4375,0.42082977294921875,0.9781276117691131,0.9461174305100288,0.9978193712747042,1.0008479669517132,0.9973415428193069,0.9976643762946132,0.9999955735540481,0.978817374405742
white_dwarf_earth_1d,benchmark_fine,15,0.46875,0.4714927673339844,0.9781276117691131,0.9461174305100288,0.9978195218380139,1.0008368652839066,0.997339305376644,0.9982957944753859,0.9999955735540481,0.9787583977553749
white_dwarf_earth_1d,benchmark_fine,16,0.5,0.42852783203125,0.9781276117691131,0.9461174305100288,0.9978195733341872,1.0008329924547479,0.9973385892228193,0.9985277008878136,0.9999955735540481,0.9788167786268519
white_dwarf_earth_1d,benchmark_fine,17,0.53125,0.3920326232910156,0.9781276117691131,0.9461174305100288,0.9978195218380136,1.0008369254263396,0.997339304852544,0.9982225126996577,0.9999955735540481,0.9788167088891749
white_dwarf_earth_1d,benchmark_fine,18,0.5625,0.27692413330078125,0.9781276117691131,0.9461174305100288,0.9978193712747043,1.0008480732730438,0.9973415417642786,0.9999927596984567,0.9999955735540481,0.9778941500290144
white_dwarf_earth_1d,benchmark_fine,19,0.59375,0.6148185729980469,0.9781276117691131,0.9461174305100288,0.9978191326655359,1.0008645572010086,0.9973455636887172,0.9997236179360611,0.9999955735540481,0.9762709112191366
white_dwarf_earth_1d,benchmark_fine,20,0.625,0.4972686767578125,0.9781276117691131,0.9461174305100288,0.9978188196855597,1.0008830801185278,0.9973518489188662,0.999988580856601,0.9999955735540481,0.9786480368654743
white_dwarf_earth_1d,benchmark_fine,21,0.65625,0.6076240539550781,0.9781276117691131,0.9461174305100288,0.9978184471912815,1.0008982290951536,0.9973615502559086,0.9971062573431612,0.9999955735540481,0.9787105761130641
white_dwarf_earth_1d,benchmark_fine,22,0.6875,0.28890228271484375,0.9781276117691131,0.9461174305100288,0.997818031351361,1.0009057595479955,0.9973754041075577,0.999992905822727,0.9999955735540481,0.9789496951510885
white_dwarf_earth_1d,benchmark_fine,23,0.71875,0.7261619567871094,0.9781276117691131,0.9461174305100288,0.9978175894732167,1.0009063887421592,0.997392782590638,0.9999999220250063,0.9999955735540481,0.9784005038934771
white_dwarf_earth_1d,benchmark_fine,24,0.75,0.453948974609375,0.9781276117691131,0.9461174305100288,0.9978171390400611,1.000901567308587,0.9974127917636898,0.998880935074135,0.9999955735540481,0.976826891945177
white_dwarf_earth_1d,benchmark_fine,25,0.78125,0.6274147033691406,0.9781276117691131,0.9461174305100288,0.9978166969550958,1.0008928313894667,0.9974345312164599,0.9984055103185497,0.9999955735540481,0.9789636646393024
white_dwarf_earth_1d,benchmark_fine,26,0.8125,0.7138442993164062,0.9781276117691131,0.9461174305100288,0.9978162790153429,1.0008816846456943,0.9974573071374816,0.9997763095339628,0.9999955735540481,0.9787907779833473
white_dwarf_earth_1d,benchmark_fine,27,0.84375,0.2830619812011719,0.9781276117691131,0.9461174305100288,0.9978158996008879,1.0008695235913718,0.9974797559760272,0.9993996758249335,0.9999955735540481,0.9790608707439078
white_dwarf_earth_1d,benchmark_fine,28,0.875,0.6329193115234375,0.9781276117691131,0.9461174305100288,0.9978155712674491,1.0008576175509394,0.9975003195091441,0.9993833513543092,0.9999955735540481,0.9775408931508136
white_dwarf_earth_1d,benchmark_fine,29,0.90625,0.6312141418457031,0.9781276117691131,0.9461174305100288,0.9978153046308373,1.000847112697227,0.9975176784058688,0.9980629915694873,0.9999955735540481,0.9771590903129483
white_dwarf_earth_1d,benchmark_fine,30,0.9375,0.5135421752929688,0.9781276117691131,0.9461174305100288,0.9978151080594895,1.0008389797772668,0.9975308269080646,0.999568786632019,0.9999955735540481,0.9773947872263634
white_dwarf_earth_1d,benchmark_fine,31,0.96875,0.6866416931152344,0.9781276117691131,0.9461174305100288,0.9978149876366115,1.0008337768939413,0.9975390110093451,0.9993105211997373,0.9999955735540481,0.9776215423143952
white_dwarf_earth_10d,api_default,0,0.0,0.666259765625,0.9777129801384636,0.9454458363305881,0.950463951966735,0.9675962837549248,0.9459413145440041,0.9999288873342412,0.9999997195457528,0.9488968391033841
white_dwarf_earth_10d,api_default,1,0.03125,0.3382606506347656,0.9777129801384636,0.9454458363305881,0.9505236323412666,0.9678033708295606,0.9461914907946746,0.9913487038784857,0.9999997195457528,0.9449920004354608
white_dwarf_earth_10d,api_default,2,0.0625,0.36011505126953125,0.9777129801384636,0.9454458363305881,0.9507026808916921,0.9683934102641711,0.9469404163639488,0.9218118818582951,0.9999997195457528,0.9396791634402214
white_dwarf_earth_10d,api_default,3,0.09375,0.6574821472167969,0.9777129801384636,0.9454458363305881,0.951000931490371,0.9692674220207486,0.9481832596084397,0.9456145253344391,0.9999997195457528,0.9348934156253211
white_dwarf_earth_10d,api_default,4,0.125,0.3641510009765625,0.9777129801384636,0.9454458363305881,0.9514166496303358,0.970289635502458,0.949911899168489,0.9930783855812794,0.9999997195457528,0.9463728067976503
white_dwarf_earth_10d,api_default,5,0.15625,0.5090522766113281,0.9777129801384636,0.9454458363305881,0.9519434081448219,0.9713524915939289,0.9521148362230262,0.9372769497668946,0.9999997195457528,0.9206321179534048
white_dwarf_earth_10d,api_default,6,0.1875,0.35390472412109375,0.9777129801384636,0.9454458363305881,0.9525691405186975,0.9724141248435691,0.954777040860692,0.9992126021769507,0.9999997195457528,0.947173982222871
white_dwarf_earth_10d,api_default,7,0.21875,0.3429222106933594,0.9777129801384636,0.9454458363305881,0.9532762317489054,0.9734650897487858,0.9578796464063081,0.9541705975545588,0.9999997195457528,0.9387989177346963
white_dwarf_earth_10d,api_default,8,0.25,0.725372314453125,0.9777129801384636,0.9454458363305881,0.9540411991312846,0.9744929245794218,0.9613995449151732,0.9833273735592463,0.9999997195457528,0.9304529423154856
white_dwarf_earth_10d,api_default,9,0.28125,0.6537208557128906,0.9777129801384636,0.9454458363305881,0.9548351429837513,0.9754812420227712,0.9653086295537516,0.9999953003688962,0.9999997195457528,0.9264799857578407
white_dwarf_earth_10d,api_default,10,0.3125,0.6741104125976562,0.9777129801384636,0.9454458363305881,0.955624810778455,0.9764096762028406,0.9695723612242014,0.9504513694089447,0.9999997195457528,0.920446482923135
white_dwarf_earth_10d,api_default,11,0.34375,0.2937431335449219,0.9777129801384636,0.9454458363305881,0.9563738610765444,0.9772543154000083,0.9741211659639011,0.9180749218729529,0.9999997195457528,0.9310563848256552
white_dwarf_earth_10d,api_default,12,0.375,0.2683563232421875,0.9777129801384636,0.9454458363305881,0.9570444940299135,0.9779886069551867,0.9786715789702626,0.986123348003556,0.9999997195457528,0.9361109429654889
white_dwarf_earth_10d,api_default,13,0.40625,0.6035652160644531,0.9777129801384636,0.9454458363305881,0.9576014206863833,0.9785865508383564,0.9827733103551851,0.999476077775068,0.9999997195457528,0.9308403693852585
white_dwarf_earth_10d,api_default,14,0.4375,0.7262496948242188,0.9777129801384636,0.9454458363305881,0.9580182825349952,0.9790284563668261,0.9859649165313763,0.9829759355203981,0.9999997195457528,0.8927213789416572
white_dwarf_earth_10d,api_default,15,0.46875,0.3005943298339844,0.9777129801384636,0.9454458363305881,0.9582764976529916,0.97930010224186,0.9879790668403441,0.980016025463238,0.9999997195457528,0.8952526555073159
white_dwarf_earth_10d,api_default,16,0.5,0.53851318359375,0.9777129801384636,0.9454458363305881,0.9583640027621517,0.9793918248791174,0.9886666714107571,0.9471644172117804,0.9999997195457528,0.9325391306159763
white_dwarf_earth_10d,api_default,17,0.53125,0.4398841857910156,0.9777129801384636,0.9454458363305881,0.9582764976529916,0.9793000586216648,0.9879790640701872,0.9940462082620086,0.9999997195457528,0.9380638612259805
white_dwarf_earth_10d,api_default,18,0.5625,0.6702346801757812,0.9777129801384636,0.9454458363305881,0.9580182825349968,0.9790283676336147,0.985964910954275,0.9883330272770305,0.9999997195457528,0.9142177330197455
white_dwarf_earth_10d,api_default,19,0.59375,0.2985343933105469,0.9777129801384636,0.9454458363305881,0.9576014206863868,0.9785864259367831,0.9827733019051055,0.9562830609815918,0.9999997195457528,0.9156466668991066
white_dwarf_earth_10d,api_default,20,0.625,0.3412628173828125,0.9777129801384636,0.9454458363305881,0.957044494029916,0.9779884428245192,0.9786715675663298,0.9877570366994842,0.9999997195457528,0.9406172043960974
white_dwarf_earth_10d,api_default,21,0.65625,0.3819160461425781,0.9777129801384636,0.9454458363305881,0.9563738610765493,0.9772541181486004,0.9741211515638438,0.9137501908054776,0.9999997195457528,0.9365357746325595
white_dwarf_earth_10d,api_default,22,0.6875,0.38253021240234375,0.9777129801384636,0.9454458363305881,0.9556248107784575,0.9764094505451472,0.9695724342543538,0.9999840777593602,0.9999997195457528,0.9078841015846768
white_dwarf_earth_10d,api_default,23,0.71875,0.5042381286621094,0.9777129801384636,0.9454458363305881,0.954835142983752,0.9754809927969853,0.9653086957765373,0.9965058547327671,0.9999997195457528,0.93930469437201
white_dwarf_earth_10d,api_default,24,0.75,0.514739990234375,0.9777129801384636,0.9454458363305881,0.9540411991312856,0.9744926571822421,0.9613996041768841,0.9907460942266959,0.9999997195457528,0.928684030979854
white_dwarf_earth_10d,api_default,25,0.78125,0.2763404846191406,0.9777129801384636,0.9454458363305881,0.9532762317489029,0.9734648069315984,0.9578796985691721,0.9839933203019912,0.9999997195457528,0.9307385800622747
white_dwarf_earth_10d,api_default,26,0.8125,0.7139663696289062,0.9777129801384636,0.9454458363305881,0.9525691405186923,0.9724138363075746,0.9547770858031076,0.997429360179012,0.9999997195457528,0.9397166921407474
white_dwarf_earth_10d,api_default,27,0.84375,0.5106010437011719,0.9777129801384636,0.9454458363305881,0.9519434081448171,0.9713522024194692,0.9521148738391936,0.9845802502335921,0.9999997195457528,0.9296016113485382
white_dwarf_earth_10d,api_default,28,0.875,0.7067718505859375,0.9777129801384636,0.9454458363305881,0.9514166496303308,0.9702893528941618,0.9499119293697518,0.9702698728169986,0.9999997195457528,0.9498870463839938
white_dwarf_earth_10d,api_default,29,0.90625,0.2673225402832031,0.9777129801384636,0.9454458363305881,0.9510009314903672,0.9692671669382699,0.9481832823227875,0.9479807375644541,0.9999997195457528,0.9372324300842894
white_dwarf_earth_10d,api_default,30,0.9375,0.5643234252929688,0.9777129801384636,0.9454458363305881,0.950702680891689,0.9683932088724226,0.9469404315372625,0.9999900462503626,0.9999997195457528,0.9482653566621982
white_dwarf_earth_10d,api_default,31,0.96875,0.3658409118652344,0.9777129801384636,0.9454458363305881,0.9505236323412642,0.9678032645689211,0.9461914983904348,0.9270436859105705,0.9999997195457528,0.9430227686892428
white_dwarf_earth_10d,benchmark_original,0,0.0,0.4915771484375,0.9777129801384636,0.9454458363305881,0.950463951966735,0.9675962837549248,0.9459413145440041,0.9671597139375637,0.9998712919158015,0.9451217237207707
white_dwarf_earth_10d,benchmark_original,1,0.03125,0.5288124084472656,0.9777129801384636,0.9454458363305881,0.9505236323412666,0.9678033708295606,0.9461914907946746,0.9980321115071019,0.9998712919158015,0.9471564658621013
white_dwarf_earth_10d,benchmark_original,2,0.0625,0.5142898559570312,0.9777129801384636,0.9454458363305881,0.9507026808916921,0.9683934102641711,0.9469404163639488,0.992980453941871,0.9998712919158015,0.946947062480491
white_dwarf_earth_10d,benchmark_original,3,0.09375,0.2655143737792969,0.9777129801384636,0.9454458363305881,0.951000931490371,0.9692674220207486,0.9481832596084397,0.9914723230788104,0.9998712919158015,0.9435831144640547
white_dwarf_earth_10d,benchmark_original,4,0.125,0.2530670166015625,0.9777129801384636,0.9454458363305881,0.9514166496303358,0.970289635502458,0.949911899168489,0.9999881934096342,0.9998712919158015,0.9409304895927385
white_dwarf_earth_10d,benchmark_original,5,0.15625,0.7420845031738281,0.9777129801384636,0.9454458363305881,0.9519434081448219,0.9713524915939289,0.9521148362230262,0.961189089972185,0.9998712919158015,0.9406627388033177
white_dwarf_earth_10d,benchmark_original,6,0.1875,0.38320159912109375,0.9777129801384636,0.9454458363305881,0.9525691405186975,0.9724141248435691,0.954777040860692,0.9881732029324638,0.9998712919158015,0.9485354482430945
white_dwarf_earth_10d,benchmark_original,7,0.21875,0.6283226013183594,0.9777129801384636,0.9454458363305881,0.9532762317489054,0.9734650897487858,0.9578796464063081,0.9527697749528315,0.9998712919158015,0.9334187536905354
white_dwarf_earth_10d,benchmark_original,8,0.25,0.530426025390625,0.9777129801384636,0.9454458363305881,0.9540411991312846,0.9744929245794218,0.9613995449151732,0.980833987770598,0.9998712919158015,0.9342454512966368
white_dwarf_earth_10d,benchmark_original,9,0.28125,0.5049171447753906,0.9777129801384636,0.9454458363305881,0.9548351429837513,0.9754812420227712,0.9653086295537516,0.9976191687989581,0.9998712919158015,0.9384893171205633
white_dwarf_earth_10d,benchmark_original,10,0.3125,0.5019912719726562,0.9777129801384636,0.9454458363305881,0.955624810778455,0.9764096762028406,0.9695723612242014,0.9544767456134852,0.9998712919158015,0.9147169177851064
white_dwarf_earth_10d,benchmark_original,11,0.34375,0.4430351257324219,0.9777129801384636,0.9454458363305881,0.9563738610765444,0.9772543154000083,0.9741211659639011,0.9766637870322542,0.9998712919158015,0.9330839083636584
white_dwarf_earth_10d,benchmark_original,12,0.375,0.3204803466796875,0.9777129801384636,0.9454458363305881,0.9570444940299135,0.9779886069551867,0.9786715789702626,0.965371888541076,0.9998712919158015,0.9305880544571777
white_dwarf_earth_10d,benchmark_original,13,0.40625,0.3392829895019531,0.9777129801384636,0.9454458363305881,0.9576014206863833,0.9785865508383564,0.9827733103551851,0.9594436526927764,0.9998712919158015,0.904493399413962
white_dwarf_earth_10d,benchmark_original,14,0.4375,0.5480270385742188,0.9777129801384636,0.9454458363305881,0.9580182825349952,0.9790284563668261,0.9859649165313763,0.99786837048359,0.9998712919158015,0.9052891365520406
white_dwarf_earth_10d,benchmark_original,15,0.46875,0.6150474548339844,0.9777129801384636,0.9454458363305881,0.9582764976529916,0.97930010224186,0.9879790668403441,0.9722650981099239,0.9998712919158015,0.902908699545676
white_dwarf_earth_10d,benchmark_original,16,0.5,0.71612548828125,0.9777129801384636,0.9454458363305881,0.9583640027621517,0.9793918248791174,0.9886666714107571,0.9640662928120436,0.9998712919158015,0.9230429991400566
white_dwarf_earth_10d,benchmark_original,17,0.53125,0.5875892639160156,0.9777129801384636,0.9454458363305881,0.9582764976529916,0.9793000586216648,0.9879790640701872,0.9998584182281348,0.9998712919158015,0.9213996849301833
white_dwarf_earth_10d,benchmark_original,18,0.5625,0.5225296020507812,0.9777129801384636,0.9454458363305881,0.9580182825349968,0.9790283676336147,0.985964910954275,0.9638327911537377,0.9998712919158015,0.9057321626665565
white_dwarf_earth_10d,benchmark_original,19,0.59375,0.5629386901855469,0.9777129801384636,0.9454458363305881,0.9576014206863868,0.9785864259367831,0.9827733019051055,0.9914323283875497,0.9998712919158015,0.9057788424105705
white_dwarf_earth_10d,benchmark_original,20,0.625,0.6466827392578125,0.9777129801384636,0.9454458363305881,0.957044494029916,0.9779884428245192,0.9786715675663298,0.9958804143630279,0.9998712919158015,0.9402037558106802
white_dwarf_earth_10d,benchmark_original,21,0.65625,0.6012763977050781,0.9777129801384636,0.9454458363305881,0.9563738610765493,0.9772541181486004,0.9741211515638438,0.997514566259734,0.9998712919158015,0.9267754052815033
white_dwarf_earth_10d,benchmark_original,22,0.6875,0.6421737670898438,0.9777129801384636,0.9454458363305881,0.9556248107784575,0.9764094505451472,0.9695724342543538,0.9998420817304541,0.9998712919158015,0.9361533360879095
white_dwarf_earth_10d,benchmark_original,23,0.71875,0.7055320739746094,0.9777129801384636,0.9454458363305881,0.954835142983752,0.9754809927969853,0.9653086957765373,0.9989029970100493,0.9998712919158015,0.9473612586924092
white_dwarf_earth_10d,benchmark_original,24,0.75,0.278778076171875,0.9777129801384636,0.9454458363305881,0.9540411991312856,0.9744926571822421,0.9613996041768841,0.962881163095113,0.9998712919158015,0.9471457126900867
white_dwarf_earth_10d,benchmark_original,25,0.78125,0.6768531799316406,0.9777129801384636,0.9454458363305881,0.9532762317489029,0.9734648069315984,0.9578796985691721,0.9783533995605481,0.9998712919158015,0.9427034809255977
white_dwarf_earth_10d,benchmark_original,26,0.8125,0.6313247680664062,0.9777129801384636,0.9454458363305881,0.9525691405186923,0.9724138363075746,0.9547770858031076,0.9972060465786299,0.9998712919158015,0.9404434478687637
white_dwarf_earth_10d,benchmark_original,27,0.84375,0.4449272155761719,0.9777129801384636,0.9454458363305881,0.9519434081448171,0.9713522024194692,0.9521148738391936,0.9944004445789647,0.9998712919158015,0.9383536828353332
white_dwarf_earth_10d,benchmark_original,28,0.875,0.4266204833984375,0.9777129801384636,0.9454458363305881,0.9514166496303308,0.9702893528941618,0.9499119293697518,0.9994010148438979,0.9998712919158015,0.9432471189711693
white_dwarf_earth_10d,benchmark_original,29,0.90625,0.6116828918457031,0.9777129801384636,0.9454458363305881,0.9510009314903672,0.9692671669382699,0.9481832823227875,0.9828716964400506,0.9998712919158015,0.9426433127369909
white_dwarf_earth_10d,benchmark_original,30,0.9375,0.46483612060546875,0.9777129801384636,0.9454458363305881,0.950702680891689,0.9683932088724226,0.9469404315372625,0.9996244457298386,0.9998712919158015,0.9487728872070992
white_dwarf_earth_10d,benchmark_original,31,0.96875,0.5570030212402344,0.9777129801384636,0.9454458363305881,0.9505236323412642,0.9678032645689211,0.9461914983904348,0.9842442455412642,0.9998712919158015,0.9368530613074137
white_dwarf_earth_10d,benchmark_fine,0,0.0,0.4281005859375,0.9777129801384636,0.9454458363305881,0.950463951966735,0.9675962837549248,0.9459413145440041,0.9999934348811294,0.9998968412018671,0.946713639599147
white_dwarf_earth_10d,benchmark_fine,1,0.03125,0.7095985412597656,0.9777129801384636,0.9454458363305881,0.9505236323412666,0.9678033708295606,0.9461914907946746,0.9999593598852998,0.9998968412018671,0.9487209116122834
white_dwarf_earth_10d,benchmark_fine,2,0.0625,0.36219024658203125,0.9777129801384636,0.9454458363305881,0.9507026808916921,0.9683934102641711,0.9469404163639488,0.9981859060905147,0.9998968412018671,0.9483144717785834
white_dwarf_earth_10d,benchmark_fine,3,0.09375,0.2583122253417969,0.9777129801384636,0.9454458363305881,0.951000931490371,0.9692674220207486,0.9481832596084397,0.9971519649116923,0.9998968412018671,0.942026547120823
white_dwarf_earth_10d,benchmark_fine,4,0.125,0.6137847900390625,0.9777129801384636,0.9454458363305881,0.9514166496303358,0.970289635502458,0.949911899168489,0.9955963818428468,0.9998968412018671,0.9392267345779597
white_dwarf_earth_10d,benchmark_fine,5,0.15625,0.3247261047363281,0.9777129801384636,0.9454458363305881,0.9519434081448219,0.9713524915939289,0.9521148362230262,0.9891754909776517,0.9998968412018671,0.930585111967848
white_dwarf_earth_10d,benchmark_fine,6,0.1875,0.5534896850585938,0.9777129801384636,0.9454458363305881,0.9525691405186975,0.9724141248435691,0.954777040860692,0.9979713278552865,0.9998968412018671,0.9397341449735536
white_dwarf_earth_10d,benchmark_fine,7,0.21875,0.2799339294433594,0.9777129801384636,0.9454458363305881,0.9532762317489054,0.9734650897487858,0.9578796464063081,0.9950856764083645,0.9998968412018671,0.9171375290858236
white_dwarf_earth_10d,benchmark_fine,8,0.25,0.530303955078125,0.9777129801384636,0.9454458363305881,0.9540411991312846,0.9744929245794218,0.9613995449151732,0.9997013587798507,0.9998968412018671,0.9433238623225262
white_dwarf_earth_10d,benchmark_fine,9,0.28125,0.6727638244628906,0.9777129801384636,0.9454458363305881,0.9548351429837513,0.9754812420227712,0.9653086295537516,0.9963601916192178,0.9998968412018671,0.9389441484597075
white_dwarf_earth_10d,benchmark_fine,10,0.3125,0.30789947509765625,0.9777129801384636,0.9454458363305881,0.955624810778455,0.9764096762028406,0.9695723612242014,0.9999947269785885,0.9998968412018671,0.9309810910663727
white_dwarf_earth_10d,benchmark_fine,11,0.34375,0.6810722351074219,0.9777129801384636,0.9454458363305881,0.9563738610765444,0.9772543154000083,0.9741211659639011,0.9906192766129864,0.9998968412018671,0.9279227623131385
white_dwarf_earth_10d,benchmark_fine,12,0.375,0.7045135498046875,0.9777129801384636,0.9454458363305881,0.9570444940299135,0.9779886069551867,0.9786715789702626,0.9965030238233754,0.9998968412018671,0.9300077817754542
white_dwarf_earth_10d,benchmark_fine,13,0.40625,0.4880867004394531,0.9777129801384636,0.9454458363305881,0.9576014206863833,0.9785865508383564,0.9827733103551851,0.9966307016164587,0.9998968412018671,0.8944746758048272
white_dwarf_earth_10d,benchmark_fine,14,0.4375,0.27153778076171875,0.9777129801384636,0.9454458363305881,0.9580182825349952,0.9790284563668261,0.9859649165313763,0.9971548014081627,0.9998968412018671,0.895113609753192
white_dwarf_earth_10d,benchmark_fine,15,0.46875,0.6946372985839844,0.9777129801384636,0.9454458363305881,0.9582764976529916,0.97930010224186,0.9879790668403441,0.9969263148818646,0.9998968412018671,0.904006970426508
white_dwarf_earth_10d,benchmark_fine,16,0.5,0.48590087890625,0.9777129801384636,0.9454458363305881,0.9583640027621517,0.9793918248791174,0.9886666714107571,0.999985238092531,0.9998968412018671,0.8976508560466048
white_dwarf_earth_10d,benchmark_fine,17,0.53125,0.7433509826660156,0.9777129801384636,0.9454458363305881,0.9582764976529916,0.9793000586216648,0.9879790640701872,0.9999815509467717,0.9998968412018671,0.8978662204807192
white_dwarf_earth_10d,benchmark_fine,18,0.5625,0.39130401611328125,0.9777129801384636,0.9454458363305881,0.9580182825349968,0.9790283676336147,0.985964910954275,0.999692069795207,0.9998968412018671,0.8978383412234078
white_dwarf_earth_10d,benchmark_fine,19,0.59375,0.5246086120605469,0.9777129801384636,0.9454458363305881,0.9576014206863868,0.9785864259367831,0.9827733019051055,0.9985852249265884,0.9998968412018671,0.8968016649232174
white_dwarf_earth_10d,benchmark_fine,20,0.625,0.6510772705078125,0.9777129801384636,0.9454458363305881,0.957044494029916,0.9779884428245192,0.9786715675663298,0.9901999745142469,0.9998968412018671,0.9244191466871594
white_dwarf_earth_10d,benchmark_fine,21,0.65625,0.5015449523925781,0.9777129801384636,0.9454458363305881,0.9563738610765493,0.9772541181486004,0.9741211515638438,0.9995136586172092,0.9998968412018671,0.9293437661308669
white_dwarf_earth_10d,benchmark_fine,22,0.6875,0.47566986083984375,0.9777129801384636,0.9454458363305881,0.9556248107784575,0.9764094505451472,0.9695724342543538,0.9925068908947206,0.9998968412018671,0.9166831050098264
white_dwarf_earth_10d,benchmark_fine,23,0.71875,0.5965232849121094,0.9777129801384636,0.9454458363305881,0.954835142983752,0.9754809927969853,0.9653086957765373,0.9897181167708431,0.9998968412018671,0.9232301221314787
white_dwarf_earth_10d,benchmark_fine,24,0.75,0.327239990234375,0.9777129801384636,0.9454458363305881,0.9540411991312856,0.9744926571822421,0.9613996041768841,0.9980894274771698,0.9998968412018671,0.9426403492535277
white_dwarf_earth_10d,benchmark_fine,25,0.78125,0.4931373596191406,0.9777129801384636,0.9454458363305881,0.9532762317489029,0.9734648069315984,0.9578796985691721,0.9969557232676437,0.9998968412018671,0.941245477662127
white_dwarf_earth_10d,benchmark_fine,26,0.8125,0.28037261962890625,0.9777129801384636,0.9454458363305881,0.9525691405186923,0.9724138363075746,0.9547770858031076,0.9902939305029902,0.9998968412018671,0.9274441876646884
white_dwarf_earth_10d,benchmark_fine,27,0.84375,0.3753471374511719,0.9777129801384636,0.9454458363305881,0.9519434081448171,0.9713522024194692,0.9521148738391936,0.9998435385808699,0.9998968412018671,0.9476883752127119
white_dwarf_earth_10d,benchmark_fine,28,0.875,0.3494720458984375,0.9777129801384636,0.9454458363305881,0.9514166496303308,0.9702893528941618,0.9499119293697518,0.9907773643261778,0.9998968412018671,0.931875298003753
white_dwarf_earth_10d,benchmark_fine,29,0.90625,0.7394905090332031,0.9777129801384636,0.9454458363305881,0.9510009314903672,0.9692671669382699,0.9481832823227875,0.9982821067237294,0.9998968412018671,0.943604436121205
white_dwarf_earth_10d,benchmark_fine,30,0.9375,0.6862716674804688,0.9777129801384636,0.9454458363305881,0.950702680891689,0.9683932088724226,0.9469404315372625,0.9910895621873859,0.9998968412018671,0.9328697904871848
white_dwarf_earth_10d,benchmark_fine,31,0.96875,0.6704063415527344,0.9777129801384636,0.9454458363305881,0.9505236323412642,0.9678032645689211,0.9461914983904348,0.9992325173310002,0.9998968412018671,0.9485246418205415
sun_earth_10d_30min,api_default,0,0.0,0.642578125,0.9996022092290408,0.9831600647386008,0.9947954336569035,0.995027994232963,0.9920657714617197,0.9206969044102674,0.9998939075321143,0.9534465554448934
sun_earth_10d_30min,api_default,1,0.03125,0.52154541015625,0.9996022092290408,0.9831600647386008,0.9947851244470309,0.9950192733101613,0.9920642459155281,0.9089636188617244,0.9998939075321143,0.9561985618981657
sun_earth_10d_30min,api_default,2,0.0625,0.2657470703125,0.9996022092290408,0.9831600647386008,0.9947545250902347,0.9949931304146085,0.9920597457885174,0.9336623969074301,0.9998939075321143,0.9876131132798412
sun_earth_10d_30min,api_default,3,0.09375,0.36932373046875,0.9996022092290408,0.9831600647386008,0.9947046811035246,0.9949505561725415,0.99205317288787,0.918842276952697,0.9998939075321143,0.9405530192100703
sun_earth_10d_30min,api_default,4,0.125,0.523681640625,0.9996022092290408,0.9831600647386008,0.9946372723409286,0.9948926305820525,0.9920457183897702,0.9848637397741188,0.9998939075321143,0.9917629135647514
sun_earth_10d_30min,api_default,5,0.15625,0.29132080078125,0.9996022092290408,0.9831600647386008,0.9945546913755259,0.9948213707831907,0.99203928981974,0.9507412509217322,0.9998939075321143,0.9588877402591037
sun_earth_10d_30min,api_default,6,0.1875,0.4788818359375,0.9996022092290408,0.9831600647386008,0.994460003098426,0.9947391125272236,0.9920365074389941,0.9348171633887603,0.9998939075321143,0.9685917513959531
sun_earth_10d_30min,api_default,7,0.21875,0.25433349609375,0.9996022092290408,0.9831600647386008,0.9943569067797168,0.9946490003157227,0.9920413336909386,0.9040487705794308,0.9998939075321143,0.9700258884039633
sun_earth_10d_30min,api_default,8,0.25,0.53955078125,0.9996022092290408,0.9831600647386008,0.9942498124556334,0.9945547949910364,0.9920592463956472,0.9641302374466202,0.9998939075321143,0.9805591322579064
sun_earth_10d_30min,api_default,9,0.28125,0.46539306640625,0.9996022092290408,0.9831600647386008,0.9941433263839046,0.9944607204872123,0.9920873616914634,0.9847457800187661,0.9998939075321143,0.9755934421499632
sun_earth_10d_30min,api_default,10,0.3125,0.4849853515625,0.9996022092290408,0.9831600647386008,0.9940380816515837,0.9943675198002974,0.9921205069081249,0.967739480572421,0.9998939075321143,0.9656543052372342
sun_earth_10d_30min,api_default,11,0.34375,0.33660888671875,0.9996022092290408,0.9831600647386008,0.9939303070305784,0.9942712719178841,0.9921549668072184,0.9232254521885832,0.9998939075321143,0.9835491291625805
sun_earth_10d_30min,api_default,12,0.375,0.520263671875,0.9996022092290408,0.9831600647386008,0.9938244162563635,0.9941762088505651,0.9921884607471375,0.9767208842141624,0.9998939075321143,0.9830621806388363
sun_earth_10d_30min,api_default,13,0.40625,0.65509033203125,0.9996022092290408,0.9831600647386008,0.9937341186024866,0.9940953838265217,0.9922201588244898,0.9921642235550177,0.9998939075321143,0.9789954441982819
sun_earth_10d_30min,api_default,14,0.4375,0.5262451171875,0.9996022092290408,0.9831600647386008,0.993667995477442,0.9940367372553806,0.9922503311697901,0.9532509757718899,0.9998939075321143,0.9816063239937132
sun_earth_10d_30min,api_default,15,0.46875,0.31732177734375,0.9996022092290408,0.9831600647386008,0.9936278791399841,0.9940013440655189,0.9922769040029559,0.997235641082851,0.9998939075321143,0.9836395663525586
sun_earth_10d_30min,api_default,16,0.5,0.5205078125,0.9996022092290408,0.9831600647386008,0.9936144431048995,0.9939895542539905,0.9922876205223806,0.9664530748940131,0.9998939075321143,0.9809070002381959
sun_earth_10d_30min,api_default,17,0.53125,0.72564697265625,0.9996022092290408,0.9831600647386008,0.9936278791399838,0.9940013437578168,0.9922768988828119,0.9770690986485876,0.9998939075321143,0.9707072580344681
sun_earth_10d_30min,api_default,18,0.5625,0.5538330078125,0.9996022092290408,0.9831600647386008,0.9936679954774419,0.9940367375097577,0.9922503209602181,0.938921188391944,0.9998939075321143,0.9906859517873452
sun_earth_10d_30min,api_default,19,0.59375,0.38983154296875,0.9996022092290408,0.9831600647386008,0.9937341186024862,0.9940953839959835,0.9922201435914565,0.9426621489177542,0.9998939075321143,0.9598140855046501
sun_earth_10d_30min,api_default,20,0.625,0.260986328125,0.9996022092290408,0.9831600647386008,0.9938244162563639,0.9941762087468374,0.9921884405720185,0.9697025056474293,0.9998939075321143,0.9722855869983845
sun_earth_10d_30min,api_default,21,0.65625,0.55987548828125,0.9996022092290408,0.9831600647386008,0.9939303070305785,0.9942712704985168,0.9921549417798866,0.9039633994031978,0.9998939075321143,0.9913285552341041
sun_earth_10d_30min,api_default,22,0.6875,0.4720458984375,0.9996022092290408,0.9831600647386008,0.994038081651584,0.9943675202165144,0.9921204771241691,0.928509230618928,0.9998939075321143,0.9617176279099747
sun_earth_10d_30min,api_default,23,0.71875,0.69476318359375,0.9996022092290408,0.9831600647386008,0.9941433263839055,0.9944607194900775,0.9920873272496091,0.9888946095596177,0.9998939075321143,0.9759855397354856
sun_earth_10d_30min,api_default,24,0.75,0.54248046875,0.9996022092290408,0.9831600647386008,0.9942498124556343,0.9945547942774172,0.9920592073994495,0.9611081552981349,0.9998939075321143,0.9924117817020345
sun_earth_10d_30min,api_default,25,0.78125,0.37066650390625,0.9996022092290408,0.9831600647386008,0.994356906779717,0.9946489997231085,0.9920412902438618,0.9845520298095085,0.9998939075321143,0.9753210517756395
sun_earth_10d_30min,api_default,26,0.8125,0.3297119140625,0.9996022092290408,0.9831600647386008,0.994460003098426,0.9947391133427161,0.9920365135376974,0.9432321144045718,0.9998939075321143,0.9543347362623811
sun_earth_10d_30min,api_default,27,0.84375,0.56610107421875,0.9996022092290408,0.9831600647386008,0.9945546913755253,0.9948213706254384,0.9920392947483458,0.9222571432106961,0.9998939075321143,0.9939141682142623
sun_earth_10d_30min,api_default,28,0.875,0.407958984375,0.9996022092290408,0.9831600647386008,0.9946372723409284,0.9948926298168923,0.9920457222330101,0.9413496972527263,0.9998939075321143,0.9636645612382487
sun_earth_10d_30min,api_default,29,0.90625,0.58966064453125,0.9996022092290408,0.9831600647386008,0.9947046811035242,0.9949505567489024,0.9920531757134587,0.9952241387712433,0.9998939075321143,0.9873422961538407
sun_earth_10d_30min,api_default,30,0.9375,0.7322998046875,0.9996022092290408,0.9831600647386008,0.9947545250902349,0.9949931319946633,0.9920597476455869,0.9999327285728709,0.9998939075321143,0.9890685982259958
sun_earth_10d_30min,api_default,31,0.96875,0.28900146484375,0.9996022092290408,0.9831600647386008,0.9947851244470309,0.9950192734161589,0.9920642468364796,0.9928906378046058,0.9998939075321143,0.9942577807149886
sun_earth_10d_30min,benchmark_original,0,0.0,0.40625,0.9996022092290408,0.9831600647386008,0.9947954336569035,0.995027994232963,0.9920657714617197,0.9950539620003049,0.997879276854887,0.9866764457985239
sun_earth_10d_30min,benchmark_original,1,0.03125,0.52545166015625,0.9996022092290408,0.9831600647386008,0.9947851244470309,0.9950192733101613,0.9920642459155281,0.9863382833215817,0.997879276854887,0.9815491929579433
sun_earth_10d_30min,benchmark_original,2,0.0625,0.5196533203125,0.9996022092290408,0.9831600647386008,0.9947545250902347,0.9949931304146085,0.9920597457885174,0.9870349338939524,0.997879276854887,0.9915912342280897
sun_earth_10d_30min,benchmark_original,3,0.09375,0.25213623046875,0.9996022092290408,0.9831600647386008,0.9947046811035246,0.9949505561725415,0.99205317288787,0.9365565051007081,0.997879276854887,0.9740050812152088
sun_earth_10d_30min,benchmark_original,4,0.125,0.623291015625,0.9996022092290408,0.9831600647386008,0.9946372723409286,0.9948926305820525,0.9920457183897702,0.9978031145565692,0.997879276854887,0.9860982252102916
sun_earth_10d_30min,benchmark_original,5,0.15625,0.26007080078125,0.9996022092290408,0.9831600647386008,0.9945546913755259,0.9948213707831907,0.99203928981974,0.9415165315744353,0.997879276854887,0.9864744840412644
sun_earth_10d_30min,benchmark_original,6,0.1875,0.7406005859375,0.9996022092290408,0.9831600647386008,0.994460003098426,0.9947391125272236,0.9920365074389941,0.9741537610850575,0.997879276854887,0.9922972977722643
sun_earth_10d_30min,benchmark_original,7,0.21875,0.49847412109375,0.9996022092290408,0.9831600647386008,0.9943569067797168,0.9946490003157227,0.9920413336909386,0.959707561418577,0.997879276854887,0.9869412608830802
sun_earth_10d_30min,benchmark_original,8,0.25,0.30517578125,0.9996022092290408,0.9831600647386008,0.9942498124556334,0.9945547949910364,0.9920592463956472,0.9402327923350454,0.997879276854887,0.9892063683556885
sun_earth_10d_30min,benchmark_original,9,0.28125,0.59039306640625,0.9996022092290408,0.9831600647386008,0.9941433263839046,0.9944607204872123,0.9920873616914634,0.9990004842474253,0.997879276854887,0.9836666043414412
sun_earth_10d_30min,benchmark_original,10,0.3125,0.6021728515625,0.9996022092290408,0.9831600647386008,0.9940380816515837,0.9943675198002974,0.9921205069081249,0.998443093435078,0.997879276854887,0.9682995080485606
sun_earth_10d_30min,benchmark_original,11,0.34375,0.34442138671875,0.9996022092290408,0.9831600647386008,0.9939303070305784,0.9942712719178841,0.9921549668072184,0.9995175432255042,0.997879276854887,0.9914209481510304
sun_earth_10d_30min,benchmark_original,12,0.375,0.457763671875,0.9996022092290408,0.9831600647386008,0.9938244162563635,0.9941762088505651,0.9921884607471375,0.9720910697568824,0.997879276854887,0.9908907562471292
sun_earth_10d_30min,benchmark_original,13,0.40625,0.60821533203125,0.9996022092290408,0.9831600647386008,0.9937341186024866,0.9940953838265217,0.9922201588244898,0.9530965840289221,0.997879276854887,0.989760758258228
sun_earth_10d_30min,benchmark_original,14,0.4375,0.4129638671875,0.9996022092290408,0.9831600647386008,0.993667995477442,0.9940367372553806,0.9922503311697901,0.9828152454204688,0.997879276854887,0.9771071677839943
sun_earth_10d_30min,benchmark_original,15,0.46875,0.59466552734375,0.9996022092290408,0.9831600647386008,0.9936278791399841,0.9940013440655189,0.9922769040029559,0.9969204625890332,0.997879276854887,0.9896618696394872
sun_earth_10d_30min,benchmark_original,16,0.5,0.6884765625,0.9996022092290408,0.9831600647386008,0.9936144431048995,0.9939895542539905,0.9922876205223806,0.999955982949408,0.997879276854887,0.990398459589619
sun_earth_10d_30min,benchmark_original,17,0.53125,0.40338134765625,0.9996022092290408,0.9831600647386008,0.9936278791399838,0.9940013437578168,0.9922768988828119,0.9486997077640175,0.997879276854887,0.9916044274792292
sun_earth_10d_30min,benchmark_original,18,0.5625,0.7491455078125,0.9996022092290408,0.9831600647386008,0.9936679954774419,0.9940367375097577,0.9922503209602181,0.9865520941248758,0.997879276854887,0.9811453982257443
sun_earth_10d_30min,benchmark_original,19,0.59375,0.34295654296875,0.9996022092290408,0.9831600647386008,0.9937341186024862,0.9940953839959835,0.9922201435914565,0.9698325224244647,0.997879276854887,0.9888376530726205
sun_earth_10d_30min,benchmark_original,20,0.625,0.514892578125,0.9996022092290408,0.9831600647386008,0.9938244162563639,0.9941762087468374,0.9921884405720185,0.9609161838703325,0.997879276854887,0.991572771250456
sun_earth_10d_30min,benchmark_original,21,0.65625,0.27081298828125,0.9996022092290408,0.9831600647386008,0.9939303070305785,0.9942712704985168,0.9921549417798866,0.9980406414355102,0.997879276854887,0.9886141637592952
sun_earth_10d_30min,benchmark_original,22,0.6875,0.7415771484375,0.9996022092290408,0.9831600647386008,0.994038081651584,0.9943675202165144,0.9921204771241691,0.999026443797594,0.997879276854887,0.97976482156966
sun_earth_10d_30min,benchmark_original,23,0.71875,0.34906005859375,0.9996022092290408,0.9831600647386008,0.9941433263839055,0.9944607194900775,0.9920873272496091,0.9908859134003148,0.997879276854887,0.9916764639029143
sun_earth_10d_30min,benchmark_original,24,0.75,0.36279296875,0.9996022092290408,0.9831600647386008,0.9942498124556343,0.9945547942774172,0.9920592073994495,0.9366135749135062,0.997879276854887,0.9900115332079674
sun_earth_10d_30min,benchmark_original,25,0.78125,0.38824462890625,0.9996022092290408,0.9831600647386008,0.994356906779717,0.9946489997231085,0.9920412902438618,0.9781880032963983,0.997879276854887,0.9796765348807319
sun_earth_10d_30min,benchmark_original,26,0.8125,0.3648681640625,0.9996022092290408,0.9831600647386008,0.994460003098426,0.9947391133427161,0.9920365135376974,0.9997518387341796,0.997879276854887,0.9928468518187413
sun_earth_10d_30min,benchmark_original,27,0.84375,0.25946044921875,0.9996022092290408,0.9831600647386008,0.9945546913755253,0.9948213706254384,0.9920392947483458,0.971628271722745,0.997879276854887,0.9923497048904982
sun_earth_10d_30min,benchmark_original,28,0.875,0.353271484375,0.9996022092290408,0.9831600647386008,0.9946372723409284,0.9948926298168923,0.9920457222330101,0.9878023087004455,0.997879276854887,0.9888917018892762
sun_earth_10d_30min,benchmark_original,29,0.90625,0.31231689453125,0.9996022092290408,0.9831600647386008,0.9947046811035242,0.9949505567489024,0.9920531757134587,0.9869449650475478,0.997879276854887,0.9760055703291143
sun_earth_10d_30min,benchmark_original,30,0.9375,0.4256591796875,0.9996022092290408,0.9831600647386008,0.9947545250902349,0.9949931319946633,0.9920597476455869,0.9938894503955757,0.997879276854887,0.983610022247414
sun_earth_10d_30min,benchmark_original,31,0.96875,0.65814208984375,0.9996022092290408,0.9831600647386008,0.9947851244470309,0.9950192734161589,0.9920642468364796,0.951229664044556,0.997879276854887,0.9719402649593653
sun_earth_10d_30min,benchmark_fine,0,0.0,0.58056640625,0.9996022092290408,0.9831600647386008,0.9999751513656351,0.9999789954098663,0.9999634891008601,0.9997611410344394,0.9994273387337695,0.9965035312685313
sun_earth_10d_30min,benchmark_fine,1,0.03125,0.4040565490722656,0.9996022092290408,0.9831600647386008,0.9999751511705806,0.9999789473239441,0.9999634892489961,0.9995647334713,0.9994273387337695,0.9988834902096432
sun_earth_10d_30min,benchmark_fine,2,0.0625,0.45142364501953125,0.9996022092290408,0.9831600647386008,0.9999751509858354,0.9999789588854061,0.9999634899975203,0.9988878105815198,0.9994273387337695,0.9980443826572589
sun_earth_10d_30min,benchmark_fine,3,0.09375,0.2669792175292969,0.9996022092290408,0.9831600647386008,0.9999751513983122,0.9999789500802424,0.9999634914837928,0.9989435679546462,0.9994273387337695,0.9989488953923954
sun_earth_10d_30min,benchmark_fine,4,0.125,0.6388092041015625,0.9996022092290408,0.9831600647386008,0.9999751520696655,0.9999789779694241,0.9999634939831414,0.9961584711952401,0.9994273387337695,0.9964885866503512
sun_earth_10d_30min,benchmark_fine,5,0.15625,0.3977241516113281,0.9996022092290408,0.9831600647386008,0.9999751528466893,0.9999789926025205,0.9999634977416486,0.9999957979105211,0.9994273387337695,0.9988817439145734
sun_earth_10d_30min,benchmark_fine,6,0.1875,0.37770843505859375,0.9996022092290408,0.9831600647386008,0.9999751532985571,0.9999789612725984,0.9999635021348052,0.9952243000191884,0.9994273387337695,0.9989952730629524
sun_earth_10d_30min,benchmark_fine,7,0.21875,0.5051536560058594,0.9996022092290408,0.9831600647386008,0.9999751533786024,0.9999789851422749,0.9999635071710011,0.9953048424414499,0.9994273387337695,0.9989987193634696
sun_earth_10d_30min,benchmark_fine,8,0.25,0.442169189453125,0.9996022092290408,0.9831600647386008,0.9999751536020829,0.9999789759708694,0.9999635129723616,0.9989306586409488,0.9994273387337695,0.9985572650833899
sun_earth_10d_30min,benchmark_fine,9,0.28125,0.4121437072753906,0.9996022092290408,0.9831600647386008,0.9999751538841352,0.9999790324114219,0.9999635199283625,0.9999949425990309,0.9994273387337695,0.9989881582456469
sun_earth_10d_30min,benchmark_fine,10,0.3125,0.7270889282226562,0.9996022092290408,0.9831600647386008,0.9999751536821045,0.9999789980334989,0.9999635266903414,0.9958243077636121,0.9994273387337695,0.9967120335666546
sun_earth_10d_30min,benchmark_fine,11,0.34375,0.6330986022949219,0.9996022092290408,0.9831600647386008,0.9999751537263702,0.9999790055442819,0.9999635321384548,0.9999994846558092,0.9994273387337695,0.998646438447041
sun_earth_10d_30min,benchmark_fine,12,0.375,0.4624481201171875,0.9996022092290408,0.9831600647386008,0.999975153784862,0.9999790067911332,0.9999635366142481,0.9999709064626259,0.9994273387337695,0.9982591465157316
sun_earth_10d_30min,benchmark_fine,13,0.40625,0.5394783020019531,0.9996022092290408,0.9831600647386008,0.9999751540768698,0.999979022315716,0.9999635401664445,0.999845330297409,0.9994273387337695,0.9988679921439048
sun_earth_10d_30min,benchmark_fine,14,0.4375,0.7242965698242188,0.9996022092290408,0.9831600647386008,0.9999751542507432,0.9999790538599176,0.9999635424598049,0.9986476663417095,0.9994273387337695,0.9987036543276642
sun_earth_10d_30min,benchmark_fine,15,0.46875,0.2741050720214844,0.9996022092290408,0.9831600647386008,0.9999751537473666,0.9999790104020877,0.9999635435220482,0.998244155692983,0.9994273387337695,0.9972884043225029
sun_earth_10d_30min,benchmark_fine,16,0.5,0.65570068359375,0.9996022092290408,0.9831600647386008,0.9999751531741178,0.9999790297917106,0.9999635439473896,0.9999997691641488,0.9994273387337695,0.9986485952520417
sun_earth_10d_30min,benchmark_fine,17,0.53125,0.4680824279785156,0.9996022092290408,0.9831600647386008,0.9999751537473666,0.9999790118805413,0.999963543435389,0.996061486490887,0.9994273387337695,0.9989582812218705
sun_earth_10d_30min,benchmark_fine,18,0.5625,0.33783721923828125,0.9996022092290408,0.9831600647386008,0.9999751542507432,0.9999790560959871,0.9999635422153466,0.9983761400341432,0.9994273387337695,0.997265075260082
sun_earth_10d_30min,benchmark_fine,19,0.59375,0.4633293151855469,0.9996022092290408,0.9831600647386008,0.9999751540768695,0.9999790244286129,0.999963539798327,0.9993437447015022,0.9994273387337695,0.9955642438495401
sun_earth_10d_30min,benchmark_fine,20,0.625,0.2991485595703125,0.9996022092290408,0.9831600647386008,0.999975153784862,0.9999790083082944,0.999963536427508,0.9998968154478985,0.9994273387337695,0.9977280600197638
sun_earth_10d_30min,benchmark_fine,21,0.65625,0.5548896789550781,0.9996022092290408,0.9831600647386008,0.99997515372637,0.9999790057134462,0.9999635321947589,0.9998281770813522,0.9994273387337695,0.9989451658922907
sun_earth_10d_30min,benchmark_fine,22,0.6875,0.45430755615234375,0.9996022092290408,0.9831600647386008,0.9999751536821042,0.9999789970467898,0.9999635269352279,0.9999656918613182,0.9994273387337695,0.9966551708633964
sun_earth_10d_30min,benchmark_fine,23,0.71875,0.2919578552246094,0.9996022092290408,0.9831600647386008,0.9999751538841347,0.9999790308867563,0.9999635202534382,0.9998866476595589,0.9994273387337695,0.9966991753866055
sun_earth_10d_30min,benchmark_fine,24,0.75,0.292694091796875,0.9996022092290408,0.9831600647386008,0.9999751536020826,0.9999789742578487,0.9999635132651432,0.9991243140851178,0.9994273387337695,0.9988949144590028
sun_earth_10d_30min,benchmark_fine,25,0.78125,0.7256813049316406,0.9996022092290408,0.9831600647386008,0.9999751533786024,0.9999789837949645,0.9999635074446741,0.9998442748653487,0.9994273387337695,0.9988775089115371
sun_earth_10d_30min,benchmark_fine,26,0.8125,0.7397232055664062,0.9996022092290408,0.9831600647386008,0.999975153298557,0.9999789603921178,0.9999635023965419,0.9987507582107844,0.9994273387337695,0.9984541110119601
sun_earth_10d_30min,benchmark_fine,27,0.84375,0.3743705749511719,0.9996022092290408,0.9831600647386008,0.9999751528466889,0.9999789921562582,0.9999634979359487,0.9986149027833325,0.9994273387337695,0.9988452518716135
sun_earth_10d_30min,benchmark_fine,28,0.875,0.5416107177734375,0.9996022092290408,0.9831600647386008,0.9999751520696656,0.9999789777592565,0.9999634941005042,0.9999966900416031,0.9994273387337695,0.9985531841844122
sun_earth_10d_30min,benchmark_fine,29,0.90625,0.3917121887207031,0.9996022092290408,0.9831600647386008,0.9999751513983122,0.9999789501875064,0.9999634916061889,0.9996277069958489,0.9994273387337695,0.9981296338250917
sun_earth_10d_30min,benchmark_fine,30,0.9375,0.30992889404296875,0.9996022092290408,0.9831600647386008,0.9999751509858352,0.999978959019773,0.9999634900897798,0.9961490811441529,0.9994273387337695,0.99897798590998
sun_earth_10d_30min,benchmark_fine,31,0.96875,0.4739952087402344,0.9996022092290408,0.9831600647386008,0.9999751511705808,0.9999789474269613,0.9999634892658024,0.9992164984549429,0.9994273387337695,0.9984029749806396
