profile,index,config,phase_bins,period_days,duration_days,ingress_days,bins_across_transit,bins_across_ingress,direct_snr,binned_snr,oracle_snr,box_snr,binned_over_direct_snr,coarse_norm_over_actual_noise
tess_200s,0,original_auto,256,0.8153598869433931,0.07591978705100423,0.007730674979445219,23.8366711390677,2.4272138308851745,6.247907221223969,6.2422748672407025,6.2494898162636305,5.897797137647533,0.9990985215074685,1.0011267046577499
tess_200s,0,1024,1024,0.8153598869433931,0.07591978705100423,0.007730674979445219,95.3466845562708,9.708855323540698,6.247907221223969,6.247623768107009,6.2494898162636305,5.897797137647533,0.9999546323101604,1.0000751038890765
tess_200s,0,4096,4096,0.8153598869433931,0.07591978705100423,0.007730674979445219,381.3867382250832,38.83542129416279,6.247907221223969,6.247868317828631,6.2494898162636305,5.897797137647533,0.9999937733717932,1.000006005348183
tess_200s,0,8192,8192,0.8153598869433931,0.07591978705100423,0.007730674979445219,762.7734764501664,77.67084258832558,6.247907221223969,6.2478931159516655,6.2494898162636305,5.897797137647533,0.9999977424004864,1.0000026181747803
tess_200s,1,original_auto,512,3.926312287368424,0.1291936192883035,0.012253267827151672,16.84714007299351,1.5978538303448424,8.115300303056046,8.098802096839437,8.115567801498896,7.664194623344557,0.997967024558488,1.00214695426231
tess_200s,1,1024,1024,3.926312287368424,0.1291936192883035,0.012253267827151672,33.69428014598702,3.195707660689685,8.115300303056046,8.11112029338669,8.115567801498896,7.664194623344557,0.9994849223672252,1.000560400729448
tess_200s,1,4096,4096,3.926312287368424,0.1291936192883035,0.012253267827151672,134.7771205839481,12.78283064275874,8.115300303056046,8.114989616875132,8.115567801498896,7.664194623344557,0.9999617159970289,1.000036428990029
tess_200s,1,8192,8192,3.926312287368424,0.1291936192883035,0.012253267827151672,269.5542411678962,25.56566128551748,8.115300303056046,8.115211574519973,8.115567801498896,7.664194623344557,0.9999890665122967,1.0000100422650977
tess_200s,2,original_auto,256,2.6609410459766347,0.08220085225138724,0.00744286763381722,7.908261706200879,0.7160527352299481,10.146006743304829,10.038114822015979,10.14675662950903,9.663699939936306,0.9893660704138556,1.0107986119636423
tess_200s,2,1024,1024,2.6609410459766347,0.08220085225138724,0.00744286763381722,31.633046824803515,2.8642109409197922,10.146006743304829,10.13950519465021,10.14675662950903,9.663699939936306,0.9993592012287091,1.0006501662755984
tess_200s,2,4096,4096,2.6609410459766347,0.08220085225138724,0.00744286763381722,126.53218729921406,11.456843763679169,10.146006743304829,10.145678641167086,10.14675662950903,9.663699939936306,0.9999676619436548,1.0000450106891032
tess_200s,2,8192,8192,2.6609410459766347,0.08220085225138724,0.00744286763381722,253.06437459842812,22.913687527358338,10.146006743304829,10.145937436093696,10.14675662950903,9.663699939936306,0.9999931690158614,1.0000149259797304
tess_200s,3,original_auto,512,4.767475120147307,0.13193844905517796,0.006490416219285179,14.169446974306151,0.6970341785803243,14.183554646062705,14.137194034518455,14.232706952221864,13.745365981051167,0.9967313827385916,1.0031680452314942
tess_200s,3,1024,1024,4.767475120147307,0.13193844905517796,0.006490416219285179,28.338893948612302,1.3940683571606487,14.183554646062705,14.169529885726956,14.232706952221864,13.745365981051167,0.999011195663871,1.0008347633671961
tess_200s,3,4096,4096,4.767475120147307,0.13193844905517796,0.006490416219285179,113.35557579444921,5.576273428642595,14.183554646062705,14.181264526390933,14.232706952221864,13.745365981051167,0.9998385369726476,1.0000585112254152
tess_200s,3,8192,8192,4.767475120147307,0.13193844905517796,0.006490416219285179,226.71115158889842,11.15254685728519,14.183554646062705,14.183480282851555,14.232706952221864,13.745365981051167,0.999994757082198,1.0000188313072
tess_200s,4,original_auto,256,2.4101397745612245,0.10651785017295366,0.005132301877248252,11.314102996055691,0.5451423583160224,6.113643816125509,6.091300399599716,6.134486129132286,5.9352673793234825,0.9963453192240511,1.0052109327679115
tess_200s,4,1024,1024,2.4101397745612245,0.10651785017295366,0.005132301877248252,45.256411984222765,2.1805694332640897,6.113643816125509,6.110775496211129,6.134486129132286,5.9352673793234825,0.9995308330022736,1.00032242336369
tess_200s,4,4096,4096,2.4101397745612245,0.10651785017295366,0.005132301877248252,181.02564793689106,8.722277733056359,6.113643816125509,6.113735454068815,6.134486129132286,5.9352673793234825,1.0000149890876966,1.000021787800269
tess_200s,4,8192,8192,2.4101397745612245,0.10651785017295366,0.005132301877248252,362.0512958737821,17.444555466112718,6.113643816125509,6.1138441720459324,6.134486129132286,5.9352673793234825,1.000032771932165,1.0000068554864252
tess_200s,5,original_auto,256,2.053030849302016,0.0916403157041834,0.011769276931340653,11.426969462366722,1.4675546134377555,8.145403956963136,8.113198271081396,8.160384143113998,7.618667229011676,0.996046152400556,1.0053866775556846
tess_200s,5,1024,1024,2.053030849302016,0.0916403157041834,0.011769276931340653,45.70787784946689,5.870218453751022,8.145403956963136,8.142952395997607,8.160384143113998,7.618667229011676,0.9996990252443608,1.000315156550764
tess_200s,5,4096,4096,2.053030849302016,0.0916403157041834,0.011769276931340653,182.83151139786756,23.480873815004088,8.145403956963136,8.145504544655765,8.160384143113998,7.618667229011676,1.0000123490121742,1.0000212349657758
tess_200s,5,8192,8192,2.053030849302016,0.0916403157041834,0.011769276931340653,365.6630227957351,46.961747630008176,8.145403956963136,8.145491585714149,8.160384143113998,7.618667229011676,1.0000107580608004,1.0000061378271368
tess_200s,6,original_auto,512,4.138377983622506,0.11471698691888368,0.014868387123119955,14.192782180581533,1.8395164088838878,10.11610423003191,10.092011893582038,10.135846067492501,9.467427374565405,0.9976184175348501,1.0029033935742697
tess_200s,6,1024,1024,4.138377983622506,0.11471698691888368,0.014868387123119955,28.385564361163066,3.6790328177677756,10.11610423003191,10.109135907773439,10.135846067492501,9.467427374565405,0.9993111654348337,1.0007853789169219
tess_200s,6,4096,4096,4.138377983622506,0.11471698691888368,0.014868387123119955,113.54225744465226,14.716131271071102,10.11610423003191,10.115228647915051,10.135846067492501,9.467427374565405,0.9999134467086391,1.000053532293554
tess_200s,6,8192,8192,4.138377983622506,0.11471698691888368,0.014868387123119955,227.08451488930453,29.432262542142205,10.11610423003191,10.115879688764444,10.135846067492501,9.467427374565405,0.9999778035830434,1.0000144207175083
tess_200s,7,original_auto,256,1.144800664362291,0.07142269512697189,0.004882876030829174,15.971522835104212,1.0919073536602004,14.40031613210695,14.36437263766269,14.416134740705688,13.845341969849008,0.9975039787936238,1.0023975677315644
tess_200s,7,1024,1024,1.144800664362291,0.07142269512697189,0.004882876030829174,63.88609134041685,4.367629414640802,14.40031613210695,14.398202557070984,14.416134740705688,13.845341969849008,0.9998532271780303,1.0001664479916297
tess_200s,7,4096,4096,1.144800664362291,0.07142269512697189,0.004882876030829174,255.5443653616674,17.470517658563207,14.40031613210695,14.400060933678443,14.416134740705688,13.845341969849008,0.9999822782759652,1.0000146746829195
tess_200s,7,8192,8192,1.144800664362291,0.07142269512697189,0.004882876030829174,511.0887307233348,34.94103531712641,14.40031613210695,14.400386168375643,14.416134740705688,13.845341969849008,1.0000048635229986,1.000007148917223
tess_200s,8,original_auto,512,3.922264393640398,0.1197746873779115,0.0030672003732812175,15.635009214810488,0.4003826446953086,6.035217997437524,6.027702558413874,6.085217704432537,5.930560242898053,0.9987547361127898,1.0027585594033162
tess_200s,8,1024,1024,3.922264393640398,0.1197746873779115,0.0030672003732812175,31.270018429620976,0.8007652893906172,6.035217997437524,6.031592609780256,6.085217704432537,5.930560242898053,0.9993992946636217,1.0007111258172126
tess_200s,8,4096,4096,3.922264393640398,0.1197746873779115,0.0030672003732812175,125.0800737184839,3.203061157562469,6.035217997437524,6.034235953562142,6.085217704432537,5.930560242898053,0.9998372811262495,1.00005967470422
tess_200s,8,8192,8192,3.922264393640398,0.1197746873779115,0.0030672003732812175,250.1601474369678,6.406122315124938,6.035217997437524,6.03493214363593,6.085217704432537,5.930560242898053,0.9999526357122949,1.0000273265536381
tess_200s,9,original_auto,256,2.890083358140515,0.06822237736394587,0.0046188152873696785,6.043053587356425,0.40912893056738914,8.079175692565888,7.96057750258306,8.09446198061758,7.78603170720309,0.985320508614269,1.0187735568119252
tess_200s,9,1024,1024,2.890083358140515,0.06822237736394587,0.0046188152873696785,24.1722143494257,1.6365157222695565,8.079175692565888,8.067921372669606,8.09446198061758,7.78603170720309,0.9986069965149243,1.001170651402529
tess_200s,9,4096,4096,2.890083358140515,0.06822237736394587,0.0046188152873696785,96.6888573977028,6.546062889078226,8.079175692565888,8.078549610246716,8.09446198061758,7.78603170720309,0.9999225066587241,1.0001234112032893
tess_200s,9,8192,8192,2.890083358140515,0.06822237736394587,0.0046188152873696785,193.3777147954056,13.092125778156452,8.079175692565888,8.079203527463084,8.09446198061758,7.78603170720309,1.0000034452644992,1.0000709113560031
tess_200s,10,original_auto,256,1.1708198284273013,0.06089164194195392,0.014185610653022748,13.313970227237327,3.1016867318106853,10.068655601659634,10.051966099832796,10.22148665784206,9.231397987188753,0.9983424299641268,1.0031275190074354
tess_200s,10,1024,1024,1.1708198284273013,0.06089164194195392,0.014185610653022748,53.25588090894931,12.406746927242741,10.068655601659634,10.065281559957256,10.22148665784206,9.231397987188753,0.9996648965029828,1.0002308994706153
tess_200s,10,4096,4096,1.1708198284273013,0.06089164194195392,0.014185610653022748,213.02352363579723,49.626987708970965,10.068655601659634,10.068739810304093,10.22148665784206,9.231397987188753,1.000008363444713,1.0000159134241757
tess_200s,10,8192,8192,1.1708198284273013,0.06089164194195392,0.014185610653022748,426.04704727159447,99.25397541794193,10.068655601659634,10.068803395880519,10.22148665784206,9.231397987188753,1.0000146786449682,1.0000043559165104
tess_200s,11,original_auto,256,1.7088989714069132,0.08379827012589837,0.005321419403319545,12.553320887406556,0.7971702189792146,14.28198466779099,14.228152741742162,14.303959164303446,13.735960501607053,0.9962307811343454,1.0035408603031746
tess_200s,11,1024,1024,1.7088989714069132,0.08379827012589837,0.005321419403319545,50.213283549626226,3.1886808759168583,14.28198466779099,14.276324002172087,14.303959164303446,13.735960501607053,0.9996036499302742,1.000244673486867
tess_200s,11,4096,4096,1.7088989714069132,0.08379827012589837,0.005321419403319545,200.8531341985049,12.754723503667433,14.28198466779099,14.282087205504192,14.303959164303446,13.735960501607053,1.0000071795143033,1.0000209799748294
tess_200s,11,8192,8192,1.7088989714069132,0.08379827012589837,0.005321419403319545,401.7062683970098,25.509447007334867,14.28198466779099,14.282113588801641,14.303959164303446,13.735960501607053,1.0000090268274089,1.0000087645726035
tess_200s,12,original_auto,256,1.571823278848788,0.06914375527231699,0.014565798017294684,11.261317724392855,2.3723050438332134,6.0302394381056885,6.017833316149268,6.101951265523644,5.56149876122914,0.9979426816988353,1.0038223042837835
tess_200s,12,1024,1024,1.571823278848788,0.06914375527231699,0.014565798017294684,45.04527089757142,9.489220175332854,6.0302394381056885,6.031733640978025,6.101951265523644,5.56149876122914,1.0002477849988667,1.0003185179028016
tess_200s,12,4096,4096,1.571823278848788,0.06914375527231699,0.014565798017294684,180.18108359028568,37.956880701331414,6.0302394381056885,6.03083184843719,6.101951265523644,5.56149876122914,1.000098239935177,1.0000210385567563
tess_200s,12,8192,8192,1.571823278848788,0.06914375527231699,0.014565798017294684,360.36216718057136,75.91376140266283,6.0302394381056885,6.030285715301774,6.101951265523644,5.56149876122914,1.0000076741888213,1.0000061986142486
tess_200s,13,original_auto,256,3.124311946987675,0.09427686141891002,0.015729480557019622,7.724861323950305,1.2888428207303169,8.052009817523915,8.000959651611558,8.100314765075236,7.469605262318536,0.9936599473834153,1.0088735941693117
tess_200s,13,1024,1024,3.124311946987675,0.09427686141891002,0.015729480557019622,30.89944529580122,5.1553712829212675,8.052009817523915,8.047812017261089,8.100314765075236,7.469605262318536,0.9994786642890462,1.000647641825251
tess_200s,13,4096,4096,3.124311946987675,0.09427686141891002,0.015729480557019622,123.59778118320487,20.62148513168507,8.052009817523915,8.052023938171553,8.100314765075236,7.469605262318536,1.0000017536798833,1.000045197828316
tess_200s,13,8192,8192,3.124311946987675,0.09427686141891002,0.015729480557019622,247.19556236640975,41.24297026337014,8.052009817523915,8.051825319415398,8.100314765075236,7.469605262318536,0.9999770867009978,1.0000123200925575
tess_200s,14,original_auto,256,2.5261624188115763,0.10210696261364625,0.0026995485660404883,10.347467064841625,0.2735708629659225,10.130939287205804,10.106823439717461,10.210779433572881,9.963994929869441,0.997619584245382,1.0060070971852233
tess_200s,14,1024,1024,2.5261624188115763,0.10210696261364625,0.0026995485660404883,41.3898682593665,1.09428345186369,10.130939287205804,10.120710857322171,10.210779433572881,9.963994929869441,0.9989903769439671,1.000406305445086
tess_200s,14,4096,4096,2.5261624188115763,0.10210696261364625,0.0026995485660404883,165.559473037466,4.37713380745476,10.130939287205804,10.130792359647712,10.210779433572881,9.963994929869441,0.9999854971435593,1.000054114174565
tess_200s,14,8192,8192,2.5261624188115763,0.10210696261364625,0.0026995485660404883,331.118946074932,8.75426761490952,10.130939287205804,10.130705508376526,10.210779433572881,9.963994929869441,0.9999769242690485,1.0000354745010702
tess_200s,15,original_auto,256,2.0158986635450833,0.09078410955619856,0.011756556894012442,11.528720399822358,1.4929711593609958,14.265056617227772,14.222278225717716,14.292425702031954,13.345046156678526,0.9970011761847203,1.0041550667843564
tess_200s,15,1024,1024,2.0158986635450833,0.09078410955619856,0.011756556894012442,46.11488159928943,5.971884637443983,14.265056617227772,14.262882036686936,14.292425702031954,13.345046156678526,0.9998475589267406,1.0003181702738368
tess_200s,15,4096,4096,2.0158986635450833,0.09078410955619856,0.011756556894012442,184.45952639715773,23.887538549775932,14.265056617227772,14.264874358086342,14.292425702031954,13.345046156678526,0.999987223384644,1.0000205111345188
tess_200s,15,8192,8192,2.0158986635450833,0.09078410955619856,0.011756556894012442,368.91905279431546,47.775077099551865,14.265056617227772,14.265015991397727,14.292425702031954,13.345046156678526,0.9999971520736906,1.0000062154246878
tess_200s,16,original_auto,512,6.564567113564143,0.14883348574699443,0.007097803199186847,11.608190362622082,0.5535894713414841,6.033466428525323,6.006260902612225,6.055400942204065,5.865069795222778,0.9954908962807061,1.0037333124905716
tess_200s,16,1024,1024,6.564567113564143,0.14883348574699443,0.007097803199186847,23.216380725244164,1.1071789426829681,6.033466428525323,6.030570031996215,6.055400942204065,5.865069795222778,0.9995199448669484,1.001088841868486
tess_200s,16,4096,4096,6.564567113564143,0.14883348574699443,0.007097803199186847,92.86552290097666,4.4287157707318725,6.033466428525323,6.033909823677663,6.055400942204065,5.865069795222778,1.0000734892880556,1.000080164661834
tess_200s,16,8192,8192,6.564567113564143,0.14883348574699443,0.007097803199186847,185.73104580195331,8.857431541463745,6.033466428525323,6.033893573907318,6.055400942204065,5.865069795222778,1.0000707960153676,1.0000217049414006
tess_200s,17,original_auto,256,1.1164357523279107,0.06433850485776203,0.012367248189129376,14.752893043100476,2.8358242109459275,8.125222476747593,8.112970728635629,8.19996206757585,7.49183480303789,0.9984921338280859,1.0028813767620477
tess_200s,17,1024,1024,1.1164357523279107,0.06433850485776203,0.012367248189129376,59.011572172401905,11.34329684378371,8.125222476747593,8.125161338207056,8.19996206757585,7.49183480303789,0.9999924754625842,1.0001930760661077
tess_200s,17,4096,4096,1.1164357523279107,0.06433850485776203,0.012367248189129376,236.04628868960762,45.37318737513484,8.125222476747593,8.125338823751063,8.19996206757585,7.49183480303789,1.0000143192391104,1.0000131573026916
tess_200s,17,8192,8192,1.1164357523279107,0.06433850485776203,0.012367248189129376,472.09257737921524,90.74637475026968,8.125222476747593,8.125466583027446,8.19996206757585,7.49183480303789,1.0000300430271973,1.0000042435222671
tess_200s,18,original_auto,256,2.154989114696291,0.10134697354432053,0.010685223598008511,12.039422867805314,1.2693415583566365,10.221490563928466,10.185142003212494,10.225062109123206,9.666193498219421,0.9964439080104183,1.00388850627481
tess_200s,18,1024,1024,2.154989114696291,0.10134697354432053,0.010685223598008511,48.157691471221256,5.077366233426546,10.221490563928466,10.215796314223594,10.225062109123206,9.666193498219421,0.9994429139596365,1.0002533513425924
tess_200s,18,4096,4096,2.154989114696291,0.10134697354432053,0.010685223598008511,192.63076588488502,20.309464933706185,10.221490563928466,10.22136707118589,10.225062109123206,9.666193498219421,0.999987918323477,1.0000184020933458
tess_200s,18,8192,8192,2.154989114696291,0.10134697354432053,0.010685223598008511,385.26153176977004,40.61892986741237,10.221490563928466,10.221475256896042,10.225062109123206,9.666193498219421,0.9999985024657286,1.0000056812925282
tess_200s,19,original_auto,512,9.141866376536191,0.151858070483047,0.018849109271539752,8.504973589077952,1.0556645163615892,14.10494616606066,14.031006409792326,14.124774472515737,13.273222189560988,0.9947578845464686,1.0081133658846169
tess_200s,19,1024,1024,9.141866376536191,0.151858070483047,0.018849109271539752,17.009947178155905,2.1113290327231784,14.10494616606066,14.086150801568499,14.124774472515737,13.273222189560988,0.9986674628693453,1.0020733275015499
tess_200s,19,4096,4096,9.141866376536191,0.151858070483047,0.018849109271539752,68.03978871262362,8.445316130892714,14.10494616606066,14.101878067230983,14.124774472515737,13.273222189560988,0.9997824806423536,1.0001354523518469
tess_200s,19,8192,8192,9.141866376536191,0.151858070483047,0.018849109271539752,136.07957742524724,16.890632261785427,14.10494616606066,14.1048543389573,14.124774472515737,13.273222189560988,0.9999934897232304,1.0000348746780874
tess_200s,20,original_auto,512,5.263975883675157,0.12485395919130335,0.015978120772253045,12.143905769818335,1.5541100522067666,6.047904150981898,6.0281436706327245,6.058873907877974,5.680417236672293,0.9967326730292236,1.0039492955313682
tess_200s,20,1024,1024,5.263975883675157,0.12485395919130335,0.015978120772253045,24.28781153963667,3.108220104413533,6.047904150981898,6.040560574302818,6.058873907877974,5.680417236672293,0.9987857650359938,1.0009799256925354
tess_200s,20,4096,4096,5.263975883675157,0.12485395919130335,0.015978120772253045,97.15124615854668,12.432880417654133,6.047904150981898,6.0477668356388286,6.058873907877974,5.680417236672293,0.9999772953837162,1.000070898444575
tess_200s,20,8192,8192,5.263975883675157,0.12485395919130335,0.015978120772253045,194.30249231709337,24.865760835308265,6.047904150981898,6.047844217941398,6.058873907877974,5.680417236672293,0.9999900902793755,1.0000187087702357
tess_200s,21,original_auto,256,1.2142845516046574,0.05815775253546013,0.01613781934563393,12.261034392147238,3.402235289103253,7.993683593786502,7.987430783879619,8.160711699674827,7.291928371974877,0.9992177811601471,1.0047543643409884
tess_200s,21,1024,1024,1.2142845516046574,0.05815775253546013,0.01613781934563393,49.04413756858895,13.608941156413012,7.993683593786502,7.993790580077583,8.160711699674827,7.291928371974877,1.0000133838536172,1.0002804109586285
tess_200s,21,4096,4096,1.2142845516046574,0.05815775253546013,0.01613781934563393,196.1765502743558,54.43576462565205,7.993683593786502,7.992993944757938,8.160711699674827,7.291928371974877,0.9999137257535312,1.000018771241445
tess_200s,21,8192,8192,1.2142845516046574,0.05815775253546013,0.01613781934563393,392.3531005487116,108.8715292513041,7.993683593786502,7.993214674668041,8.160711699674827,7.291928371974877,0.9999413387941918,1.0000055542058446
tess_200s,22,original_auto,512,4.115458058044975,0.12345797522001184,0.0063083315545733945,15.359282592877118,0.7848131873505004,10.109435617181703,10.088669339037171,10.141439821822285,9.81764168657285,0.9979458518822517,1.0025390299927035
tess_200s,22,1024,1024,4.115458058044975,0.12345797522001184,0.0063083315545733945,30.718565185754237,1.5696263747010009,10.109435617181703,10.101341548280672,10.141439821822285,9.81764168657285,0.9991993550176753,1.0006722145773592
tess_200s,22,4096,4096,4.115458058044975,0.12345797522001184,0.0063083315545733945,122.87426074301695,6.278505498804003,10.109435617181703,10.108148232022076,10.141439821822285,9.81764168657285,0.9998726550909095,1.000047307965414
tess_200s,22,8192,8192,4.115458058044975,0.12345797522001184,0.0063083315545733945,245.7485214860339,12.557010997608007,10.109435617181703,10.10860833306232,10.141439821822285,9.81764168657285,0.9999181671311129,1.0000147187686095
tess_200s,23,original_auto,256,1.1214802160805024,0.06739091302170672,0.005162236878626041,15.383306353679382,1.1783824823472444,14.367090949986164,14.328302451009657,14.375204009719383,13.761744399738179,0.9973001842118537,1.0026056126951801
tess_200s,23,1024,1024,1.1214802160805024,0.06739091302170672,0.005162236878626041,61.53322541471753,4.713529929388978,14.367090949986164,14.364557591229126,14.375204009719383,13.761744399738179,0.9998236693311223,1.000174889718702
tess_200s,23,4096,4096,1.1214802160805024,0.06739091302170672,0.005162236878626041,246.1329016588701,18.85411971755591,14.367090949986164,14.366900613210202,14.375204009719383,13.761744399738179,0.9999867518917627,1.0000156951868593
tess_200s,23,8192,8192,1.1214802160805024,0.06739091302170672,0.005162236878626041,492.2658033177402,37.70823943511182,14.367090949986164,14.367053131796,14.375204009719383,13.761744399738179,0.9999973677211138,1.0000073868304014
tess_200s,24,original_auto,256,2.771320284707936,0.0943294332666942,0.0031286402331739543,8.713657186981786,0.2890073385281561,6.051882809779477,6.009040695894067,6.090910940125616,5.937313116843001,0.9929208619479247,1.0080765816387325
tess_200s,24,1024,1024,2.771320284707936,0.0943294332666942,0.0031286402331739543,34.854628747927144,1.1560293541126243,6.051882809779477,6.049012207411283,6.090910940125616,5.937313116843001,0.9995256678857767,1.000527613123572
tess_200s,24,4096,4096,2.771320284707936,0.0943294332666942,0.0031286402331739543,139.41851499170858,4.624117416450497,6.051882809779477,6.052084523475799,6.090910940125616,5.937313116843001,1.0000333307340314,1.0000500446105998
tess_200s,24,8192,8192,2.771320284707936,0.0943294332666942,0.0031286402331739543,278.83702998341715,9.248234832900994,6.051882809779477,6.0520054802652705,6.090910940125616,5.937313116843001,1.000020269805224,1.000025132141767
tess_200s,25,original_auto,256,1.9074090150311396,0.08641837578299345,0.005540157026830431,11.598510873183196,0.7435637494066453,8.148229372576832,8.117875320036559,8.16134562263468,7.759101003742431,0.99627476705032,1.005452897940747
tess_200s,25,1024,1024,1.9074090150311396,0.08641837578299345,0.005540157026830431,46.394043492732784,2.974254997626581,8.148229372576832,8.146767995893248,8.16134562263468,7.759101003742431,0.9998206510130283,1.0003607417831961
tess_200s,25,4096,4096,1.9074090150311396,0.08641837578299345,0.005540157026830431,185.57617397093114,11.897019990506324,8.148229372576832,8.147793298945206,8.16134562263468,7.759101003742431,0.9999464824059698,1.00002415682101
tess_200s,25,8192,8192,1.9074090150311396,0.08641837578299345,0.005540157026830431,371.1523479418623,23.79403998101265,8.148229372576832,8.148041543732605,8.16134562263468,7.759101003742431,0.9999769485079961,1.0000100860719816
tess_200s,26,original_auto,256,1.687050373846907,0.09476329527995903,0.0045820847246933125,14.379774289935312,0.6953044839121884,10.229737012156063,10.20263322473311,10.264772453116933,9.92317534807053,0.9973504903018773,1.0030822059377933
tess_200s,26,1024,1024,1.687050373846907,0.09476329527995903,0.0045820847246933125,57.51909715974125,2.7812179356487534,10.229737012156063,10.228606225533,10.264772453116933,9.92317534807053,0.9998894608315229,1.0002028291662985
tess_200s,26,4096,4096,1.687050373846907,0.09476329527995903,0.0045820847246933125,230.076388638965,11.124871742595014,10.229737012156063,10.229660087249584,10.264772453116933,9.92317534807053,0.9999924802654861,1.0000152818432808
tess_200s,26,8192,8192,1.687050373846907,0.09476329527995903,0.0045820847246933125,460.15277727793,22.249743485190027,10.229737012156063,10.229597115660079,10.264772453116933,9.92317534807053,0.9999863245266405,1.0000056089775962
tess_200s,27,original_auto,256,2.612193691181772,0.10869369012466092,0.005304278971744798,10.652190442786322,0.5198295292384496,14.212744578741566,14.137733243219607,14.261139974373691,13.776314714397476,0.9947222483942929,1.0052857953297178
tess_200s,27,1024,1024,2.612193691181772,0.10869369012466092,0.005304278971744798,42.60876177114529,2.0793181169537984,14.212744578741566,14.201856563285222,14.261139974373691,13.776314714397476,0.9992339259038941,1.000375095382533
tess_200s,27,4096,4096,2.612193691181772,0.10869369012466092,0.005304278971744798,170.43504708458116,8.317272467815194,14.212744578741566,14.212230314301436,14.261139974373691,13.776314714397476,0.9999638166690972,1.0000281899915777
tess_200s,27,8192,8192,2.612193691181772,0.10869369012466092,0.005304278971744798,340.8700941691623,16.634544935630387,14.212744578741566,14.21293853793571,14.261139974373691,13.776314714397476,1.0000136468500556,1.0000109438679254
tess_200s,28,original_auto,512,10.212128789396685,0.12397408114594512,0.005704543447288844,6.215621723516658,0.28600562186842926,5.998371355901284,5.939015674692095,6.029528659437338,5.839156030685362,0.9901047004782733,1.0137509403134486
tess_200s,28,1024,1024,10.212128789396685,0.12397408114594512,0.005704543447288844,12.431243447033316,0.5720112437368585,5.998371355901284,5.97345388848782,6.029528659437338,5.839156030685362,0.9958459611892903,1.003713741479725
tess_200s,28,4096,4096,10.212128789396685,0.12397408114594512,0.005704543447288844,49.72497378813326,2.288044974947434,5.998371355901284,5.998470158314406,6.029528659437338,5.839156030685362,1.0000164715398998,1.0003364963337065
tess_200s,28,8192,8192,10.212128789396685,0.12397408114594512,0.005704543447288844,99.44994757626652,4.576089949894868,5.998371355901284,5.998309984881877,6.029528659437338,5.839156030685362,0.9999897687195798,1.0001287901481855
tess_200s,29,original_auto,256,1.8851155033559654,0.08627224522081148,0.002657981443850224,11.715831065634871,0.36095573370135803,8.139113099154308,8.135133197455733,8.19567084483311,7.9879611172600224,0.9995110153096425,1.0044216277583
tess_200s,29,1024,1024,1.8851155033559654,0.08627224522081148,0.002657981443850224,46.863324262539486,1.4438229348054321,8.139113099154308,8.13647847671968,8.19567084483311,7.9879611172600224,0.999676301041338,1.0003189179995207
tess_200s,29,4096,4096,1.8851155033559654,0.08627224522081148,0.002657981443850224,187.45329705015794,5.7752917392217284,8.139113099154308,8.139102091795504,8.19567084483311,7.9879611172600224,0.9999986475972664,1.00003759186673
tess_200s,29,8192,8192,1.8851155033559654,0.08627224522081148,0.002657981443850224,374.9065941003159,11.550583478443457,8.139113099154308,8.139107076527047,8.19567084483311,7.9879611172600224,0.999999260038878,1.0000234868075322
tess_200s,30,original_auto,256,2.4796913612815685,0.10896693199464284,0.01080574844840642,11.249599456688609,1.1155709319253195,10.184185181155701,10.131532504816889,10.185543701293227,9.61174446648432,0.9948299568986394,1.0056932457689398
tess_200s,30,1024,1024,2.4796913612815685,0.10896693199464284,0.01080574844840642,44.998397826754434,4.462283727701278,10.184185181155701,10.181181675758735,10.185543701293227,9.61174446648432,0.9997050814234482,1.0003438586959545
tess_200s,30,4096,4096,2.4796913612815685,0.10896693199464284,0.01080574844840642,179.99359130701774,17.849134910805112,10.184185181155701,10.18382360065175,10.185543701293227,9.61174446648432,0.9999644958828302,1.0000230627752602
tess_200s,30,8192,8192,2.4796913612815685,0.10896693199464284,0.01080574844840642,359.9871826140355,35.698269821610225,10.184185181155701,10.184166829246045,10.185543701293227,9.61174446648432,0.9999981979992184,1.0000073292867404
tess_200s,31,original_auto,512,9.986044511995438,0.1773706094526744,0.016524277733382428,9.094066417457082,0.8472253642900314,14.150600075999867,14.050364334179722,14.150788962327601,13.352257740396237,0.9929165023898775,1.0071008012617464
tess_200s,31,1024,1024,9.986044511995438,0.1773706094526744,0.016524277733382428,18.188132834914164,1.6944507285800627,14.150600075999867,14.12220123027881,14.150788962327601,13.352257740396237,0.997993099545706,1.0020035650546655
tess_200s,31,4096,4096,9.986044511995438,0.1773706094526744,0.016524277733382428,72.75253133965666,6.777802914320251,14.150600075999867,14.149222302089758,14.150788962327601,13.352257740396237,0.9999026349481499,1.0001323627787335
tess_200s,31,8192,8192,9.986044511995438,0.1773706094526744,0.016524277733382428,145.5050626793133,13.555605828640502,14.150600075999867,14.150155925675357,14.150788962327601,13.352257740396237,0.9999686126155694,1.0000350284325448
tess_200s,32,original_auto,512,9.744041228122837,0.16811525787582438,0.00817447059831529,8.833605073836925,0.42952701536790605,6.042602387914076,5.985039781473375,6.063950665274795,5.858450256485383,0.9904738715630483,1.009631998191108
tess_200s,32,1024,1024,9.744041228122837,0.16811525787582438,0.00817447059831529,17.66721014767385,0.8590540307358121,6.042602387914076,6.031239955066397,6.063950665274795,5.858450256485383,0.9981196126903195,1.002044457717446
tess_200s,32,4096,4096,9.744041228122837,0.16811525787582438,0.00817447059831529,70.6688405906954,3.4362161229432484,6.042602387914076,6.041146802787075,6.063950665274795,5.858450256485383,0.9997591128733024,1.0001330455752662
tess_200s,32,8192,8192,9.744041228122837,0.16811525787582438,0.00817447059831529,141.3376811813908,6.872432245886497,6.042602387914076,6.040526636553435,6.063950665274795,5.858450256485383,0.9996564805646003,1.0000359081135668
tess_200s,33,original_auto,256,1.0392934393786342,0.057314541889558125,0.002819895734377166,14.117786341939375,0.6946000817941805,8.180476417375601,8.15379784149042,8.212697406044478,7.983591131735471,0.996738750346066,1.0032344916795133
tess_200s,33,1024,1024,1.0392934393786342,0.057314541889558125,0.002819895734377166,56.4711453677575,2.778400327176722,8.180476417375601,8.179018637163034,8.212697406044478,7.983591131735471,0.9998217976388918,1.0002309958755493
tess_200s,33,4096,4096,1.0392934393786342,0.057314541889558125,0.002819895734377166,225.88458147103,11.113601308706889,8.180476417375601,8.180376958241228,8.212697406044478,7.983591131735471,0.9999878418897263,1.0000350978512675
tess_200s,33,8192,8192,1.0392934393786342,0.057314541889558125,0.002819895734377166,451.76916294206,22.227202617413777,8.180476417375601,8.180608833796413,8.212697406044478,7.983591131735471,1.000016186883753,1.000025240448663
tess_200s,34,original_auto,512,9.634263651969496,0.15201604564551635,0.009079981389236186,8.078688541453133,0.4825434137188637,10.042352852906394,9.967454907121374,10.063492146785094,9.69216909241722,0.9925417930556639,1.0076116592630733
tess_200s,34,1024,1024,9.634263651969496,0.15201604564551635,0.009079981389236186,16.157377082906265,0.9650868274377274,10.042352852906394,10.028175323485865,10.063492146785094,9.69216909241722,0.9985882263222382,1.0024422574354646
tess_200s,34,4096,4096,9.634263651969496,0.15201604564551635,0.009079981389236186,64.62950833162506,3.86034730975091,10.042352852906394,10.042668457304249,10.063492146785094,9.69216909241722,1.0000314273360513,1.0001645036650162
tess_200s,34,8192,8192,9.634263651969496,0.15201604564551635,0.009079981389236186,129.25901666325012,7.72069461950182,10.042352852906394,10.043652527144687,10.063492146785094,9.69216909241722,1.0001294192961878,1.0000465946310926
tess_200s,35,original_auto,512,6.459252814030996,0.13070449296329045,0.017611370992155935,10.360439871905529,1.3959852954503924,14.11086096079515,14.047087898311974,14.145131192949377,13.196585411664,0.9954805689985635,1.0061004347942486
tess_200s,35,1024,1024,6.459252814030996,0.13070449296329045,0.017611370992155935,20.720879743811057,2.791970590900785,14.11086096079515,14.097300355707548,14.145131192949377,13.196585411664,0.9990389952019739,1.0015442564156882
tess_200s,35,4096,4096,6.459252814030996,0.13070449296329045,0.017611370992155935,82.88351897524423,11.16788236360314,14.11086096079515,14.110538066048733,14.145131192949377,13.196585411664,0.9999771172894897,1.0000977942075528
tess_200s,35,8192,8192,6.459252814030996,0.13070449296329045,0.017611370992155935,165.76703795048846,22.33576472720628,14.11086096079515,14.110982059113086,14.145131192949377,13.196585411664,1.0000085819226956,1.0000257913086232
tess_200s,36,original_auto,256,1.0034798790008184,0.07613733265054848,0.0020123928484532608,19.423565500833043,0.5133860478767155,6.192665072665833,6.180741492692769,6.240084050757249,6.082613045021833,0.9980745640474414,1.0017662170506763
tess_200s,36,1024,1024,1.0034798790008184,0.07613733265054848,0.0020123928484532608,77.69426200333217,2.053544191506862,6.192665072665833,6.191131345834714,6.240084050757249,6.082613045021833,0.9997523316999835,1.0001189557860715
tess_200s,36,4096,4096,1.0034798790008184,0.07613733265054848,0.0020123928484532608,310.7770480133287,8.214176766027448,6.192665072665833,6.192732725003559,6.240084050757249,6.082613045021833,1.000010924591744,1.0000138400202525
tess_200s,36,8192,8192,1.0034798790008184,0.07613733265054848,0.0020123928484532608,621.5540960266574,16.428353532054896,6.192665072665833,6.192715466432718,6.240084050757249,6.082613045021833,1.0000081376541914,1.0000091378704081
tess_200s,37,original_auto,512,6.904931961107889,0.14355253725348047,0.00372004016873706,10.644405982240725,0.27584059873745287,8.038104203164655,8.011707499431296,8.097892394662244,7.929126382629247,0.9967160535536518,1.0044052369339216
tess_200s,37,1024,1024,6.904931961107889,0.14355253725348047,0.00372004016873706,21.28881196448145,0.5516811974749057,8.038104203164655,8.028357904290125,8.097892394662244,7.929126382629247,0.9987874878667667,1.001307139389993
tess_200s,37,4096,4096,6.904931961107889,0.14355253725348047,0.00372004016873706,85.1552478579258,2.206724789899623,8.038104203164655,8.036878327720503,8.097892394662244,7.929126382629247,0.9998474919691052,1.0001154886304333
tess_200s,37,8192,8192,6.904931961107889,0.14355253725348047,0.00372004016873706,170.3104957158516,4.413449579799246,8.038104203164655,8.038172489851997,8.097892394662244,7.929126382629247,1.000008495372244,1.0000526630206796
tess_200s,38,original_auto,256,2.272465422287131,0.09718174393406967,0.011743983442415958,10.947812980178485,1.3229947227239316,10.184206385548537,10.143366306365058,10.196958486091253,9.550710750745216,0.9959898613954415,1.0058588360371012
tess_200s,38,1024,1024,2.272465422287131,0.09718174393406967,0.011743983442415958,43.79125192071394,5.291978890895726,10.184206385548537,10.17995545744855,10.196958486091253,9.550710750745216,0.9995825960375254,1.0003359245624914
tess_200s,38,4096,4096,2.272465422287131,0.09718174393406967,0.011743983442415958,175.16500768285576,21.167915563582905,10.184206385548537,10.184451355724784,10.196958486091253,9.550710750745216,1.0000240539288947,1.0000228045271145
tess_200s,38,8192,8192,2.272465422287131,0.09718174393406967,0.011743983442415958,350.3300153657115,42.33583112716581,10.184206385548537,10.184001970685118,10.196958486091253,9.550710750745216,0.9999799282481443,1.000007154666418
tess_200s,39,original_auto,512,4.279310926107441,0.12152259439331642,0.01412833258104862,14.539623178532237,1.6903904405181507,14.190322730331442,14.151801970047265,14.203650362562907,13.356312656866516,0.9972854204223389,1.0027158842178043
tess_200s,39,1024,1024,4.279310926107441,0.12152259439331642,0.01412833258104862,29.079246357064473,3.3807808810363014,14.190322730331442,14.18067665763964,14.203650362562907,13.356312656866516,0.9993202358483939,1.0007830784533296
tess_200s,39,4096,4096,4.279310926107441,0.12152259439331642,0.01412833258104862,116.3169854282579,13.523123524145205,14.190322730331442,14.189923549294578,14.203650362562907,13.356312656866516,0.9999718694884923,1.000051275334752
tess_200s,39,8192,8192,4.279310926107441,0.12152259439331642,0.01412833258104862,232.6339708565158,27.04624704829041,14.190322730331442,14.190519092937699,14.203650362562907,13.356312656866516,1.0000138377829728,1.0000140188471618
tess_200s,40,original_auto,256,1.7791714803203802,0.09656686573665828,0.004651539093929666,13.89473578124854,0.6692969290579933,6.153446379426087,6.129095966210949,6.174078184952548,5.974959803617279,0.9960428007796488,1.0029961312344724
tess_200s,40,1024,1024,1.7791714803203802,0.09656686573665828,0.004651539093929666,55.57894312499416,2.6771877162319733,6.153446379426087,6.151794632350343,6.174078184952548,5.974959803617279,0.9997315736623194,1.0002103080545093
tess_200s,40,4096,4096,1.7791714803203802,0.09656686573665828,0.004651539093929666,222.31577249997665,10.708750864927893,6.153446379426087,6.153284051811243,6.174078184952548,5.974959803617279,0.999973620048858,1.000014575171722
tess_200s,40,8192,8192,1.7791714803203802,0.09656686573665828,0.004651539093929666,444.6315449999533,21.417501729855786,6.153446379426087,6.1534591812102075,6.174078184952548,5.974959803617279,1.000002080425071,1.0000050090644323
tess_200s,41,original_auto,256,1.1910204096880388,0.0664031226148694,0.0026124078722653717,14.27280275898809,0.5615154953348837,8.174091995360236,8.15380009621514,8.219161053139016,7.994933972969081,0.9975175347724721,1.0031783042030264
tess_200s,41,1024,1024,1.1910204096880388,0.0664031226148694,0.0026124078722653717,57.09121103595236,2.2460619813395346,8.174091995360236,8.171889561807369,8.219161053139016,7.994933972969081,0.9997305592408163,1.0002225211165072
tess_200s,41,4096,4096,1.1910204096880388,0.0664031226148694,0.0026124078722653717,228.36484414380945,8.984247925358138,8.174091995360236,8.174078708936197,8.219161053139016,7.994933972969081,0.9999983745688149,1.0000318004160964
tess_200s,41,8192,8192,1.1910204096880388,0.0664031226148694,0.0026124078722653717,456.7296882876189,17.968495850716277,8.174091995360236,8.174029260876173,8.219161053139016,7.994933972969081,0.999992325204549,1.0000221676373422
tess_200s,42,original_auto,256,1.6081191299701683,0.06694474555409226,0.01576562528008884,10.657080400607844,2.509764355441511,10.025760331655196,10.009776313004048,10.180655645243476,9.173563217779321,0.9984057050914453,1.0052467879088791
tess_200s,42,1024,1024,1.6081191299701683,0.06694474555409226,0.01576562528008884,42.62832160243138,10.039057421766044,10.025760331655196,10.025338650496467,10.180655645243476,9.173563217779321,0.9999579402314858,1.0003718187356783
tess_200s,42,4096,4096,1.6081191299701683,0.06694474555409226,0.01576562528008884,170.5132864097255,40.156229687064176,10.025760331655196,10.02465401893069,10.180655645243476,9.173563217779321,0.9998896529851194,1.0000247279935355
tess_200s,42,8192,8192,1.6081191299701683,0.06694474555409226,0.01576562528008884,341.026572819451,80.31245937412835,10.025760331655196,10.025429791273842,10.180655645243476,9.173563217779321,0.9999670308913818,1.000007028678887
tess_200s,43,original_auto,512,8.592730305523814,0.15544246661583025,0.008167035154435023,9.262078533541672,0.4866348471780444,14.09547753290938,14.00579362456833,14.13676019380981,13.653431885246485,0.993637398368969,1.0049509002101296
tess_200s,43,1024,1024,8.592730305523814,0.15544246661583025,0.008167035154435023,18.524157067083344,0.9732696943560888,14.09547753290938,14.074192868595539,14.13676019380981,13.653431885246485,0.9984899650072765,1.001883434153424
tess_200s,43,4096,4096,8.592730305523814,0.15544246661583025,0.008167035154435023,74.09662826833338,3.893078777424355,14.09547753290938,14.100252019264023,14.13676019380981,13.653431885246485,1.000338724696875,1.0001360608269307
tess_200s,43,8192,8192,8.592730305523814,0.15544246661583025,0.008167035154435023,148.19325653666675,7.78615755484871,14.09547753290938,14.094093289587997,14.13676019380981,13.653431885246485,0.9999017952163628,1.000038143262224
tess_200s,44,original_auto,256,1.5084985588358222,0.08399794083742128,0.0023592321778157996,14.254884586018477,0.40037389096808357,6.1170397300625385,6.103984593062905,6.162081165417562,6.024281042599423,0.9978657753462883,1.0030987816831418
tess_200s,44,1024,1024,1.5084985588358222,0.08399794083742128,0.0023592321778157996,57.01953834407391,1.6014955638723343,6.1170397300625385,6.116611438974295,6.162081165417562,6.024281042599423,0.9999299839289684,1.000213568655437
tess_200s,44,4096,4096,1.5084985588358222,0.08399794083742128,0.0023592321778157996,228.07815337629563,6.405982255489337,6.1170397300625385,6.11687261987399,6.162081165417562,6.024281042599423,0.9999726811994163,1.000022999014082
tess_200s,44,8192,8192,1.5084985588358222,0.08399794083742128,0.0023592321778157996,456.15630675259126,12.811964510978674,6.1170397300625385,6.117013163956327,6.162081165417562,6.024281042599423,0.99999565703226,1.0000136413139067
tess_200s,45,original_auto,512,4.875012260652631,0.11997862111650816,0.003549638684604013,12.600799901050609,0.3728021406604529,8.06067897515267,8.047184021135418,8.119022496829466,7.9075305545787105,0.9983258291195009,1.003451495650965
tess_200s,45,1024,1024,4.875012260652631,0.11997862111650816,0.003549638684604013,25.201599802101217,0.7456042813209058,8.06067897515267,8.074912804141945,8.119022496829466,7.9075305545787105,1.0017658349914629,1.001010459946111
tess_200s,45,4096,4096,4.875012260652631,0.11997862111650816,0.003549638684604013,100.80639920840487,2.9824171252836233,8.06067897515267,8.066233235031047,8.119022496829466,7.9075305545787105,1.000689056082682,1.0000906086998507
tess_200s,45,8192,8192,4.875012260652631,0.11997862111650816,0.003549638684604013,201.61279841680974,5.964834250567247,8.06067897515267,8.061096570793207,8.119022496829466,7.9075305545787105,1.0000518065093305,1.000044499243301
tess_200s,46,original_auto,256,0.9558274891958873,0.06515812720685879,0.004830820051555076,17.451350535009933,1.293842191375448,10.315968631562976,10.297452274121508,10.323329357036396,9.875132690283413,0.9982050781557424,1.0021388411141368
tess_200s,46,1024,1024,0.9558274891958873,0.06515812720685879,0.004830820051555076,69.80540214003973,5.175368765501792,10.315968631562976,10.314665566926294,10.323329357036396,9.875132690283413,0.9998736847034708,1.0001411219466476
tess_200s,46,4096,4096,0.9558274891958873,0.06515812720685879,0.004830820051555076,279.2216085601589,20.70147506200717,10.315968631562976,10.315891836178773,10.323329357036396,9.875132690283413,0.9999925556787786,1.0000114285999049
tess_200s,46,8192,8192,0.9558274891958873,0.06515812720685879,0.004830820051555076,558.4432171203179,41.40295012401434,10.315968631562976,10.315907367039577,10.323329357036396,9.875132690283413,0.9999940611952607,1.0000051332878548
tess_200s,47,original_auto,256,1.5331034327854722,0.08641226728185966,0.002312750785805423,14.429255033343566,0.38618672980887914,14.30052740804045,14.267358258264943,14.41339553027105,14.056651915636602,0.9976805645813555,1.0028349091566329
tess_200s,47,1024,1024,1.5331034327854722,0.08641226728185966,0.002312750785805423,57.71702013337426,1.5447469192355165,14.30052740804045,14.300107586103204,14.41339553027105,14.056651915636602,0.9999706429053092,1.0002437395752457
tess_200s,47,4096,4096,1.5331034327854722,0.08641226728185966,0.002312750785805423,230.86808053349705,6.178987676942066,14.30052740804045,14.300440661107649,14.41339553027105,14.056651915636602,0.9999939340046471,1.0000550349505422
tess_200s,47,8192,8192,1.5331034327854722,0.08641226728185966,0.002312750785805423,461.7361610669941,12.357975353884132,14.30052740804045,14.30046890542018,14.41339553027105,14.056651915636602,0.9999959090585542,1.0000456374080031
tess_200s,48,original_auto,256,0.8309743795004728,0.0609364347729703,0.0022852931267338117,18.77281380354702,0.7040349917834294,6.185453316539688,6.177510714524343,6.220099088137314,6.062856284807092,0.9987159224055403,1.0016890254711412
tess_200s,48,1024,1024,0.8309743795004728,0.0609364347729703,0.0022852931267338117,75.09125521418808,2.8161399671337177,6.185453316539688,6.182831994098948,6.220099088137314,6.062856284807092,0.9995762117493102,1.0001271241727308
tess_200s,48,4096,4096,0.8309743795004728,0.0609364347729703,0.0022852931267338117,300.3650208567523,11.264559868534871,6.185453316539688,6.185469592150753,6.220099088137314,6.062856284807092,1.0000026312721528,1.0000165156926388
tess_200s,48,8192,8192,0.8309743795004728,0.0609364347729703,0.0022852931267338117,600.7300417135046,22.529119737069742,6.185453316539688,6.185439869236192,6.220099088137314,6.062856284807092,0.9999978259793086,1.0000103829167644
tess_200s,49,original_auto,256,1.1591994126706364,0.08046973011146755,0.004283315380250272,17.771101920312002,0.9459362430298491,8.263659874535422,8.250627547658466,8.285799917981153,7.998175870286894,0.9984229352278745,1.001969130020819
tess_200s,49,1024,1024,1.1591994126706364,0.08046973011146755,0.004283315380250272,71.08440768124801,3.7837449721193965,8.263659874535422,8.262527645663694,8.285799917981153,7.998175870286894,0.9998629869949975,1.0001320190950598
tess_200s,49,4096,4096,1.1591994126706364,0.08046973011146755,0.004283315380250272,284.33763072499204,15.134979888477586,8.263659874535422,8.263544285237986,8.285799917981153,7.998175870286894,0.9999860123360361,1.0000102699198359
tess_200s,49,8192,8192,1.1591994126706364,0.08046973011146755,0.004283315380250272,568.6752614499841,30.269959776955172,8.263659874535422,8.26356551311283,8.285799917981153,7.998175870286894,0.9999885811584668,1.0000041315953934
tess_200s,50,original_auto,512,10.226296752858614,0.16787348231840163,0.01802106947186574,8.404921647026839,0.9022608860843045,10.063309608232906,9.987979921001775,10.067508910278,9.447967468245576,0.9925144221768252,1.0079999417168464
tess_200s,50,1024,1024,10.226296752858614,0.16787348231840163,0.01802106947186574,16.809843294053678,1.804521772168609,10.063309608232906,10.041677154782361,10.067508910278,9.447967468245576,0.9978503639167727,1.002110745362824
tess_200s,50,4096,4096,10.226296752858614,0.16787348231840163,0.01802106947186574,67.23937317621471,7.218087088674436,10.063309608232906,10.06008969816087,10.067508910278,9.447967468245576,0.9996800346806977,1.0001392752527503
tess_200s,50,8192,8192,10.226296752858614,0.16787348231840163,0.01802106947186574,134.47874635242943,14.436174177348873,10.063309608232906,10.063043719359218,10.067508910278,9.447967468245576,0.9999735783868291,1.0000386324696213
tess_200s,51,original_auto,256,3.094525651426456,0.09563410490161528,0.00691532576847094,7.911497144490662,0.5720823144291954,14.185267558376598,14.054130157402609,14.19782967227794,13.591310760752563,0.9907553805076768,1.0095763184463982
tess_200s,51,1024,1024,3.094525651426456,0.09563410490161528,0.00691532576847094,31.645988577962648,2.2883292577167818,14.185267558376598,14.172559584671296,14.19782967227794,13.591310760752563,0.9991041428261396,1.0006764328419993
tess_200s,51,4096,4096,3.094525651426456,0.09563410490161528,0.00691532576847094,126.58395431185059,9.153317030867127,14.185267558376598,14.185615982930862,14.19782967227794,13.591310760752563,1.0000245624238548,1.0000491365064483
tess_200s,51,8192,8192,3.094525651426456,0.09563410490161528,0.00691532576847094,253.16790862370118,18.306634061734254,14.185267558376598,14.18480335445809,14.19782967227794,13.591310760752563,0.9999672756318062,1.0000179185479436
tess_200s,52,original_auto,512,8.445826084673294,0.14818196049947685,0.004127433168393646,8.983036474479684,0.25021185151473463,5.994219098409588,5.966189577535245,6.038313838849603,5.894445853504379,0.995323907849518,1.0045727202515244
tess_200s,52,1024,1024,8.445826084673294,0.14818196049947685,0.004127433168393646,17.96607294895937,0.5004237030294693,5.994219098409588,5.986842156699673,6.038313838849603,5.894445853504379,0.9987693239788528,1.0018797625296594
tess_200s,52,4096,4096,8.445826084673294,0.14818196049947685,0.004127433168393646,71.86429179583747,2.001694812117877,5.994219098409588,5.99231930046601,6.038313838849603,5.894445853504379,0.9996830616444963,1.0001481593380885
tess_200s,52,8192,8192,8.445826084673294,0.14818196049947685,0.004127433168393646,143.72858359167495,4.003389624235754,5.994219098409588,5.993745660427487,6.038313838849603,5.894445853504379,0.9999210175713752,1.00006513018451
tess_200s,53,original_auto,256,2.0608154001319687,0.08657523933372589,0.012778265912868278,10.75460774798876,1.5873503631061756,8.108055583209127,8.080733878245404,8.139358872283392,7.519386956461722,0.9966303012253266,1.0057200859779978
tess_200s,53,1024,1024,2.0608154001319687,0.08657523933372589,0.012778265912868278,43.01843099195504,6.349401452424702,8.108055583209127,8.104970657429,8.139358872283392,7.519386956461722,0.9996195233556963,1.0003608435004105
tess_200s,53,4096,4096,2.0608154001319687,0.08657523933372589,0.012778265912868278,172.07372396782017,25.39760580969881,8.108055583209127,8.107755814978706,8.139358872283392,7.519386956461722,0.9999630283454097,1.0000252976935324
tess_200s,53,8192,8192,2.0608154001319687,0.08657523933372589,0.012778265912868278,344.14744793564034,50.79521161939762,8.108055583209127,8.107946106452513,8.139358872283392,7.519386956461722,0.9999864977792159,1.0000070433137016
tess_200s,54,original_auto,512,5.499242818579279,0.11120373033663125,0.01954286389423856,10.35348170842629,1.8195134573881506,10.037263042739816,10.009033813193124,10.103135570464124,9.322992529129095,0.9971875570634655,1.0056775574066383
tess_200s,54,1024,1024,5.499242818579279,0.11120373033663125,0.01954286389423856,20.70696341685258,3.6390269147763012,10.037263042739816,10.03347612350354,10.103135570464124,9.322992529129095,0.9996227139589596,1.0014213830419425
tess_200s,54,4096,4096,5.499242818579279,0.11120373033663125,0.01954286389423856,82.82785366741032,14.556107659105205,10.037263042739816,10.035397557126794,10.103135570464124,9.322992529129095,0.9998141439947246,1.0000906381361692
tess_200s,54,8192,8192,5.499242818579279,0.11120373033663125,0.01954286389423856,165.65570733482065,29.11221531821041,10.037263042739816,10.036243850842743,10.103135570464124,9.322992529129095,0.9998984591822757,1.0000236613001832
tess_200s,55,original_auto,512,5.6737663512633185,0.09343396262592504,0.01110802603693268,8.43146966279674,1.002386947013283,14.094039465325453,14.003711973601275,14.101663546107552,13.326267581055117,0.9935910856538749,1.0075774357635425
tess_200s,55,1024,1024,5.6737663512633185,0.09343396262592504,0.01110802603693268,16.86293932559348,2.004773894026566,14.094039465325453,14.069156921231674,14.101663546107552,13.326267581055117,0.9982345342401661,1.0020284386030445
tess_200s,55,4096,4096,5.6737663512633185,0.09343396262592504,0.01110802603693268,67.45175730237392,8.019095576106263,14.094039465325453,14.092707550421254,14.101663546107552,13.326267581055117,0.9999054980009474,1.000158143540475
tess_200s,55,8192,8192,5.6737663512633185,0.09343396262592504,0.01110802603693268,134.90351460474784,16.038191152212526,14.094039465325453,14.093765266742421,14.101663546107552,13.326267581055117,0.9999805450677426,1.0000526207301066
tess_200s,56,original_auto,256,2.2921607733966,0.09485816532431897,0.00565284757071189,10.594235188416246,0.6313383401801437,6.106294304573233,6.064287746790087,6.118493694285118,5.888812021579776,0.9931207773998567,1.0049268723510738
tess_200s,56,1024,1024,2.2921607733966,0.09485816532431897,0.00565284757071189,42.37694075366498,2.5253533607205747,6.106294304573233,6.104353402520976,6.118493694285118,5.888812021579776,0.9996821473130105,1.000361504176362
tess_200s,56,4096,4096,2.2921607733966,0.09485816532431897,0.00565284757071189,169.50776301465993,10.101413442882299,6.106294304573233,6.106166391395058,6.118493694285118,5.888812021579776,0.9999790522415404,1.0000247082708176
tess_200s,56,8192,8192,2.2921607733966,0.09485816532431897,0.00565284757071189,339.01552602931986,20.202826885764598,6.106294304573233,6.106258410130455,6.118493694285118,5.888812021579776,0.9999941217306295,1.0000078280556879
tess_200s,57,original_auto,512,4.43059667060656,0.1368689785404536,0.01247197845260476,15.816586844299355,1.441262530190866,8.126300693896749,8.1080907807586,8.126315558334815,7.718199111476466,0.99775913865065,1.0023065916276328
tess_200s,57,1024,1024,4.43059667060656,0.1368689785404536,0.01247197845260476,31.63317368859871,2.882525060381732,8.126300693896749,8.121513409601299,8.126315558334815,7.718199111476466,0.9994108900869192,1.000625031171792
tess_200s,57,4096,4096,4.43059667060656,0.1368689785404536,0.01247197845260476,126.53269475439484,11.530100241526927,8.126300693896749,8.125946431190911,8.126315558334815,7.718199111476466,0.9999564054150614,1.000040423656332
tess_200s,57,8192,8192,4.43059667060656,0.1368689785404536,0.01247197845260476,253.06538950878968,23.060200483053855,8.126300693896749,8.126219754300099,8.126315558334815,7.718199111476466,0.9999900397979722,1.0000117946335911
tess_200s,58,original_auto,256,0.8601991914337261,0.07345014777259924,0.003910832275937762,21.859167059254435,1.1638851473126526,10.386666122879625,10.373879162462202,10.414455254873443,10.04357150602193,0.9987689061854742,1.0013637857020126
tess_200s,58,1024,1024,0.8601991914337261,0.07345014777259924,0.003910832275937762,87.43666823701774,4.65554058925061,10.386666122879625,10.386147273019013,10.414455254873443,10.04357150602193,0.9999500465448227,1.000091078315903
tess_200s,58,4096,4096,0.8601991914337261,0.07345014777259924,0.003910832275937762,349.74667294807097,18.62216235700244,10.386666122879625,10.38664988856508,10.414455254873443,10.04357150602193,0.9999984370042945,1.0000078871673121
tess_200s,58,8192,8192,0.8601991914337261,0.07345014777259924,0.003910832275937762,699.4933458961419,37.24432471400488,10.386666122879625,10.38670070602788,10.414455254873443,10.04357150602193,1.0000033295715725,1.00000368031034
tess_200s,59,original_auto,512,4.472712035206515,0.12715442156245638,0.003147327519116866,14.5556126411728,0.36028067022951815,14.100059717973839,14.092261659415097,14.208159490183016,13.916767393419327,0.9994469485438561,1.0027259765168435
tess_200s,59,1024,1024,4.472712035206515,0.12715442156245638,0.003147327519116866,29.1112252823456,0.7205613404590363,14.100059717973839,14.091952750403205,14.208159490183016,13.916767393419327,0.9994250401960852,1.0007388409910494
tess_200s,59,4096,4096,4.472712035206515,0.12715442156245638,0.003147327519116866,116.4449011293824,2.882245361836145,14.100059717973839,14.099744901916106,14.208159490183016,13.916767393419327,0.999977672714582,1.0001186292772046
tess_200s,59,8192,8192,4.472712035206515,0.12715442156245638,0.003147327519116866,232.8898022587648,5.76449072367229,14.100059717973839,14.100026762567666,14.208159490183016,13.916767393419327,0.9999976627470498,1.0000865838845094
tess_200s,60,original_auto,256,0.9230807165826564,0.08098944545160408,0.007740687650473421,22.460980565564768,2.146741886080505,6.24588129859361,6.238032875415478,6.246317530163311,5.906068877905762,0.9987434242178284,1.0013275731146967
tess_200s,60,1024,1024,0.9230807165826564,0.08098944545160408,0.007740687650473421,89.84392226225907,8.58696754432202,6.24588129859361,6.245358388383497,6.246317530163311,5.906068877905762,0.9999162791950225,1.000084728981815
tess_200s,60,4096,4096,0.9230807165826564,0.08098944545160408,0.007740687650473421,359.3756890490363,34.34787017728808,6.24588129859361,6.24582441026949,6.246317530163311,5.906068877905762,0.9999908918659512,1.00000635962648
tess_200s,60,8192,8192,0.9230807165826564,0.08098944545160408,0.007740687650473421,718.7513780980726,68.69574035457616,6.24588129859361,6.245866994184977,6.246317530163311,5.906068877905762,0.9999977097853852,1.0000022490714877
tess_200s,61,original_auto,512,4.823624326837686,0.12560647276332104,0.00691485125959216,13.332405199345535,0.7339717202297623,8.090981120691472,8.071448877988372,8.112596731154763,7.809068943911405,0.9975859240787067,1.0030400780160313
tess_200s,61,1024,1024,4.823624326837686,0.12560647276332104,0.00691485125959216,26.66481039869107,1.4679434404595246,8.090981120691472,8.084047356306595,8.112596731154763,7.809068943911405,0.9991430255142797,1.0009490405797656
tess_200s,61,4096,4096,4.823624326837686,0.12560647276332104,0.00691485125959216,106.65924159476428,5.8717737618380985,8.090981120691472,8.090216063986865,8.112596731154763,7.809068943911405,0.9999054432715644,1.0000630188766526
tess_200s,61,8192,8192,4.823624326837686,0.12560647276332104,0.00691485125959216,213.31848318952856,11.743547523676197,8.090981120691472,8.091024663553412,8.112596731154763,7.809068943911405,1.000005381654127,1.000018200027431
tess_200s,62,original_auto,256,1.6025232082609255,0.09670416375997101,0.009136029001037403,15.448304146196005,1.4594630593860105,10.264969465164784,10.237189686330561,10.265374024188716,9.709649356591061,0.9972937300078197,1.0027855093969709
tess_200s,62,1024,1024,1.6025232082609255,0.09670416375997101,0.009136029001037403,61.79321658478402,5.837852237544042,10.264969465164784,10.263333798526416,10.265374024188716,9.709649356591061,0.9998406554794032,1.0001799955845543
tess_200s,62,4096,4096,1.6025232082609255,0.09670416375997101,0.009136029001037403,247.17286633913608,23.351408950176168,10.264969465164784,10.264840128081792,10.265374024188716,9.709649356591061,0.9999874001492717,1.0000127505918848
tess_200s,62,8192,8192,1.6025232082609255,0.09670416375997101,0.009136029001037403,494.34573267827216,46.702817900352336,10.264969465164784,10.264937889936439,10.265374024188716,9.709649356591061,0.9999969239822435,1.000004554579819
tess_200s,63,original_auto,256,1.0360912512417044,0.06298783614581628,0.012063517271619386,15.56319101623924,2.9806838131616638,14.234603527995219,14.216714758985537,14.367835636099917,13.127031663823757,0.9987432899711959,1.0026705956372775
tess_200s,63,1024,1024,1.0360912512417044,0.06298783614581628,0.012063517271619386,62.25276406495696,11.922735252646655,14.234603527995219,14.233495040357958,14.367835636099917,13.127031663823757,0.999922127255945,1.0001751825669736
tess_200s,63,4096,4096,1.0360912512417044,0.06298783614581628,0.012063517271619386,249.01105625982785,47.69094101058662,14.234603527995219,14.234774369737464,14.367835636099917,13.127031663823757,1.000012001861654,1.0000125993263036
tess_200s,63,8192,8192,1.0360912512417044,0.06298783614581628,0.012063517271619386,498.0221125196557,95.38188202117324,14.234603527995219,14.235021771647084,14.367835636099917,13.127031663823757,1.0000293821778066,1.0000042626498302
tess_200s,64,original_auto,256,0.84164957973807,0.058362255132843946,0.0024177271274577923,17.75173144939698,0.7353869823374887,6.179795981905254,6.172853226330537,6.211765185847052,6.030806213214257,0.9988765396794578,1.0019895753161043
tess_200s,64,1024,1024,0.84164957973807,0.058362255132843946,0.0024177271274577923,71.00692579758793,2.9415479293499547,6.179795981905254,6.1793261371918655,6.211765185847052,6.030806213214257,0.999923970837425,1.000144237603334
tess_200s,64,4096,4096,0.84164957973807,0.058362255132843946,0.0024177271274577923,284.0277031903517,11.766191717399819,6.179795981905254,6.179708269844509,6.211765185847052,6.030806213214257,0.9999858066413516,1.0000180957654363
tess_200s,64,8192,8192,0.84164957973807,0.058362255132843946,0.0024177271274577923,568.0554063807034,23.532383434799637,6.179795981905254,6.179716172491817,6.211765185847052,6.030806213214257,0.9999870854290869,1.000011747820705
tess_200s,65,original_auto,256,0.9841972327414281,0.07883346983128198,0.003933996002539353,20.50541050658523,1.0232735300879108,8.283089116389144,8.276105349408558,8.30849104917079,8.026871291960099,0.999156864440011,1.0015362731110513
tess_200s,65,1024,1024,0.9841972327414281,0.07883346983128198,0.003933996002539353,82.02164202634091,4.093094120351643,8.283089116389144,8.282978586748987,8.30849104917079,8.026871291960099,0.9999866559880494,1.0001000424806978
tess_200s,65,4096,4096,0.9841972327414281,0.07883346983128198,0.003933996002539353,328.08656810536365,16.372376481406572,8.283089116389144,8.283044406806981,8.30849104917079,8.026871291960099,0.9999946023057902,1.0000078454271595
tess_200s,65,8192,8192,0.9841972327414281,0.07883346983128198,0.003933996002539353,656.1731362107273,32.744752962813145,8.283089116389144,8.283124617254588,8.30849104917079,8.026871291960099,1.0000042859451281,1.0000028811861716
tess_200s,66,original_auto,256,0.8557605295090565,0.06784701156610908,0.004280411344577181,20.296373064656645,1.2804812402838937,10.342865701671439,10.328049993223546,10.35921656079756,9.948098340186935,0.9985675431862662,1.0015321223412212
tess_200s,66,1024,1024,0.8557605295090565,0.06784701156610908,0.004280411344577181,81.18549225862658,5.121924961135575,10.342865701671439,10.341835977010858,10.35921656079756,9.948098340186935,0.9999004410682414,1.0001045711422187
tess_200s,66,4096,4096,0.8557605295090565,0.06784701156610908,0.004280411344577181,324.7419690345063,20.4876998445423,10.342865701671439,10.342854843159792,10.35921656079756,9.948098340186935,0.9999989501447702,1.0000087022833892
tess_200s,66,8192,8192,0.8557605295090565,0.06784701156610908,0.004280411344577181,649.4839380690127,40.9753996890846,10.342865701671439,10.342810254678731,10.35921656079756,9.948098340186935,0.9999946391073512,1.000003686546323
tess_200s,67,original_auto,256,2.666601637267485,0.10757919529305464,0.0026482993201757954,10.327854603450632,0.2542429347113603,14.178620073117477,14.117856371466344,14.297274541606171,13.895928136500952,0.995714413579193,1.004061094141206
tess_200s,67,1024,1024,2.666601637267485,0.10757919529305464,0.0026482993201757954,41.31141841380253,1.0169717388454411,14.178620073117477,14.1962987978241,14.297274541606171,13.895928136500952,1.0012468579181513,1.0004312766890517
tess_200s,67,4096,4096,2.666601637267485,0.10757919529305464,0.0026482993201757954,165.2456736552101,4.0678869553817645,14.178620073117477,14.180011067879526,14.297274541606171,13.895928136500952,1.0000981050874398,1.0000799076188658
tess_200s,67,8192,8192,2.666601637267485,0.10757919529305464,0.0026482993201757954,330.4913473104202,8.135773910763529,14.178620073117477,14.179595757060268,14.297274541606171,13.895928136500952,1.0000688137447622,1.0000614391459572
tess_200s,68,original_auto,256,2.3126753875358723,0.09026031331722024,0.013176921986454489,9.991302858041063,1.4586102514484538,6.085830670783684,6.058500498685973,6.107362059943144,5.66886038355273,0.9955092125338098,1.0056812652201577
tess_200s,68,1024,1024,2.3126753875358723,0.09026031331722024,0.013176921986454489,39.96521143216425,5.834441005793815,6.085830670783684,6.084316110969129,6.107362059943144,5.66886038355273,0.9997511334283706,1.0004038047118757
tess_200s,68,4096,4096,2.3126753875358723,0.09026031331722024,0.013176921986454489,159.860845728657,23.33776402317526,6.085830670783684,6.085300191866547,6.107362059943144,5.66886038355273,0.9999128337698115,1.0000266875253956
tess_200s,68,8192,8192,2.3126753875358723,0.09026031331722024,0.013176921986454489,319.721691457314,46.67552804635052,6.085830670783684,6.085840697116643,6.107362059943144,5.66886038355273,1.0000016474879931,1.0000078171104156
tess_200s,69,original_auto,256,2.7340214310466187,0.10838653045150312,0.00549178876593337,10.148768945444187,0.5142234468662328,8.112741969592372,8.07696966621872,8.137489165742844,7.86742820815637,0.9955906025967876,1.0041170265560528
tess_200s,69,1024,1024,2.7340214310466187,0.10838653045150312,0.00549178876593337,40.59507578177675,2.056893787464931,8.112741969592372,8.110193708583965,8.137489165742844,7.86742820815637,0.9996858939902245,1.0003762271517291
tess_200s,69,4096,4096,2.7340214310466187,0.10838653045150312,0.00549178876593337,162.380303127107,8.227575149859724,8.112741969592372,8.11274387812332,8.137489165742844,7.86742820815637,1.0000002352510353,1.0000267528710027
tess_200s,69,8192,8192,2.7340214310466187,0.10838653045150312,0.00549178876593337,324.760606254214,16.45515029971945,8.112741969592372,8.112800870909421,8.137489165742844,7.86742820815637,1.0000072603464119,1.0000083245404432
tess_200s,70,original_auto,256,2.1937865477340144,0.10252311847789931,0.005020884042261475,11.963752060314125,0.5859030889521069,10.198852772136961,10.170204241215274,10.234611033198147,9.870778746444017,0.9971910045608311,1.0042601801203184
tess_200s,70,1024,1024,2.1937865477340144,0.10252311847789931,0.005020884042261475,47.8550082412565,2.3436123558084274,10.198852772136961,10.199315828360085,10.234611033198147,9.870778746444017,1.0000454027755346,1.0003095158667972
tess_200s,70,4096,4096,2.1937865477340144,0.10252311847789931,0.005020884042261475,191.420032965026,9.37444942323371,10.198852772136961,10.19942077232595,10.234611033198147,9.870778746444017,1.000055692556965,1.0000219831068295
tess_200s,70,8192,8192,2.1937865477340144,0.10252311847789931,0.005020884042261475,382.840065930052,18.74889884646742,10.198852772136961,10.199244179982873,10.234611033198147,9.870778746444017,1.0000383776346866,1.0000080107802587
tess_200s,71,original_auto,512,9.145381390466026,0.14557684900203918,0.004441634012957704,8.150053399276104,0.24866285150284598,14.027301670921405,13.968596412450628,14.128680758712466,13.757860475883906,0.9958149286407326,1.00964145654117
tess_200s,71,1024,1024,9.145381390466026,0.14557684900203918,0.004441634012957704,16.300106798552207,0.49732570300569195,14.027301670921405,14.02195247148659,14.128680758712466,13.757860475883906,0.9996186579885208,1.002467547826856
tess_200s,71,4096,4096,9.145381390466026,0.14557684900203918,0.004441634012957704,65.20042719420883,1.9893028120227678,14.027301670921405,14.023641703214698,14.128680758712466,13.757860475883906,0.9997390825553931,1.0002804926862614
tess_200s,71,8192,8192,9.145381390466026,0.14557684900203918,0.004441634012957704,130.40085438841766,3.9786056240455356,14.027301670921405,14.027920239569726,14.128680758712466,13.757860475883906,1.000044097479532,1.000172148432086
tess_200s,72,original_auto,256,3.0363542428807624,0.0973577182250656,0.014660388946070427,8.208388703015883,1.2360414068923946,6.067158130380044,6.037421171184176,6.092107004860034,5.644397152903547,0.9950987004859877,1.0063445670787792
tess_200s,72,1024,1024,3.0363542428807624,0.0973577182250656,0.014660388946070427,32.83355481206353,4.9441656275695784,6.067158130380044,6.063922313223376,6.092107004860034,5.644397152903547,0.9994666667511986,1.0006174458654886
tess_200s,72,4096,4096,3.0363542428807624,0.0973577182250656,0.014660388946070427,131.33421924825413,19.776662510278314,6.067158130380044,6.066263248589285,6.092107004860034,5.644397152903547,0.9998525039612405,1.0000403608577433
tess_200s,72,8192,8192,3.0363542428807624,0.0973577182250656,0.014660388946070427,262.66843849650826,39.55332502055663,6.067158130380044,6.067304831484649,6.092107004860034,5.644397152903547,1.0000241795419622,1.0000111276317818
tess_200s,73,original_auto,256,2.9741502261543045,0.0978502981591027,0.0031550173408702795,8.422465048485641,0.2715681380718821,8.071467019922615,8.026902469125766,8.126181147803983,7.947149213095453,0.9944787545204792,1.0077990961831917
tess_200s,73,1024,1024,2.9741502261543045,0.0978502981591027,0.0031550173408702795,33.689860193942565,1.0862725522875285,8.071467019922615,8.066962151248442,8.126181147803983,7.947149213095453,0.9994418773361702,1.0005803855138378
tess_200s,73,4096,4096,2.9741502261543045,0.0978502981591027,0.0031550173408702795,134.75944077577026,4.345090209150114,8.071467019922615,8.072084508616843,8.126181147803983,7.947149213095453,1.000076502659641,1.0000634408663407
tess_200s,73,8192,8192,2.9741502261543045,0.0978502981591027,0.0031550173408702795,269.5188815515405,8.690180418300228,8.071467019922615,8.07249829259769,8.126181147803983,7.947149213095453,1.0001277676874016,1.0000369214368328
tess_200s,74,original_auto,512,6.339778095048952,0.15288549487709965,0.014175025646989754,12.347021016115015,1.1447740003591902,10.113197957697531,10.076961220285957,10.11329053460999,9.631406342114802,0.9964168863733165,1.0034356800132507
tess_200s,74,1024,1024,6.339778095048952,0.15288549487709965,0.014175025646989754,24.69404203223003,2.2895480007183804,10.113197957697531,10.104152867250953,10.11329053460999,9.631406342114802,0.9991056152085213,1.000901653940179
tess_200s,74,4096,4096,6.339778095048952,0.15288549487709965,0.014175025646989754,98.77616812892012,9.158192002873522,10.113197957697531,10.112610888765074,10.11329053460999,9.631406342114802,0.9999419502184261,1.0000605858370335
tess_200s,74,8192,8192,6.339778095048952,0.15288549487709965,0.014175025646989754,197.55233625784024,18.316384005747043,10.113197957697531,10.113059119080818,10.11329053460999,9.631406342114802,0.9999862715416732,1.0000162443144995
tess_200s,75,original_auto,256,3.217876339195683,0.10942478365579285,0.01305822775973009,8.705351499891643,1.0388548079900646,14.195468536323409,14.096093939285096,14.21153871571311,13.29960131105068,0.9929995549788277,1.0064680397199914
tess_200s,75,1024,1024,3.217876339195683,0.10942478365579285,0.01305822775973009,34.82140599956657,4.155419231960258,14.195468536323409,14.18750743137262,14.21153871571311,13.29960131105068,0.9994391798389451,1.0005378645289256
tess_200s,75,4096,4096,3.217876339195683,0.10942478365579285,0.01305822775973009,139.2856239982663,16.621676927841033,14.195468536323409,14.193539063176393,14.21153871571311,13.29960131105068,0.9998640782343973,1.0000361492479728
tess_200s,75,8192,8192,3.217876339195683,0.10942478365579285,0.01305822775973009,278.5712479965326,33.24335385568207,14.195468536323409,14.194266073050532,14.21153871571311,13.29960131105068,0.9999152924561947,1.0000100113448993
tess_200s,76,original_auto,256,2.0106868593059937,0.05968581717043693,0.0041886448793353945,7.59917891983724,0.5332969100320138,6.076382778431165,5.989501500688735,6.08617401054471,5.863736228304737,0.9857018096274603,1.0128102227497982
tess_200s,76,1024,1024,2.0106868593059937,0.05968581717043693,0.0041886448793353945,30.39671567934896,2.1331876401280554,6.076382778431165,6.074262385481907,6.08617401054471,5.863736228304737,0.999651043552295,1.0007171137967414
tess_200s,76,4096,4096,2.0106868593059937,0.05968581717043693,0.0041886448793353945,121.58686271739585,8.532750560512222,6.076382778431165,6.076674810890514,6.08617401054471,5.863736228304737,1.000048060247354,1.0000712774312497
tess_200s,76,8192,8192,2.0106868593059937,0.05968581717043693,0.0041886448793353945,243.1737254347917,17.065501121024443,6.076382778431165,6.076248584551245,6.08617401054471,5.863736228304737,0.9999779154992678,1.0000376936292403
tess_200s,77,original_auto,512,4.097455662003382,0.10619088244424897,0.007470123525333855,13.269144634227063,0.9334337111779532,8.077247675133846,8.037751706423311,8.086479194618649,7.729257868239773,0.9951102194337652,1.0041200604974967
tess_200s,77,1024,1024,4.097455662003382,0.10619088244424897,0.007470123525333855,26.538289268454125,1.8668674223559063,8.077247675133846,8.068792878338135,8.086479194618649,7.729257868239773,0.9989532577016625,1.001014356239379
tess_200s,77,4096,4096,4.097455662003382,0.10619088244424897,0.007470123525333855,106.1531570738165,7.467469689423625,8.077247675133846,8.076343384199813,8.086479194618649,7.729257868239773,0.9998880446693722,1.0000685090253665
tess_200s,77,8192,8192,4.097455662003382,0.10619088244424897,0.007470123525333855,212.306314147633,14.93493937884725,8.077247675133846,8.077197058782527,8.086479194618649,7.729257868239773,0.999993733465488,1.0000200068892378
tess_200s,78,original_auto,256,1.6606240678609592,0.09099511476566745,0.004746278191937861,14.027707914661688,0.7316810834261773,10.236613103630155,10.21561273707678,10.265075809233636,9.926648497609627,0.9979485044183287,1.0030611944746253
tess_200s,78,1024,1024,1.6606240678609592,0.09099511476566745,0.004746278191937861,56.11083165864675,2.9267243337047093,10.236613103630155,10.233517242747668,10.265075809233636,9.926648497609627,0.9996975698064247,1.0002066143298596
tess_200s,78,4096,4096,1.6606240678609592,0.09099511476566745,0.004746278191937861,224.443326634587,11.706897334818837,10.236613103630155,10.236452882114598,10.265075809233636,9.926648497609627,0.9999843481907604,1.0000154149410907
tess_200s,78,8192,8192,1.6606240678609592,0.09099511476566745,0.004746278191937861,448.886653269174,23.413794669637674,10.236613103630155,10.236557643947458,10.265075809233636,9.926648497609627,0.9999945822234234,1.0000059937492676
tess_200s,79,original_auto,512,7.5603072822934,0.1423761965525144,0.008237791990580778,9.64201717112937,0.5578806973964575,14.134949923660312,14.084239470628615,14.16782346407112,13.692880636466654,0.9964124066016808,1.0056498732750283
tess_200s,79,1024,1024,7.5603072822934,0.1423761965525144,0.008237791990580778,19.28403434225874,1.115761394792915,14.134949923660312,14.108182525909413,14.16782346407112,13.692880636466654,0.9981062969522027,1.0016450422956802
tess_200s,79,4096,4096,7.5603072822934,0.1423761965525144,0.008237791990580778,77.13613736903496,4.46304557917166,14.134949923660312,14.133025664531697,14.16782346407112,13.692880636466654,0.9998638651612488,1.0001200589472004
tess_200s,79,8192,8192,7.5603072822934,0.1423761965525144,0.008237791990580778,154.2722747380699,8.92609115834332,14.134949923660312,14.134105021209498,14.16782346407112,13.692880636466654,0.9999402260032489,1.0000353632543164
tess_200s,80,original_auto,256,1.178337547382918,0.08429010593211135,0.008731606969945467,18.312466717661447,1.8969873185070023,6.183598002100314,6.173502698182414,6.18538304759751,5.836150534298833,0.9983674061744521,1.0019155074103527
tess_200s,80,1024,1024,1.178337547382918,0.08429010593211135,0.008731606969945467,73.24986687064579,7.587949274028009,6.183598002100314,6.183120609709378,6.18538304759751,5.836150534298833,0.9999227969879715,1.0001246860428101
tess_200s,80,4096,4096,1.178337547382918,0.08429010593211135,0.008731606969945467,292.99946748258316,30.351797096112037,6.183598002100314,6.183512578541312,6.18538304759751,5.836150534298833,0.9999861854604758,1.0000091144238807
tess_200s,80,8192,8192,1.178337547382918,0.08429010593211135,0.008731606969945467,585.9989349651663,60.703594192224074,6.183598002100314,6.183569171980185,6.18538304759751,5.836150534298833,0.9999953376464449,1.000003497817502
tess_200s,81,original_auto,256,1.805752392889076,0.08789061087724379,0.0052309636739823195,12.46017808043771,0.7415893263178601,8.18609736492009,8.156438487328202,8.20275400708691,7.893796122707771,0.9963769209832531,1.0039205132367295
tess_200s,81,1024,1024,1.805752392889076,0.08789061087724379,0.0052309636739823195,49.84071232175084,2.9663573052714405,8.18609736492009,8.184928626454688,8.20275400708691,7.893796122707771,0.9998572288584777,1.000266394111028
tess_200s,81,4096,4096,1.805752392889076,0.08789061087724379,0.0052309636739823195,199.36284928700337,11.865429221085762,8.18609736492009,8.18602775360332,8.20275400708691,7.893796122707771,0.9999914963976523,1.0000189696329744
tess_200s,81,8192,8192,1.805752392889076,0.08789061087724379,0.0052309636739823195,398.72569857400674,23.730858442171524,8.18609736492009,8.186125015998394,8.20275400708691,7.893796122707771,1.0000033778096047,1.0000063308408236
tess_200s,82,original_auto,512,8.602253340389685,0.15788975111664058,0.003908182736984622,9.39748567879982,0.23261225659804632,10.017970110214113,10.027199960507165,10.10286581974573,9.862892665656485,1.0009213293902366,1.0073400214833133
tess_200s,82,1024,1024,8.602253340389685,0.15788975111664058,0.003908182736984622,18.79497135759964,0.46522451319609265,10.017970110214113,10.01858688685926,10.10286581974573,9.862892665656485,1.000061567027887,1.0017272173687817
tess_200s,82,4096,4096,8.602253340389685,0.15788975111664058,0.003908182736984622,75.17988543039856,1.8608980527843706,10.017970110214113,10.015300089550296,10.10286581974573,9.862892665656485,0.9997334768786048,1.000169539833484
tess_200s,82,8192,8192,8.602253340389685,0.15788975111664058,0.003908182736984622,150.3597708607971,3.721796105568741,10.017970110214113,10.018854328287489,10.10286581974573,9.862892665656485,1.000088263197399,1.0000851177651007
tess_200s,83,original_auto,512,3.9950688013057345,0.12474149728860319,0.006108037175999857,15.986619952800451,0.7827937864523901,14.174280986241618,14.162255318578092,14.222632182990985,13.746065960657772,0.9991515853484774,1.0025274726327804
tess_200s,83,1024,1024,3.9950688013057345,0.12474149728860319,0.006108037175999857,31.973239905600902,1.5655875729047801,14.174280986241618,14.165768399154926,14.222632182990985,13.746065960657772,0.9993994342926492,1.0006445606885477
tess_200s,83,4096,4096,3.9950688013057345,0.12474149728860319,0.006108037175999857,127.89295962240361,6.2623502916191205,14.174280986241618,14.173864768590725,14.222632182990985,13.746065960657772,0.9999706357132826,1.0000449940059535
tess_200s,83,8192,8192,3.9950688013057345,0.12474149728860319,0.006108037175999857,255.78591924480722,12.524700583238241,14.174280986241618,14.174212964434114,14.222632182990985,13.746065960657772,0.9999952010399984,1.0000151035424987
tess_200s,84,original_auto,256,3.0092890087083353,0.1159003622482395,0.01153171008403523,9.859635498514201,0.9810017492404773,6.0969336671826095,6.06386106946364,6.097775203197602,5.765692383459097,0.9945755359129154,1.0055131155756625
tess_200s,84,1024,1024,3.0092890087083353,0.1159003622482395,0.01153171008403523,39.438541994056806,3.9240069969619094,6.0969336671826095,6.094200437297885,6.097775203197602,5.765692383459097,0.9995517041788667,1.0004315058972064
tess_200s,84,4096,4096,3.0092890087083353,0.1159003622482395,0.01153171008403523,157.75416797622722,15.696027987847637,6.0969336671826095,6.0970612183716035,6.097775203197602,5.765692383459097,1.0000209205472712,1.000028170459026
tess_200s,84,8192,8192,3.0092890087083353,0.1159003622482395,0.01153171008403523,315.50833595245444,31.392055975695275,6.0969336671826095,6.096888149926036,6.097775203197602,5.765692383459097,0.9999925344018717,1.000008034370978
tess_200s,85,original_auto,512,4.785118296698022,0.10829450164474144,0.00815754262645229,11.587338369538063,0.8728440063071552,8.1020704307782,8.063818579928192,8.107735512383293,7.762394354434325,0.99527875606898,1.0047235858890087
tess_200s,85,1024,1024,4.785118296698022,0.10829450164474144,0.00815754262645229,23.174676739076126,1.7456880126143104,8.1020704307782,8.09149364639722,8.107735512383293,7.762394354434325,0.9986945578329212,1.001278653960037
tess_200s,85,4096,4096,4.785118296698022,0.10829450164474144,0.00815754262645229,92.6987069563045,6.982752050457242,8.1020704307782,8.102003496020128,8.107735512383293,7.762394354434325,0.9999917385613166,1.0000812853024172
tess_200s,85,8192,8192,4.785118296698022,0.10829450164474144,0.00815754262645229,185.397413912609,13.965504100914483,8.1020704307782,8.10194062877785,8.107735512383293,7.762394354434325,0.9999839791567527,1.000023042577287
tess_200s,86,original_auto,256,1.0242643877985709,0.08145704942690472,0.008263780429086237,20.359005840383183,2.0654118360913967,10.363843640004145,10.349178366579462,10.366227640532967,9.775428447029308,0.9985849580586034,1.0016239546747139
tess_200s,86,1024,1024,1.0242643877985709,0.08145704942690472,0.008263780429086237,81.43602336153273,8.261647344365587,10.363843640004145,10.363077386442667,10.366227640532967,9.775428447029308,0.9999260647315712,1.0001043994210599
tess_200s,86,4096,4096,1.0242643877985709,0.08145704942690472,0.008263780429086237,325.74409344613093,33.04658937746235,10.363843640004145,10.363778058360076,10.366227640532967,9.775428447029308,0.9999936720731857,1.0000078885036212
tess_200s,86,8192,8192,1.0242643877985709,0.08145704942690472,0.008263780429086237,651.4881868922619,66.0931787549247,10.363843640004145,10.363807892083063,10.366227640532967,9.775428447029308,0.9999965507081809,1.0000028674549069
tess_200s,87,original_auto,512,4.920697168774611,0.09327383114503521,0.0046983754018176255,9.705169797748525,0.4888673542025097,14.093790862039574,14.077681020792278,14.15069881148766,13.74320995775098,0.9988569547111213,1.0057583087143767
tess_200s,87,1024,1024,4.920697168774611,0.09327383114503521,0.0046983754018176255,19.41033959549705,0.9777347084050194,14.093790862039574,14.083676699528846,14.15069881148766,13.74320995775098,0.9992823674900718,1.0019322423463015
tess_200s,87,4096,4096,4.920697168774611,0.09327383114503521,0.0046983754018176255,77.6413583819882,3.9109388336200777,14.093790862039574,14.092748559195458,14.15069881148766,13.74320995775098,0.9999260452454334,1.0002610607574043
tess_200s,87,8192,8192,4.920697168774611,0.09327383114503521,0.0046983754018176255,155.2827167639764,7.821877667240155,14.093790862039574,14.091749697340566,14.15069881148766,13.74320995775098,0.9998551727694139,1.0001767679617877
tess_200s,88,original_auto,256,3.224893343632552,0.0853368526478751,0.008173848521104962,6.774250168921311,0.6488602872818894,6.07341753438601,5.973553146187285,6.073520738958512,5.766133896448431,0.9835571344085401,1.0171021451506341
tess_200s,88,1024,1024,3.224893343632552,0.0853368526478751,0.008173848521104962,27.097000675685244,2.5954411491275575,6.07341753438601,6.067524828509618,6.073520738958512,5.766133896448431,0.9990297545256802,1.0009313341827
tess_200s,88,4096,4096,3.224893343632552,0.0853368526478751,0.008173848521104962,108.38800270274098,10.38176459651023,6.07341753438601,6.073030955095047,6.073520738958512,5.766133896448431,0.999936348968472,1.000059284053503
tess_200s,88,8192,8192,3.224893343632552,0.0853368526478751,0.008173848521104962,216.77600540548195,20.76352919302046,6.07341753438601,6.073304439594249,6.073520738958512,5.766133896448431,0.9999813787227503,1.0000168072258642
tess_200s,89,original_auto,512,3.8773784023596236,0.08842438287777715,0.0042252763139480135,11.676261467250738,0.5579392177520915,8.048654052249255,8.026585725647365,8.081809573054151,7.873117060210292,0.9972581345329754,1.0037754958566092
tess_200s,89,1024,1024,3.8773784023596236,0.08842438287777715,0.0042252763139480135,23.352522934501476,1.115878435504183,8.048654052249255,8.031822575312212,8.081809573054151,7.873117060210292,0.9979087836515549,1.001167430771524
tess_200s,89,4096,4096,3.8773784023596236,0.08842438287777715,0.0042252763139480135,93.4100917380059,4.463513742016732,8.048654052249255,8.04908804364175,8.081809573054151,7.873117060210292,1.0000539209897303,1.000120331565707
tess_200s,89,8192,8192,3.8773784023596236,0.08842438287777715,0.0042252763139480135,186.8201834760118,8.927027484033465,8.048654052249255,8.049709319855618,8.081809573054151,7.873117060210292,1.0001311110652182,1.0000680483438413
tess_200s,90,original_auto,256,1.6174314993134693,0.05531567596000828,0.003940627984446769,8.755123819322662,0.623705402328671,10.15447331370373,10.10950658964434,10.17011767580114,9.785201215791506,0.9955717325093851,1.005807548269128
tess_200s,90,1024,1024,1.6174314993134693,0.05531567596000828,0.003940627984446769,35.02049527729065,2.494821609314684,10.15447331370373,10.147813222945551,10.17011767580114,9.785201215791506,0.9993441224815479,1.0006119823286808
tess_200s,90,4096,4096,1.6174314993134693,0.05531567596000828,0.003940627984446769,140.0819811091626,9.979286437258736,10.15447331370373,10.15413136263384,10.17011767580114,9.785201215791506,0.9999663250806491,1.0000957587046975
tess_200s,90,8192,8192,1.6174314993134693,0.05531567596000828,0.003940627984446769,280.1639622183252,19.958572874517472,10.15447331370373,10.154374551963537,10.17011767580114,9.785201215791506,0.9999902740657105,1.000069783967944
tess_200s,91,original_auto,512,6.0725363250387066,0.08180430556851057,0.006337561670839216,6.897250540664397,0.5343453545251532,14.067584366871799,13.909302571522455,14.082007821010489,13.484153498568181,0.988748473709382,1.01130577467802
tess_200s,91,1024,1024,6.0725363250387066,0.08180430556851057,0.006337561670839216,13.794501081328795,1.0686907090503064,14.067584366871799,14.01333206849074,14.082007821010489,13.484153498568181,0.9961434531355065,1.0040219041399283
tess_200s,91,4096,4096,6.0725363250387066,0.08180430556851057,0.006337561670839216,55.17800432531518,4.2747628362012255,14.067584366871799,14.064036137620565,14.082007821010489,13.484153498568181,0.9997477726695146,1.000545845800104
tess_200s,91,8192,8192,6.0725363250387066,0.08180430556851057,0.006337561670839216,110.35600865063036,8.549525672402451,14.067584366871799,14.065622292354515,14.082007821010489,13.484153498568181,0.9998605251288271,1.0003872934603166
tess_200s,92,original_auto,256,1.6188468328406147,0.07712154611538953,0.002712343620972564,12.195789870309213,0.42892258420184975,6.1104671528499805,6.093685366758566,6.14768412965571,5.99531586166759,0.9972536001468256,1.00450007261442
tess_200s,92,1024,1024,1.6188468328406147,0.07712154611538953,0.002712343620972564,48.78315948123685,1.715690336807399,6.1104671528499805,6.10975988807271,6.14768412965571,5.99531586166759,0.9998842535669403,1.0002776260964956
tess_200s,92,4096,4096,1.6188468328406147,0.07712154611538953,0.002712343620972564,195.1326379249474,6.862761347229596,6.1104671528499805,6.110753159370735,6.14768412965571,5.99531586166759,1.0000468059992142,1.0000286178040838
tess_200s,92,8192,8192,1.6188468328406147,0.07712154611538953,0.002712343620972564,390.2652758498948,13.725522694459192,6.1104671528499805,6.110353627932329,6.14768412965571,5.99531586166759,0.9999814212375565,1.0000157457574022
tess_200s,93,original_auto,512,4.791876684646265,0.13170743799162704,0.01387011755263929,14.072609269721017,1.48198725766574,8.103017804240519,8.078077501675393,8.105753454228756,7.6400860028512,0.9969220970300628,1.0031214715968897
tess_200s,93,1024,1024,4.791876684646265,0.13170743799162704,0.01387011755263929,28.145218539442034,2.96397451533148,8.103017804240519,8.094411020551636,8.105753454228756,7.6400860028512,0.9989378298435456,1.0008223353092247
tess_200s,93,4096,4096,4.791876684646265,0.13170743799162704,0.01387011755263929,112.58087415776814,11.85589806132592,8.103017804240519,8.102324295336057,8.105753454228756,7.6400860028512,0.9999144135035593,1.0000544168059955
tess_200s,93,8192,8192,4.791876684646265,0.13170743799162704,0.01387011755263929,225.16174831553627,23.71179612265184,8.103017804240519,8.102858628154898,8.105753454228756,7.6400860028512,0.9999803559501576,1.0000147374012414
tess_200s,94,original_auto,256,1.809720222118489,0.07269296979102587,0.0031179494906974706,10.283026093789317,0.44105992730974286,10.165708224182735,10.135144647993643,10.215970311076747,9.911957507128127,0.9969934631690112,1.0065132761408888
tess_200s,94,1024,1024,1.809720222118489,0.07269296979102587,0.0031179494906974706,41.13210437515727,1.7642397092389714,10.165708224182735,10.166121799567676,10.215970311076747,9.911957507128127,1.0000406833814055,1.0004144731415108
tess_200s,94,4096,4096,1.809720222118489,0.07269296979102587,0.0031179494906974706,164.52841750062908,7.056958836955886,10.165708224182735,10.16820559250217,10.215970311076747,9.911957507128127,1.0002456659451915,1.0000604797068646
tess_200s,94,8192,8192,1.809720222118489,0.07269296979102587,0.0031179494906974706,329.05683500125815,14.113917673911772,10.165708224182735,10.165993380354841,10.215970311076747,9.911957507128127,1.0000280507925092,1.0000430445798683
tess_200s,95,original_auto,512,4.048308479544797,0.11589776921645822,0.014417859921617794,14.657889372476607,1.823463878103073,14.170587834663491,14.134420143384695,14.192279989165039,13.266093010033266,0.9974476929467722,1.003231537705331
tess_200s,95,1024,1024,4.048308479544797,0.11589776921645822,0.014417859921617794,29.315778744953214,3.646927756206146,14.170587834663491,14.163940822811314,14.192279989165039,13.266093010033266,0.999530928996755,1.0007980486053007
tess_200s,95,4096,4096,4.048308479544797,0.11589776921645822,0.014417859921617794,117.26311497981285,14.587711024824584,14.170587834663491,14.170082289527741,14.192279989165039,13.266093010033266,0.9999643243356134,1.0000512119977567
tess_200s,95,8192,8192,4.048308479544797,0.11589776921645822,0.014417859921617794,234.5262299596257,29.175422049649168,14.170587834663491,14.170258651065046,14.192279989165039,13.266093010033266,0.9999767699405073,1.0000140125109773
tess_200s,96,original_auto,256,1.299584193616929,0.08730769908676712,0.00421246834065532,17.198401670311938,0.8297976387404673,6.183983207933264,6.171365566464305,6.204722688226654,6.006390298064399,0.997959625528612,1.0021395380464106
tess_200s,96,1024,1024,1.299584193616929,0.08730769908676712,0.00421246834065532,68.79360668124775,3.319190554961869,6.183983207933264,6.183380242766281,6.204722688226654,6.006390298064399,0.999902495665543,1.0001442999923693
tess_200s,96,4096,4096,1.299584193616929,0.08730769908676712,0.00421246834065532,275.174426724991,13.276762219847477,6.183983207933264,6.184051107025973,6.204722688226654,6.006390298064399,1.0000109798313523,1.000010462987671
tess_200s,96,8192,8192,1.299584193616929,0.08730769908676712,0.00421246834065532,550.348853449982,26.553524439694954,6.183983207933264,6.1839495277094825,6.204722688226654,6.006390298064399,0.9999945536359578,1.0000032299862434
tess_200s,97,original_auto,512,5.605814948463577,0.10118069787249957,0.009941873240348342,9.241210740450537,0.9080283858555601,8.048867796290041,7.98572228966848,8.048952813019442,7.63826951693388,0.9921547342781967,1.008108339078829
tess_200s,97,1024,1024,5.605814948463577,0.10118069787249957,0.009941873240348342,18.482421480901074,1.8160567717111202,8.048867796290041,8.03460503750407,8.048952813019442,7.63826951693388,0.9982279794938929,1.0018528476285262
tess_200s,97,4096,4096,5.605814948463577,0.10118069787249957,0.009941873240348342,73.9296859236043,7.264227086844481,8.048867796290041,8.047985087973908,8.048952813019442,7.63826951693388,0.9998903313685261,1.0001269333237122
tess_200s,97,8192,8192,5.605814948463577,0.10118069787249957,0.009941873240348342,147.8593718472086,14.528454173688962,8.048867796290041,8.048608133182906,8.048952813019442,7.63826951693388,0.9999677391760299,1.0000360298612012
tess_200s,98,original_auto,512,6.9624106056304385,0.08440045819921375,0.0067414143958741055,6.206619667482905,0.495748436309726,10.059783408292551,9.942709784809422,10.06931273560237,9.635578833023539,0.9883622123129786,1.0142388138680098
tess_200s,98,1024,1024,6.9624106056304385,0.08440045819921375,0.0067414143958741055,12.41323933496581,0.991496872619452,10.059783408292551,10.016383654334122,10.06931273560237,9.635578833023539,0.9956858162649254,1.004494377267259
tess_200s,98,4096,4096,6.9624106056304385,0.08440045819921375,0.0067414143958741055,49.65295733986324,3.965987490477808,10.059783408292551,10.056636121761386,10.06931273560237,9.635578833023539,0.9996871417203107,1.0004171708072624
tess_200s,98,8192,8192,6.9624106056304385,0.08440045819921375,0.0067414143958741055,99.30591467972648,7.931974980955616,10.059783408292551,10.058214255512633,10.06931273560237,9.635578833023539,0.9998440172401103,1.00021842309401
tess_200s,99,original_auto,256,1.5613427537850306,0.0803553261079878,0.005251067090502291,13.175174658976344,0.8609725006951736,14.329011058748568,14.293469005063725,14.349354912625268,13.704198736316943,0.9975195738534138,1.0031159484910004
tess_200s,99,1024,1024,1.5613427537850306,0.0803553261079878,0.005251067090502291,52.700698635905376,3.4438900027806945,14.329011058748568,14.327419003231206,14.349354912625268,13.704198736316943,0.9998888928544452,1.0002439169649882
tess_200s,99,4096,4096,1.5613427537850306,0.0803553261079878,0.005251067090502291,210.8027945436215,13.775560011122778,14.329011058748568,14.329751979842047,14.349354912625268,13.704198736316943,1.000051707761997,1.0000195961316845
tess_200s,99,8192,8192,1.5613427537850306,0.0803553261079878,0.005251067090502291,421.605589087243,27.551120022245556,14.329011058748568,14.329201289978053,14.349354912625268,13.704198736316943,1.0000132759496594,1.0000082193114288
tess_200s,100,original_auto,512,9.365616644370409,0.16734739878153318,0.007991294729403547,9.14855598191152,0.43686850068906113,6.032748659142072,5.9933774720066255,6.056381846840793,5.8711475176000505,0.9934737564317745,1.0068101547737738
tess_200s,100,1024,1024,9.365616644370409,0.16734739878153318,0.007991294729403547,18.29711196382304,0.8737370013781223,6.032748659142072,6.025308701262611,6.056381846840793,5.8711475176000505,0.9987667382979422,1.0021553495557507
tess_200s,100,4096,4096,9.365616644370409,0.16734739878153318,0.007991294729403547,73.18844785529215,3.494948005512489,6.032748659142072,6.0300229828074805,6.056381846840793,5.8711475176000505,0.9995481866577582,1.0001382403546164
tess_200s,100,8192,8192,9.365616644370409,0.16734739878153318,0.007991294729403547,146.3768957105843,6.989896011024978,6.032748659142072,6.035980901834501,6.056381846840793,5.8711475176000505,1.0005357827542725,1.0000353748253572
tess_200s,101,original_auto,256,0.815522858710618,0.0644545270418819,0.009709944903923587,20.23285889105506,3.0480395109151512,8.256477177436167,8.248496462861834,8.290740698766788,7.6912418604770485,0.9990333995476735,1.0015204096923913
tess_200s,101,1024,1024,0.815522858710618,0.0644545270418819,0.009709944903923587,80.93143556422024,12.192158043660605,8.256477177436167,8.256502216419628,8.290740698766788,7.6912418604770485,1.0000030326473293,1.0001026411742815
tess_200s,101,4096,4096,0.815522858710618,0.0644545270418819,0.009709944903923587,323.72574225688095,48.76863217464242,8.256477177436167,8.256353696060616,8.290740698766788,7.6912418604770485,0.9999850443024431,1.0000073520841992
tess_200s,101,8192,8192,0.815522858710618,0.0644545270418819,0.009709944903923587,647.4514845137619,97.53726434928484,8.256477177436167,8.256374159661245,8.290740698766788,7.6912418604770485,0.9999875227929893,1.0000028650683646
tess_200s,102,original_auto,512,3.829993189961738,0.0838011441309961,0.02338021810730082,11.20267939575596,3.1255072991546515,9.885443644284583,9.865032855121132,10.090157295582479,9.019270967624353,0.997935268269396,1.0046538045705091
tess_200s,102,1024,1024,3.829993189961738,0.0838011441309961,0.02338021810730082,22.40535879151192,6.251014598309303,9.885443644284583,9.88048440633447,10.090157295582479,9.019270967624353,0.999498329247673,1.0012564999246139
tess_200s,102,4096,4096,3.829993189961738,0.0838011441309961,0.02338021810730082,89.62143516604768,25.004058393237212,9.885443644284583,9.883048761088217,10.090157295582479,9.019270967624353,0.999757736396813,1.0000860225533572
tess_200s,102,8192,8192,3.829993189961738,0.0838011441309961,0.02338021810730082,179.24287033209535,50.008116786474424,9.885443644284583,9.882961623940593,10.090157295582479,9.019270967624353,0.9997489217041438,1.0000227467121818
tess_200s,103,original_auto,512,7.274206213581132,0.16007324583450547,0.014828641803437029,11.266865340475228,1.0437241371003207,14.090011442063078,14.00696359882968,14.090154329136036,13.343139713906176,0.9941059066151305,1.0055935662640605
tess_200s,103,1024,1024,7.274206213581132,0.16007324583450547,0.014828641803437029,22.533730680950455,2.0874482742006415,14.090011442063078,14.068778714617627,14.090154329136036,13.343139713906176,0.9984930652801272,1.0013888437637752
tess_200s,103,4096,4096,7.274206213581132,0.16007324583450547,0.014828641803437029,90.13492272380182,8.349793096802566,14.090011442063078,14.088827927732623,14.090154329136036,13.343139713906176,0.9999160033094848,1.0000838826122966
tess_200s,103,8192,8192,7.274206213581132,0.16007324583450547,0.014828641803437029,180.26984544760364,16.699586193605132,14.090011442063078,14.089741988223313,14.090154329136036,13.343139713906176,0.9999808762511746,1.0000236882853875
tess_200s,104,original_auto,256,2.060705379860379,0.10515084389597061,0.009869061978419705,13.062816402795201,1.2260267242310123,6.155075636809524,6.132191977895676,6.1552430571100345,5.82381373375224,0.9962821482197561,1.0038355714561575
tess_200s,104,1024,1024,2.060705379860379,0.10515084389597061,0.009869061978419705,52.251265611180806,4.904106896924049,6.155075636809524,6.153693129090767,6.1552430571100345,5.82381373375224,0.9997753873712795,1.0002502468933492
tess_200s,104,4096,4096,2.060705379860379,0.10515084389597061,0.009869061978419705,209.00506244472322,19.616427587696197,6.155075636809524,6.1549718683951244,6.1552430571100345,5.82381373375224,0.999983141000936,1.0000168488554768
tess_200s,104,8192,8192,2.060705379860379,0.10515084389597061,0.009869061978419705,418.01012488944644,39.232855175392395,6.155075636809524,6.155053319630803,6.1552430571100345,5.82381373375224,0.9999963741828634,1.0000050366718356
tess_200s,105,original_auto,512,7.803982675296349,0.1642146915015857,0.01513675714563087,10.773719720696215,0.9930851952165187,8.080394706351031,8.043588227353045,8.080445395625617,7.6487278457157135,0.9954449652107888,1.00470868942581
tess_200s,105,1024,1024,7.803982675296349,0.1642146915015857,0.01513675714563087,21.54743944139243,1.9861703904330374,8.080394706351031,8.069809682836665,8.080445395625617,7.6487278457157135,0.9986900363287889,1.0013583263161119
tess_200s,105,4096,4096,7.803982675296349,0.1642146915015857,0.01513675714563087,86.18975776556972,7.94468156173215,8.080394706351031,8.079667883922939,8.080445395625617,7.6487278457157135,0.9999100511231808,1.000090216442831
tess_200s,105,8192,8192,7.803982675296349,0.1642146915015857,0.01513675714563087,172.37951553113945,15.8893631234643,8.080394706351031,8.080213051661008,8.080445395625617,7.6487278457157135,0.9999775190820963,1.0000234031493256
tess_200s,106,original_auto,256,0.8124735343706379,0.06074998268056562,0.0022613480489502742,19.141541118963044,0.7125217943002962,10.323582869400276,10.312893424719638,10.38188523762839,10.062626684390125,0.9989645605778665,1.0017499308607385
tess_200s,106,1024,1024,0.8124735343706379,0.06074998268056562,0.0022613480489502742,76.56616447585218,2.8500871772011847,10.323582869400276,10.322501109085769,10.38188523762839,10.062626684390125,0.999895214643192,1.00013351793383
tess_200s,106,4096,4096,0.8124735343706379,0.06074998268056562,0.0022613480489502742,306.2646579034087,11.400348708804739,10.323582869400276,10.323775809875281,10.38188523762839,10.062626684390125,1.0000186892939638,1.0000283459249195
tess_200s,106,8192,8192,0.8124735343706379,0.06074998268056562,0.0022613480489502742,612.5293158068174,22.800697417609477,10.323582869400276,10.32359670564857,10.38188523762839,10.062626684390125,1.0000013402564272,1.0000231940522102
tess_200s,107,original_auto,256,0.938642404475161,0.06296789998064586,0.01117169904018379,17.17350752340948,3.0469057658717063,14.314183836817236,14.292804980276129,14.419994907022755,13.204579163933195,0.998506456478076,1.0022291696126633
tess_200s,107,1024,1024,0.938642404475161,0.06296789998064586,0.01117169904018379,68.69403009363792,12.187623063486825,14.314183836817236,14.315800713336769,14.419994907022755,13.204579163933195,1.0001129562494073,1.00014606587384
tess_200s,107,4096,4096,0.938642404475161,0.06296789998064586,0.01117169904018379,274.7761203745517,48.7504922539473,14.314183836817236,14.314050080376726,14.419994907022755,13.204579163933195,0.9999906556711836,1.0000115931981661
tess_200s,107,8192,8192,0.938642404475161,0.06296789998064586,0.01117169904018379,549.5522407491034,97.5009845078946,14.314183836817236,14.314800782185806,14.419994907022755,13.204579163933195,1.0000431002826011,1.0000041987457928
tess_200s,108,original_auto,256,1.1284393045410803,0.06922551487569174,0.0024092750066850924,15.704638908677728,0.5465729518897047,6.150749484274047,6.135595043075618,6.187418208401096,6.023957949693901,0.9975361634810237,1.0024390349986523
tess_200s,108,1024,1024,1.1284393045410803,0.06922551487569174,0.0024092750066850924,62.81855563471091,2.1862918075588187,6.150749484274047,6.148399946565409,6.187418208401096,6.023957949693901,0.9996180079005582,1.0001734154519162
tess_200s,108,4096,4096,1.1284393045410803,0.06922551487569174,0.0024092750066850924,251.27422253884365,8.745167230235275,6.150749484274047,6.150785982623434,6.187418208401096,6.023957949693901,1.0000059339678002,1.0000198913684106
tess_200s,108,8192,8192,1.1284393045410803,0.06922551487569174,0.0024092750066850924,502.5484450776873,17.49033446047055,6.150749484274047,6.150794986870966,6.187418208401096,6.023957949693901,1.000007397894685,1.0000121977435668
tess_200s,109,original_auto,256,1.4795486843364725,0.09067743336129704,0.00440488520809925,15.689529642549394,0.7621585049626949,8.224217441763612,8.203144099292015,8.252265918398743,7.9883999949467785,0.9974376477007303,1.002425150282004
tess_200s,109,1024,1024,1.4795486843364725,0.09067743336129704,0.00440488520809925,62.758118570197574,3.0486340198507795,8.224217441763612,8.223284296633906,8.252265918398743,7.9883999949467785,0.9998865369092789,1.000173316073926
tess_200s,109,4096,4096,1.4795486843364725,0.09067743336129704,0.00440488520809925,251.0324742807903,12.194536079403118,8.224217441763612,8.224254315361778,8.252265918398743,7.9883999949467785,1.0000044835388202,1.0000128134388482
tess_200s,109,8192,8192,1.4795486843364725,0.09067743336129704,0.00440488520809925,502.0649485615806,24.389072158806236,8.224217441763612,8.224189655441469,8.252265918398743,7.9883999949467785,0.9999966214022988,1.0000047692013314
tess_200s,110,original_auto,512,6.3180234837322,0.11823843100953352,0.00898297112634968,9.581806214040842,0.727962032514342,10.06570567726979,9.992483390890406,10.072497897982622,9.619577712840856,0.9927255685068626,1.0065844824459538
tess_200s,110,1024,1024,6.3180234837322,0.11823843100953352,0.00898297112634968,19.163612428081684,1.455924065028684,10.06570567726979,10.048994766976701,10.072497897982622,9.619577712840856,0.9983398173134721,1.0017476916062653
tess_200s,110,4096,4096,6.3180234837322,0.11823843100953352,0.00898297112634968,76.65444971232674,5.823696260114736,10.06570567726979,10.064831133521986,10.072497897982622,9.619577712840856,0.9999131164991464,1.0001217640002076
tess_200s,110,8192,8192,6.3180234837322,0.11823843100953352,0.00898297112634968,153.30889942465348,11.647392520229472,10.06570567726979,10.065662059594414,10.072497897982622,9.619577712840856,0.9999956667046729,1.0000361464403833
tess_200s,111,original_auto,256,2.8052526398831956,0.06539444992016334,0.0047520256519060396,5.967726022800881,0.43365740026131805,14.116400231959718,13.9718666548797,14.136344359399644,13.611006436781507,0.9897613007066212,1.0089409406305445
tess_200s,111,1024,1024,2.8052526398831956,0.06539444992016334,0.0047520256519060396,23.870904091203524,1.7346296010452722,14.116400231959718,14.109282798389406,14.136344359399644,13.611006436781507,0.9994958039264006,1.001226491724293
tess_200s,111,4096,4096,2.8052526398831956,0.06539444992016334,0.0047520256519060396,95.4836163648141,6.938518404181089,14.116400231959718,14.116959195295799,14.136344359399644,13.611006436781507,1.0000395967333666,1.0002675217736046
tess_200s,111,8192,8192,2.8052526398831956,0.06539444992016334,0.0047520256519060396,190.9672327296282,13.877036808362178,14.116400231959718,14.116512931682959,14.136344359399644,13.611006436781507,1.0000079836021498,1.0002138728546341
tess_200s,112,original_auto,256,3.747700380986184,0.11861352483603949,0.003004863319212965,8.102318561025344,0.20525787323374475,6.041530850011674,5.992729215754142,6.092023295149822,5.9340238611703,0.9919223065363578,1.005867882667483
tess_200s,112,1024,1024,3.747700380986184,0.11861352483603949,0.003004863319212965,32.409274244101375,0.821031492934979,6.041530850011674,6.035855045433695,6.092023295149822,5.9340238611703,0.9990605353644816,1.0006212674857502
tess_200s,112,4096,4096,3.747700380986184,0.11861352483603949,0.003004863319212965,129.6370969764055,3.284125971739916,6.041530850011674,6.0423699530921775,6.092023295149822,5.9340238611703,1.0001388891493457,1.0000557078624939
tess_200s,112,8192,8192,3.747700380986184,0.11861352483603949,0.003004863319212965,259.274193952811,6.568251943479832,6.041530850011674,6.042284701271149,6.092023295149822,5.9340238611703,1.000124778185892,1.0000252782427723
tess_200s,113,original_auto,512,5.868306318976168,0.11001786383985286,0.009279244400069886,9.598876272674243,0.8095986941705311,8.06961976284008,8.013095823107163,8.071560063067508,7.694131729081644,0.9929954642976853,1.0065347925146522
tess_200s,113,1024,1024,5.868306318976168,0.11001786383985286,0.009279244400069886,19.197752545348486,1.6191973883410622,8.06961976284008,8.056347012193234,8.071560063067508,7.694131729081644,0.9983552198199019,1.0017349917463172
tess_200s,113,4096,4096,5.868306318976168,0.11001786383985286,0.009279244400069886,76.79101018139394,6.476789553364249,8.06961976284008,8.06929324136895,8.071560063067508,7.694131729081644,0.9999595369446483,1.000114648198655
tess_200s,113,8192,8192,5.868306318976168,0.11001786383985286,0.009279244400069886,153.5820203627879,12.953579106728498,8.06961976284008,8.069349003317408,8.071560063067508,7.694131729081644,0.9999664470531908,1.0000326214868285
tess_200s,114,original_auto,512,8.75180637168764,0.14278670565822343,0.004399537146896684,8.35333760736676,0.25738263891420315,10.021598183323785,10.016202703849421,10.091236447653081,9.814906365362665,0.9994616148666444,1.008683375148965
tess_200s,114,1024,1024,8.75180637168764,0.14278670565822343,0.004399537146896684,16.70667521473352,0.5147652778284063,10.021598183323785,10.010450533101928,10.091236447653081,9.814906365362665,0.9988876374787798,1.0022535369084562
tess_200s,114,4096,4096,8.75180637168764,0.14278670565822343,0.004399537146896684,66.82670085893407,2.0590611113136252,10.021598183323785,10.012796898719616,10.091236447653081,9.814906365362665,0.9991217683603784,1.0002149146983486
tess_200s,114,8192,8192,8.75180637168764,0.14278670565822343,0.004399537146896684,133.65340171786815,4.1181222226272505,10.021598183323785,10.02033866165229,10.091236447653081,9.814906365362665,0.9998743192803726,1.000105824092579
tess_200s,115,original_auto,512,5.189375102766729,0.14408247209034836,0.013153663285251853,14.215627941585407,1.297781615065432,14.202618992196236,14.159806042750663,14.202653881749843,13.432001141587076,0.9969855595317246,1.0031863190218178
tess_200s,115,1024,1024,5.189375102766729,0.14408247209034836,0.013153663285251853,28.431255883170813,2.595563230130864,14.202618992196236,14.192140937383865,14.202653881749843,13.432001141587076,0.9992622448846844,1.0007924158529784
tess_200s,115,4096,4096,5.189375102766729,0.14408247209034836,0.013153663285251853,113.72502353268325,10.382252920523456,14.202618992196236,14.201914858422715,14.202653881749843,13.432001141587076,0.9999504222584646,1.000052068969882
tess_200s,115,8192,8192,5.189375102766729,0.14408247209034836,0.013153663285251853,227.4500470653665,20.764505841046912,14.202618992196236,14.202434517236803,14.202653881749843,13.432001141587076,0.9999870112012768,1.0000139258046536
tess_200s,116,original_auto,512,9.656317822369216,0.15958460528211363,0.018415800197626078,8.461539834072587,0.9764477386340973,6.040947349390028,5.994031011764301,6.046677804101167,5.685995381146814,0.9922336125590526,1.0080937727258377
tess_200s,116,1024,1024,9.656317822369216,0.15958460528211363,0.018415800197626078,16.923079668145174,1.9528954772681946,6.040947349390028,6.029470726767986,6.046677804101167,5.685995381146814,0.9981001948935707,1.0023471422077124
tess_200s,116,4096,4096,9.656317822369216,0.15958460528211363,0.018415800197626078,67.6923186725807,7.811581909072778,6.040947349390028,6.040248795660597,6.046677804101167,5.685995381146814,0.9998843635461412,1.0001499318495075
tess_200s,116,8192,8192,9.656317822369216,0.15958460528211363,0.018415800197626078,135.3846373451614,15.623163818145557,6.040947349390028,6.041130281306616,6.046677804101167,5.685995381146814,1.0000302819915499,1.0000385039501516
tess_200s,117,original_auto,512,7.737084680699145,0.16458162716575322,0.014999614011020526,10.891155594958688,0.9925963965213497,8.053421873155221,8.022848400021925,8.053435362857387,7.604185692342665,0.996203666762422,1.004094928869295
tess_200s,117,1024,1024,7.737084680699145,0.16458162716575322,0.014999614011020526,21.782311189917376,1.9851927930426994,8.053421873155221,8.044621119836906,8.053435362857387,7.604185692342665,0.9989072032414381,1.0012869197884202
tess_200s,117,4096,4096,7.737084680699145,0.16458162716575322,0.014999614011020526,87.1292447596695,7.940771172170797,8.053421873155221,8.052678865314915,8.053435362857387,7.604185692342665,0.9999077401069993,1.0000882219252851
tess_200s,117,8192,8192,7.737084680699145,0.16458162716575322,0.014999614011020526,174.258489519339,15.881542344341595,8.053421873155221,8.05323044212093,8.053435362857387,7.604185692342665,0.9999762298514462,1.000023308030411
tess_200s,118,original_auto,512,9.779306315901888,0.17802046830769297,0.016197525692634454,9.320342039529713,0.8480287749186854,10.07251296586482,10.020968683132642,10.072523044466072,9.539388299637741,0.9948826789395199,1.005166670333127
tess_200s,118,1024,1024,9.779306315901888,0.17802046830769297,0.016197525692634454,18.640684079059426,1.696057549837371,10.07251296586482,10.056085774982229,10.072523044466072,9.539388299637741,0.9983691070005805,1.0017065448958142
tess_200s,118,4096,4096,9.779306315901888,0.17802046830769297,0.016197525692634454,74.5627363162377,6.784230199349484,10.07251296586482,10.071592400412628,10.072523044466072,9.539388299637741,0.9999086061784868,1.0001183991571578
tess_200s,118,8192,8192,9.779306315901888,0.17802046830769297,0.016197525692634454,149.1254726324754,13.568460398698967,10.07251296586482,10.072136306593068,10.072523044466072,9.539388299637741,0.9999626052333683,1.0000322988436734
tess_200s,119,original_auto,256,3.3530498910586926,0.12462137597005116,0.011407803972528635,9.514642872868205,0.870967600200319,14.2755989771832,14.18514920091,14.275661965250816,13.522999300985871,0.9936640293400111,1.0064076095820789
tess_200s,119,1024,1024,3.3530498910586926,0.12462137597005116,0.011407803972528635,38.05857149147282,3.483870400801276,14.2755989771832,14.269268401439971,14.275661965250816,13.522999300985871,0.9995565457005798,1.0004419966584412
tess_200s,119,4096,4096,3.3530498910586926,0.12462137597005116,0.011407803972528635,152.23428596589127,13.935481603205105,14.2755989771832,14.275169825401157,14.275661965250816,13.522999300985871,0.9999699380892718,1.0000293439433012
tess_200s,119,8192,8192,3.3530498910586926,0.12462137597005116,0.011407803972528635,304.46857193178255,27.87096320641021,14.2755989771832,14.275487354300324,14.275661965250816,13.522999300985871,0.999992180861689,1.0000078056275172
tess_200s,120,original_auto,256,1.4021190101689687,0.08026692510850483,0.004884631600443071,14.655198794645091,0.8918399084844681,6.167611502505369,6.150589052813841,6.178940022392864,5.94424020328492,0.9972400256266769,1.002737082221894
tess_200s,120,1024,1024,1.4021190101689687,0.08026692510850483,0.004884631600443071,58.620795178580366,3.5673596339378726,6.167611502505369,6.166195844158534,6.178940022392864,5.94424020328492,0.9997704689495667,1.0001915454149377
tess_200s,120,4096,4096,1.4021190101689687,0.08026692510850483,0.004884631600443071,234.48318071432146,14.26943853575149,6.167611502505369,6.167389477971608,6.178940022392864,5.94424020328492,0.9999640015371152,1.0000136644482718
tess_200s,120,8192,8192,1.4021190101689687,0.08026692510850483,0.004884631600443071,468.9663614286429,28.53887707150298,6.167611502505369,6.167552107613488,6.178940022392864,5.94424020328492,0.9999903698714069,1.0000047844551072
tess_200s,121,original_auto,256,1.5944022035597596,0.08744584610766767,0.00234332921394461,14.040457642107036,0.37624902764839646,8.157805816094871,8.144322408654313,8.222519233245174,8.031875709341827,0.9983471772012572,1.0032327237575358
tess_200s,121,1024,1024,1.5944022035597596,0.08744584610766767,0.00234332921394461,56.161830568428144,1.5049961105935858,8.157805816094871,8.156235487475211,8.222519233245174,8.031875709341827,0.9998075060065095,1.0002264045617328
tess_200s,121,4096,4096,1.5944022035597596,0.08744584610766767,0.00234332921394461,224.64732227371258,6.019984442374343,8.157805816094871,8.157840013893464,8.222519233245174,8.031875709341827,1.0000041920339076,1.0000290867507078
tess_200s,121,8192,8192,1.5944022035597596,0.08744584610766767,0.00234332921394461,449.29464454742515,12.039968884748687,8.157805816094871,8.157780132641733,8.222519233245174,8.031875709341827,0.9999968516714276,1.0000190321260114
tess_200s,122,original_auto,512,7.239142174359399,0.15498454688691568,0.015379829324457979,10.961531918403411,1.087763221727208,10.124406932642977,10.078540310530455,10.125636918691749,9.560935326065527,0.9954696978877213,1.0048082868242938
tess_200s,122,1024,1024,7.239142174359399,0.15498454688691568,0.015379829324457979,21.923063836806822,2.175526443454416,10.124406932642977,10.111817506705057,10.125636918691749,9.560935326065527,0.998756527071494,1.0012680253564905
tess_200s,122,4096,4096,7.239142174359399,0.15498454688691568,0.015379829324457979,87.69225534722729,8.702105773817664,10.124406932642977,10.12369517534336,10.125636918691749,9.560935326065527,0.9999296988648964,1.0000870187455728
tess_200s,122,8192,8192,7.239142174359399,0.15498454688691568,0.015379829324457979,175.38451069445458,17.404211547635327,10.124406932642977,10.124251927604488,10.125636918691749,9.560935326065527,0.9999846899636177,1.0000230262286953
tess_200s,123,original_auto,256,3.0755911153340114,0.08469963411535453,0.00377727311574564,7.050061441985911,0.31440522532718684,14.10765618897783,14.000463526835986,14.176497749107638,13.732573462674598,0.9924018092937655,1.0142827040919826
tess_200s,123,1024,1024,3.0755911153340114,0.08469963411535453,0.00377727311574564,28.200245767943645,1.2576209013087474,14.10765618897783,14.095562216477022,14.176497749107638,13.732573462674598,0.9991427369409345,1.0009721256324307
tess_200s,123,4096,4096,3.0755911153340114,0.08469963411535453,0.00377727311574564,112.80098307177458,5.0304836052349895,14.10765618897783,14.100904570652544,14.176497749107638,13.732573462674598,0.9995214216851585,1.0001739190980068
tess_200s,123,8192,8192,3.0755911153340114,0.08469963411535453,0.00377727311574564,225.60196614354916,10.060967210469979,14.10765618897783,14.110852996281512,14.176497749107638,13.732573462674598,1.0002266008797536,1.0001332223685908
tess_200s,124,original_auto,256,3.135693723867811,0.11645105359307587,0.0055731504177941316,9.507136967144742,0.4549954914587325,6.0833913992352135,6.050846658100959,6.1052125169417675,5.902740995523251,0.9946502306035501,1.0064033020832601
tess_200s,124,1024,1024,3.135693723867811,0.11645105359307587,0.0055731504177941316,38.02854786857897,1.81998196583493,6.0833913992352135,6.080816839640631,6.1052125169417675,5.902740995523251,0.9995767887637632,1.0004632815916261
tess_200s,124,4096,4096,3.135693723867811,0.11645105359307587,0.0055731504177941316,152.11419147431587,7.27992786333972,6.0833913992352135,6.083067811431169,6.1052125169417675,5.902740995523251,0.9999468079919887,1.0000307270042454
tess_200s,124,8192,8192,3.135693723867811,0.11645105359307587,0.0055731504177941316,304.22838294863175,14.55985572667944,6.0833913992352135,6.083198753576172,6.1052125169417675,5.902740995523251,0.9999683325227,1.0000093688827205
tess_200s,125,original_auto,256,2.3280317602895426,0.10797455720705122,0.010435967726792138,11.873328842200708,1.1475821694659842,8.185919547128371,8.15310006296315,8.186495830507623,7.751185455262004,0.9959907394671702,1.0043372712109844
tess_200s,125,1024,1024,2.3280317602895426,0.10797455720705122,0.010435967726792138,47.49331536880283,4.590328677863937,8.185919547128371,8.184411308975054,8.186495830507623,7.751185455262004,0.9998157521406564,1.0002875950074666
tess_200s,125,4096,4096,2.3280317602895426,0.10797455720705122,0.010435967726792138,189.97326147521133,18.361314711455748,8.185919547128371,8.185670690203786,8.186495830507623,7.751185455262004,0.9999695993928168,1.000019378779169
tess_200s,125,8192,8192,2.3280317602895426,0.10797455720705122,0.010435967726792138,379.94652295042266,36.722629422911496,8.185919547128371,8.185873936399984,8.186495830507623,7.751185455262004,0.9999944281484658,1.000005958793205
tess_200s,126,original_auto,256,3.1013418854313533,0.10309930942436378,0.006347051696791291,8.510323655905538,0.5239168380665575,10.145778858826057,10.042758935320936,10.165292069296761,9.78541841884513,0.9898460310500952,1.0081452136847928
tess_200s,126,1024,1024,3.1013418854313533,0.10309930942436378,0.006347051696791291,34.04129462362215,2.09566735226623,10.145778858826057,10.140040505159623,10.165292069296761,9.78541841884513,0.9994344097435711,1.0005727902560573
tess_200s,126,4096,4096,3.1013418854313533,0.10309930942436378,0.006347051696791291,136.1651784944886,8.38266940906492,10.145778858826057,10.145486308791815,10.165292069296761,9.78541841884513,0.9999711653448875,1.0000405835501625
tess_200s,126,8192,8192,3.1013418854313533,0.10309930942436378,0.006347051696791291,272.3303569889772,16.76533881812984,10.145778858826057,10.145776226836745,10.165292069296761,9.78541841884513,0.9999997405828227,1.000013118028294
tess_200s,127,original_auto,512,8.691646825026806,0.14691666652894286,0.008774446055363525,8.65443969101756,0.5168774653165074,14.06977594776737,14.003098263097938,14.099945190578847,13.59974392185268,0.9952609277562794,1.0062302098182647
tess_200s,127,1024,1024,8.691646825026806,0.14691666652894286,0.008774446055363525,17.30887938203512,1.0337549306330147,14.06977594776737,14.033312658388855,14.099945190578847,13.59974392185268,0.9974083958753941,1.002182495958831
tess_200s,127,4096,4096,8.691646825026806,0.14691666652894286,0.008774446055363525,69.23551752814048,4.135019722532059,14.06977594776737,14.068731638037548,14.099945190578847,13.59974392185268,0.9999257763781243,1.0001554078620363
tess_200s,127,8192,8192,8.691646825026806,0.14691666652894286,0.008774446055363525,138.47103505628095,8.270039445064118,14.06977594776737,14.069618493479577,14.099945190578847,13.59974392185268,0.9999888090408563,1.0000480267393983
tess_gap,0,original_auto,256,1.1846323363450073,0.08631702008775287,0.008499725612222321,18.65317741590776,1.8367975362232605,6.1872977053757685,6.18181185193731,6.207956963287857,5.893322754892122,0.9991133684364836,1.001693894420862
tess_gap,0,1024,1024,1.1846323363450073,0.08631702008775287,0.008499725612222321,74.61270966363104,7.347190144893042,6.1872977053757685,6.187686131532875,6.207956963287857,5.893322754892122,1.0000627779970517,1.000112487828038
tess_gap,0,4096,4096,1.1846323363450073,0.08631702008775287,0.008499725612222321,298.45083865452415,29.388760579572168,6.1872977053757685,6.18711733995707,6.207956963287857,5.893322754892122,0.9999708490802792,1.0000078725191333
tess_gap,0,8192,8192,1.1846323363450073,0.08631702008775287,0.008499725612222321,596.9016773090483,58.777521159144335,6.1872977053757685,6.187286749126093,6.207956963287857,5.893322754892122,0.9999982292350882,1.0000024293400884
tess_gap,1,original_auto,256,2.278801887363587,0.08737590789387331,0.013650051900319475,9.815786332663624,1.5334432123560224,8.086863731079449,8.080302632308422,8.134712022229943,7.5995098717848775,0.999188672025496,1.006766708835729
tess_gap,1,1024,1024,2.278801887363587,0.08737590789387331,0.013650051900319475,39.263145330654496,6.13377284942409,8.086863731079449,8.08383318250679,8.134712022229943,7.5995098717848775,0.9996252504464727,1.0004039212114122
tess_gap,1,4096,4096,2.278801887363587,0.08737590789387331,0.013650051900319475,157.05258132261798,24.53509139769636,8.086863731079449,8.087270167434498,8.134712022229943,7.5995098717848775,1.0000502588356335,1.0000283427153809
tess_gap,1,8192,8192,2.278801887363587,0.08737590789387331,0.013650051900319475,314.10516264523596,49.07018279539272,8.086863731079449,8.086759329309862,8.134712022229943,7.5995098717848775,0.9999870899556295,1.000008599660874
tess_gap,2,original_auto,256,0.9607640443878516,0.06297294762270933,0.0050525333131251834,16.779431625883845,1.3462707474488853,10.259852344418654,10.259873870858149,10.330981058321385,9.854677662338368,1.000002098123713,1.0024082074778728
tess_gap,2,1024,1024,0.9607640443878516,0.06297294762270933,0.0050525333131251834,67.11772650353538,5.385082989795541,10.259852344418654,10.25981699290057,10.330981058321385,9.854677662338368,0.999996554383348,1.0001632928897077
tess_gap,2,4096,4096,0.9607640443878516,0.06297294762270933,0.0050525333131251834,268.4709060141415,21.540331959182165,10.259852344418654,10.259716615980974,10.330981058321385,9.854677662338368,0.9999867709170538,1.000015939715123
tess_gap,2,8192,8192,0.9607640443878516,0.06297294762270933,0.0050525333131251834,536.941812028283,43.08066391836433,10.259852344418654,10.260017936870646,10.330981058321385,9.854677662338368,1.0000161398474787,1.000007628368552
tess_gap,3,original_auto,512,3.8064243838833787,0.10913400045012729,0.006868533984126297,14.679552933469523,0.9238826376697593,14.153915120115533,14.126813274122117,14.188059653254882,13.729923012920056,0.9980852049935711,1.0024543025122694
tess_gap,3,1024,1024,3.8064243838833787,0.10913400045012729,0.006868533984126297,29.359105866939046,1.8477652753395186,14.153915120115533,14.149526554805945,14.188059653254882,13.729923012920056,0.9996899398313226,1.000692812857212
tess_gap,3,4096,4096,3.8064243838833787,0.10913400045012729,0.006868533984126297,117.43642346775619,7.3910611013580745,14.153915120115533,14.150452740534822,14.188059653254882,13.729923012920056,0.999755376547667,1.0000586361811064
tess_gap,3,8192,8192,3.8064243838833787,0.10913400045012729,0.006868533984126297,234.87284693551237,14.782122202716149,14.153915120115533,14.15218372686206,14.188059653254882,13.729923012920056,0.9998776738987919,1.0000293571479268
tess_gap,4,original_auto,512,8.926795053885927,0.17014263798394078,0.016006407281301496,9.758600944899756,0.918054069635986,6.028080998142759,5.999805057267656,6.032052053028449,5.721392803014294,0.9953092964603802,1.007065025057206
tess_gap,4,1024,1024,8.926795053885927,0.17014263798394078,0.016006407281301496,19.517201889799512,1.836108139271972,6.028080998142759,6.02339744825121,6.032052053028449,5.721392803014294,0.9992230446317838,1.0017103335132134
tess_gap,4,4096,4096,8.926795053885927,0.17014263798394078,0.016006407281301496,78.06880755919805,7.344432557087888,6.028080998142759,6.0284984095394325,6.032052053028449,5.721392803014294,1.000069244490378,1.0000940829319667
tess_gap,4,8192,8192,8.926795053885927,0.17014263798394078,0.016006407281301496,156.1376151183961,14.688865114175776,6.028080998142759,6.027866363534555,6.032052053028449,5.721392803014294,0.999964394206337,1.0000237809561459
tess_gap,5,original_auto,512,8.943921092447688,0.1601400973731026,0.003953936320462745,9.167313643259101,0.22634539987012592,8.011387505250855,7.973534221309664,8.070063505004182,7.869792872668949,0.9952750651598887,1.0063762654072435
tess_gap,5,1024,1024,8.943921092447688,0.1601400973731026,0.003953936320462745,18.334627286518202,0.45269079974025184,8.011387505250855,8.009124795345176,8.070063505004182,7.869792872668949,0.9997175632929757,1.002586763599466
tess_gap,5,4096,4096,8.943921092447688,0.1601400973731026,0.003953936320462745,73.33850914607281,1.8107631989610073,8.011387505250855,8.007771812849168,8.070063505004182,7.869792872668949,0.9995486808746528,1.0002782811529038
tess_gap,5,8192,8192,8.943921092447688,0.1601400973731026,0.003953936320462745,146.67701829214562,3.6215263979220147,8.011387505250855,8.007578193098498,8.070063505004182,7.869792872668949,0.9995245128075678,1.000179692195346
tess_gap,6,original_auto,256,1.7301632339891637,0.05321962736026552,0.004322116351538709,7.8745313370318115,0.6395129455171623,10.084496982119733,10.052306751568894,10.16215836752586,9.742931418938321,0.996807948814114,1.0109100417475523
tess_gap,6,1024,1024,1.7301632339891637,0.05321962736026552,0.004322116351538709,31.498125348127246,2.5580517820686492,10.084496982119733,10.076733720898988,10.16215836752586,9.742931418938321,0.9992301786361273,1.0009269232151135
tess_gap,6,4096,4096,1.7301632339891637,0.05321962736026552,0.004322116351538709,125.99250139250898,10.232207128274597,10.084496982119733,10.085249061807412,10.16215836752586,9.742931418938321,1.0000745778087903,1.0002841252267218
tess_gap,6,8192,8192,1.7301632339891637,0.05321962736026552,0.004322116351538709,251.98500278501797,20.464414256549194,10.084496982119733,10.084817610293236,10.16215836752586,9.742931418938321,1.0000317941662407,1.0002488712949176
tess_gap,7,original_auto,256,2.1525518768623284,0.1005429621266351,0.01078626743598976,11.957434606378495,1.282795779880748,14.299180987857756,14.299965901197485,14.344160192549749,13.487785439313582,1.0000548921886083,1.0038618812894669
tess_gap,7,1024,1024,2.1525518768623284,0.1005429621266351,0.01078626743598976,47.82973842551398,5.131183119522992,14.299180987857756,14.301738355864321,14.344160192549749,13.487785439313582,1.000178847166753,1.000289012597677
tess_gap,7,4096,4096,2.1525518768623284,0.1005429621266351,0.01078626743598976,191.31895370205592,20.52473247809197,14.299180987857756,14.298504302180794,14.344160192549749,13.487785439313582,0.9999526766129097,1.000018892975985
tess_gap,7,8192,8192,2.1525518768623284,0.1005429621266351,0.01078626743598976,382.63790740411184,41.04946495618394,14.299180987857756,14.299137863077958,14.344160192549749,13.487785439313582,0.9999969841084021,1.00000707709771
tess_gap,8,original_auto,256,0.9684706791856799,0.07393127060533433,0.004194202323188852,19.542569209095205,1.1086714526444512,6.197009964202055,6.1956776871763575,6.234077574381557,6.015024981104572,0.9997850129282682,1.001612370319286
tess_gap,8,1024,1024,0.9684706791856799,0.07393127060533433,0.004194202323188852,78.17027683638082,4.434685810577805,6.197009964202055,6.195600059600159,6.234077574381557,6.015024981104572,0.9997724863103271,1.000099983104248
tess_gap,8,4096,4096,0.9684706791856799,0.07393127060533433,0.004194202323188852,312.6811073455233,17.73874324231122,6.197009964202055,6.1969758035887335,6.234077574381557,6.015024981104572,0.9999944875652099,1.000008751449612
tess_gap,8,8192,8192,0.9684706791856799,0.07393127060533433,0.004194202323188852,625.3622146910466,35.47748648462244,6.197009964202055,6.19697461459941,6.234077574381557,6.015024981104572,0.9999942957002088,1.0000027752222624
tess_gap,9,original_auto,1024,10.68976803549326,0.1521321297138367,0.009768627180218467,14.573122663627604,0.935761580544169,8.0192824836843,8.015899647569032,8.04747891957254,7.690930856438646,0.9995781622455437,1.0033206932193692
tess_gap,9,1024,1024,10.68976803549326,0.1521321297138367,0.009768627180218467,14.573122663627604,0.935761580544169,8.0192824836843,8.015899647569032,8.04747891957254,7.690930856438646,0.9995781622455437,1.0033206932193692
tess_gap,9,4096,4096,10.68976803549326,0.1521321297138367,0.009768627180218467,58.29249065451042,3.743046322176676,8.0192824836843,8.01878509492272,8.04747891957254,7.690930856438646,0.9999379759021343,1.0002251855386077
tess_gap,9,8192,8192,10.68976803549326,0.1521321297138367,0.009768627180218467,116.58498130902083,7.486092644353352,8.0192824836843,8.018348089331301,8.04747891957254,7.690930856438646,0.9998834815515103,1.0000689080892275
tess_gap,10,original_auto,256,1.7084440952614384,0.09518057166372189,0.004598796610124772,14.262232175752938,0.6891018181146771,10.247276557446433,10.216161652722008,10.29382964941086,9.976961345030752,0.9969635927604769,1.004300845432772
tess_gap,10,1024,1024,1.7084440952614384,0.09518057166372189,0.004598796610124772,57.048928703011754,2.7564072724587083,10.247276557446433,10.243549039686762,10.29382964941086,9.976961345030752,0.9996362430799272,1.0002682588570975
tess_gap,10,4096,4096,1.7084440952614384,0.09518057166372189,0.004598796610124772,228.19571481204702,11.025629089834833,10.247276557446433,10.248277127332432,10.29382964941086,9.976961345030752,1.0000976425180281,1.000022802135768
tess_gap,10,8192,8192,1.7084440952614384,0.09518057166372189,0.004598796610124772,456.39142962409403,22.051258179669667,10.247276557446433,10.247698153466361,10.29382964941086,9.976961345030752,1.0000411422505837,1.0000090204111507
tess_gap,11,original_auto,256,2.917081352393782,0.07428276650630457,0.004216878695390239,6.518977679525103,0.37006885157112157,14.091021486490773,13.936945482039462,14.168877042335923,13.869703620683467,0.9890656610949728,1.012462886906225
tess_gap,11,1024,1024,2.917081352393782,0.07428276650630457,0.004216878695390239,26.075910718100413,1.4802754062844863,14.091021486490773,14.0867968076337,14.168877042335923,13.869703620683467,0.9997001864725618,1.0009993559253558
tess_gap,11,4096,4096,2.917081352393782,0.07428276650630457,0.004216878695390239,104.30364287240165,5.921101625137945,14.091021486490773,14.09041820434124,14.168877042335923,13.869703620683467,0.9999571867695958,1.000492930610331
tess_gap,11,8192,8192,2.917081352393782,0.07428276650630457,0.004216878695390239,208.6072857448033,11.84220325027589,14.091021486490773,14.090854515317888,14.168877042335923,13.869703620683467,0.999988150527409,1.0004652399436607
tess_gap,12,original_auto,512,9.629710525130807,0.15753040554673636,0.008718171208320677,8.37570012405263,0.4635345628522466,6.034684974804211,5.9862595436871775,6.047962891067493,5.840626247526428,0.9919754831744793,1.006590943940279
tess_gap,12,1024,1024,9.629710525130807,0.15753040554673636,0.008718171208320677,16.75140024810526,0.9270691257044932,6.034684974804211,6.022223540556081,6.047962891067493,5.840626247526428,0.9979350315219173,1.002071633287196
tess_gap,12,4096,4096,9.629710525130807,0.15753040554673636,0.008718171208320677,67.00560099242104,3.7082765028179727,6.034684974804211,6.032579813809164,6.047962891067493,5.840626247526428,0.9996511564391785,1.0001327326782117
tess_gap,12,8192,8192,9.629710525130807,0.15753040554673636,0.008718171208320677,134.01120198484207,7.416553005635945,6.034684974804211,6.033862242824659,6.047962891067493,5.840626247526428,0.9998636661262374,1.0000362896800563
tess_gap,13,original_auto,256,1.269366753486854,0.06464968308766703,0.0028054753232551813,13.038248264325729,0.5657952524599222,8.13742134793011,8.116576255920206,8.21794304788504,7.90823398841173,0.9974383663916818,1.0040800415024904
tess_gap,13,1024,1024,1.269366753486854,0.06464968308766703,0.0028054753232551813,52.152993057302915,2.263181009839689,8.13742134793011,8.137226534282822,8.21794304788504,7.90823398841173,0.9999760595354527,1.000352728619862
tess_gap,13,4096,4096,1.269366753486854,0.06464968308766703,0.0028054753232551813,208.61197222921166,9.052724039358756,8.13742134793011,8.137478740139832,8.21794304788504,7.90823398841173,1.000007052874279,1.0000829528381672
tess_gap,13,8192,8192,1.269366753486854,0.06464968308766703,0.0028054753232551813,417.2239444584233,18.10544807871751,8.13742134793011,8.137344392079484,8.21794304788504,7.90823398841173,0.9999905429684252,1.0000689013219233
tess_gap,14,original_auto,256,3.381671959416534,0.11743169789673338,0.005818453345697534,8.889837637223293,0.4404697068120019,10.136695055660331,10.107124513088504,10.178460366690679,9.833223860442255,0.9970828221220569,1.0062778178094045
tess_gap,14,1024,1024,3.381671959416534,0.11743169789673338,0.005818453345697534,35.55935054889317,1.7618788272480077,10.136695055660331,10.136416553864745,10.178460366690679,9.833223860442255,0.9999725253848462,1.0005094556004874
tess_gap,14,4096,4096,3.381671959416534,0.11743169789673338,0.005818453345697534,142.23740219557268,7.047515308992031,10.136695055660331,10.134371778124926,10.178460366690679,9.833223860442255,0.9997708052257025,1.0000394217721646
tess_gap,14,8192,8192,3.381671959416534,0.11743169789673338,0.005818453345697534,284.47480439114537,14.095030617984062,10.136695055660331,10.136308408909308,10.178460366690679,9.833223860442255,0.9999618567246129,1.0000160555140334
tess_gap,15,original_auto,256,2.505231742680641,0.10598135418125358,0.011279739216598667,10.829827120651935,1.1526331836908081,14.228661526226908,14.198599841139123,14.266272458159374,13.55728262778907,0.9978872443460424,1.0049302842805963
tess_gap,15,1024,1024,2.505231742680641,0.10598135418125358,0.011279739216598667,43.31930848260774,4.6105327347632326,14.228661526226908,14.228778633463468,14.266272458159374,13.55728262778907,1.0000082303761562,1.0003354237384816
tess_gap,15,4096,4096,2.505231742680641,0.10598135418125358,0.011279739216598667,173.27723393043095,18.44213093905293,14.228661526226908,14.228493121117697,14.266272458159374,13.55728262778907,0.9999881643744986,1.0000229126914613
tess_gap,15,8192,8192,2.505231742680641,0.10598135418125358,0.011279739216598667,346.5544678608619,36.88426187810586,14.228661526226908,14.22856430693054,14.266272458159374,13.55728262778907,0.9999931673617938,1.000007160180765
tess_gap,16,original_auto,512,9.742367892163267,0.16206757299527097,0.01817331755780892,8.517292540381941,0.9550797806642953,6.035789001407848,6.0031636971141715,6.046024150710679,5.625839674307506,0.9945946910526416,1.0101266537476579
tess_gap,16,1024,1024,9.742367892163267,0.16206757299527097,0.01817331755780892,17.034585080763883,1.9101595613285907,6.035789001407848,6.028861770441219,6.046024150710679,5.625839674307506,0.9988523073014955,1.0023246004473245
tess_gap,16,4096,4096,9.742367892163267,0.16206757299527097,0.01817331755780892,68.13834032305553,7.640638245314363,6.035789001407848,6.034465699853293,6.046024150710679,5.625839674307506,0.9997807574860144,1.0001479291873987
tess_gap,16,8192,8192,9.742367892163267,0.16206757299527097,0.01817331755780892,136.27668064611106,15.281276490628725,6.035789001407848,6.03585946426765,6.046024150710679,5.625839674307506,1.0000116741754534,1.0000398418393348
tess_gap,17,original_auto,1024,10.879602765191374,0.15654590727701156,0.00463070406283618,14.73427040595081,0.43584688363029944,8.011812311548404,8.0090403822847,8.066198392457931,7.858622552296273,0.9996540196954304,1.0025000422320098
tess_gap,17,1024,1024,10.879602765191374,0.15654590727701156,0.00463070406283618,14.73427040595081,0.43584688363029944,8.011812311548404,8.0090403822847,8.066198392457931,7.858622552296273,0.9996540196954304,1.0025000422320098
tess_gap,17,4096,4096,10.879602765191374,0.15654590727701156,0.00463070406283618,58.93708162380324,1.7433875345211978,8.011812311548404,8.01746482506816,8.066198392457931,7.858622552296273,1.000705522458584,1.0003228083425795
tess_gap,17,8192,8192,10.879602765191374,0.15654590727701156,0.00463070406283618,117.87416324760648,3.4867750690423955,8.011812311548404,8.011976180488473,8.066198392457931,7.858622552296273,1.0000204534172414,1.0001836090916918
tess_gap,18,original_auto,256,2.13597453515922,0.09944671907865349,0.005101479790883275,11.918849998011597,0.6114205974692334,10.185421911279773,10.148171735153657,10.227902645005676,9.886182911430184,0.9963427949818294,1.0043029427631158
tess_gap,18,1024,1024,2.13597453515922,0.09944671907865349,0.005101479790883275,47.67539999204639,2.4456823898769335,10.185421911279773,10.182808767809638,10.227902645005676,9.886182911430184,0.9997434427858858,1.0003067532831227
tess_gap,18,4096,4096,2.13597453515922,0.09944671907865349,0.005101479790883275,190.70159996818555,9.782729559507734,10.185421911279773,10.185094524629147,10.227902645005676,9.886182911430184,0.9999678573304593,1.0000257755610238
tess_gap,18,8192,8192,2.13597453515922,0.09944671907865349,0.005101479790883275,381.4031999363711,19.56545911901547,10.185421911279773,10.185450314594014,10.227902645005676,9.886182911430184,1.0000027886242209,1.000011717265669
tess_gap,19,original_auto,256,1.0450951638771642,0.04989959445449362,0.007257023987826693,12.223093763977843,1.7776353820177,14.189998199122053,14.181279282462947,14.32027273600881,13.442926947412897,0.9993855590017168,1.0031988828970386
tess_gap,19,1024,1024,1.0450951638771642,0.04989959445449362,0.007257023987826693,48.89237505591137,7.1105415280708,14.189998199122053,14.185463367177487,14.32027273600881,13.442926947412897,0.9996804205412199,1.000282999063111
tess_gap,19,4096,4096,1.0450951638771642,0.04989959445449362,0.007257023987826693,195.5695002236455,28.4421661122832,14.189998199122053,14.189384645913501,14.32027273600881,13.442926947412897,0.9999567615724863,1.0000379248348954
tess_gap,19,8192,8192,1.0450951638771642,0.04989959445449362,0.007257023987826693,391.139000447291,56.8843322245664,14.189998199122053,14.189878262482777,14.32027273600881,13.442926947412897,0.9999915478044752,1.0000247099335224
tess_gap,20,original_auto,256,1.5211878888672574,0.08790633300716054,0.004650122317216565,14.793715762876978,0.7825669149219217,6.142679623140971,6.132021973396995,6.179308100800863,5.946054539310275,0.9982649836231363,1.002932114445491
tess_gap,20,1024,1024,1.5211878888672574,0.08790633300716054,0.004650122317216565,59.17486305150791,3.1302676596876866,6.142679623140971,6.1422595277086165,6.179308100800863,5.946054539310275,0.9999316103951161,1.0002187110566183
tess_gap,20,4096,4096,1.5211878888672574,0.08790633300716054,0.004650122317216565,236.69945220603165,12.521070638750746,6.142679623140971,6.1425607045460895,6.179308100800863,5.946054539310275,0.999980640599514,1.0000172233785702
tess_gap,20,8192,8192,1.5211878888672574,0.08790633300716054,0.004650122317216565,473.3989044120633,25.042141277501493,6.142679623140971,6.1428617273753225,6.179308100800863,5.946054539310275,1.0000296457320785,1.0000071258182683
tess_gap,21,original_auto,512,4.040344665154022,0.12087076673131239,0.0030994532722413703,15.316968648780561,0.39276849053843943,8.045354743884465,8.037888063601534,8.107222259337018,7.91959221057574,0.9990719265314426,1.0026402675316253
tess_gap,21,1024,1024,4.040344665154022,0.12087076673131239,0.0030994532722413703,30.633937297561122,0.7855369810768789,8.045354743884465,8.037368862143936,8.107222259337018,7.91959221057574,0.9990073922164092,1.0006727280943655
tess_gap,21,4096,4096,4.040344665154022,0.12087076673131239,0.0030994532722413703,122.53574919024449,3.1421479243075154,8.045354743884465,8.044351654752,8.107222259337018,7.91959221057574,0.9998753207081109,1.0001227818545326
tess_gap,21,8192,8192,4.040344665154022,0.12087076673131239,0.0030994532722413703,245.07149838048898,6.284295848615031,8.045354743884465,8.045372837683702,8.107222259337018,7.91959221057574,1.0000022489746958,1.0000943178678272
tess_gap,22,original_auto,256,2.2774735616431303,0.06274351926888157,0.00430910137531431,7.052701380755074,0.4843656456255797,10.08508143927923,10.057252090621397,10.144908392642218,9.755739781715233,0.9972405429916069,1.0065720835608383
tess_gap,22,1024,1024,2.2774735616431303,0.06274351926888157,0.00430910137531431,28.210805523020294,1.9374625825023188,10.08508143927923,10.082011279653942,10.144908392642218,9.755739781715233,0.999695574136533,1.0008894075138293
tess_gap,22,4096,4096,2.2774735616431303,0.06274351926888157,0.00430910137531431,112.84322209208118,7.749850330009275,10.08508143927923,10.086522699271368,10.144908392642218,9.755739781715233,1.0001429100995183,1.0002739711469895
tess_gap,22,8192,8192,2.2774735616431303,0.06274351926888157,0.00430910137531431,225.68644418416235,15.49970066001855,10.08508143927923,10.085392390223763,10.144908392642218,9.755739781715233,1.0000308327648522,1.0002393601124484
tess_gap,23,original_auto,256,1.2297557280991522,0.06472847582911663,0.005775333375028328,13.474618929295053,1.2022593676327609,14.314430019109166,14.290703992662145,14.381795358160847,13.862234912891084,0.9983425098718324,1.0026501411469055
tess_gap,23,1024,1024,1.2297557280991522,0.06472847582911663,0.005775333375028328,53.89847571718021,4.8090374705310435,14.314430019109166,14.312921471275754,14.381795358160847,13.862234912891084,0.9998946134892275,1.00018007085328
tess_gap,23,4096,4096,1.2297557280991522,0.06472847582911663,0.005775333375028328,215.59390286872085,19.236149882124174,14.314430019109166,14.314717947020135,14.381795358160847,13.862234912891084,1.0000201145215413,1.0000236823847644
tess_gap,23,8192,8192,1.2297557280991522,0.06472847582911663,0.005775333375028328,431.1878057374417,38.47229976424835,14.314430019109166,14.31453116983661,14.381795358160847,13.862234912891084,1.0000070663468479,1.000016540032505
tess_gap,24,original_auto,256,0.9107235558601959,0.07708700616582688,0.0038366875528689226,21.668785716003885,1.0784743704215984,6.222791888700262,6.223621372491617,6.263110983941125,6.045695179142046,1.0001332976911634,1.0014434370803467
tess_gap,24,1024,1024,0.9107235558601959,0.07708700616582688,0.0038366875528689226,86.67514286401554,4.313897481686394,6.222791888700262,6.2237110701332234,6.263110983941125,6.045695179142046,1.0001477120638778,1.000090238631326
tess_gap,24,4096,4096,0.9107235558601959,0.07708700616582688,0.0038366875528689226,346.70057145606216,17.255589926745575,6.222791888700262,6.222561984534585,6.263110983941125,6.045695179142046,0.999963054498722,1.0000077062380148
tess_gap,24,8192,8192,0.9107235558601959,0.07708700616582688,0.0038366875528689226,693.4011429121243,34.51117985349115,6.222791888700262,6.2226881553453905,6.263110983941125,6.045695179142046,0.9999833300941561,1.0000029627123137
tess_gap,25,original_auto,512,6.651741484846196,0.11320407046208482,0.004678526901794183,8.713580377203671,0.3601170880100746,8.004048586655134,7.952097129316052,8.053036136011567,7.828205048230184,0.9935093525761827,1.00743021179016
tess_gap,25,1024,1024,6.651741484846196,0.11320407046208482,0.004678526901794183,17.427160754407343,0.7202341760201492,8.004048586655134,7.984141314438709,8.053036136011567,7.828205048230184,0.9975128496534097,1.0024644513888183
tess_gap,25,4096,4096,6.651741484846196,0.11320407046208482,0.004678526901794183,69.70864301762937,2.8809367040805967,8.004048586655134,8.00251606692151,8.053036136011567,7.828205048230184,0.999808531930181,1.0003737108282142
tess_gap,25,8192,8192,6.651741484846196,0.11320407046208482,0.004678526901794183,139.41728603525874,5.761873408161193,8.004048586655134,8.005028415726118,8.053036136011567,7.828205048230184,1.0001224166820548,1.0002541029320389
tess_gap,26,original_auto,256,0.9527011367883418,0.0782102040223684,0.0038861150781164255,21.015837450579724,1.044236667284282,10.35967382066942,10.35000052944429,10.426177015200707,10.057851544385654,0.9990662552323,1.0014516352196237
tess_gap,26,1024,1024,0.9527011367883418,0.0782102040223684,0.0038861150781164255,84.0633498023189,4.176946669137128,10.35967382066942,10.359751847229388,10.426177015200707,10.057851544385654,1.000007531758366,1.0000937643328622
tess_gap,26,4096,4096,0.9527011367883418,0.0782102040223684,0.0038861150781164255,336.2533992092756,16.707786676548512,10.35967382066942,10.359859866218123,10.426177015200707,10.057851544385654,1.0000179586299651,1.0000100555163043
tess_gap,26,8192,8192,0.9527011367883418,0.0782102040223684,0.0038861150781164255,672.5067984185512,33.415573353097024,10.35967382066942,10.35976859791641,10.426177015200707,10.057851544385654,1.0000091486709555,1.0000062070235496
tess_gap,27,original_auto,256,2.622493726065661,0.10454234054271948,0.011880070132374652,10.205110850383827,1.1596969417541951,14.20817904754241,14.165171062215745,14.24801505694088,13.477291409710888,0.9969730121514688,1.0067406032948056
tess_gap,27,1024,1024,2.622493726065661,0.10454234054271948,0.011880070132374652,40.82044340153531,4.6387877670167805,14.20817904754241,14.21140981686333,14.24801505694088,13.477291409710888,1.0002273879932193,1.0003451093803781
tess_gap,27,4096,4096,2.622493726065661,0.10454234054271948,0.011880070132374652,163.28177360614123,18.555151068067122,14.20817904754241,14.209101496377196,14.24801505694088,13.477291409710888,1.0000649237901422,1.0000229565832035
tess_gap,27,8192,8192,2.622493726065661,0.10454234054271948,0.011880070132374652,326.56354721228246,37.110302136134244,14.20817904754241,14.208589590087154,14.24801505694088,13.477291409710888,1.0000288948037162,1.0000077039849373
tess_gap,28,original_auto,256,1.2236134250574957,0.06356217340401851,0.0058868602165847925,13.298249314863595,1.231627722109124,6.129809419489384,6.121118778248164,6.171632004570542,5.886804111270352,0.9985822330440504,1.0029002713315553
tess_gap,28,1024,1024,1.2236134250574957,0.06356217340401851,0.0058868602165847925,53.19299725945438,4.926510888436496,6.129809419489384,6.130652376283753,6.171632004570542,5.886804111270352,1.0001375176186862,1.0002313387036046
tess_gap,28,4096,4096,1.2236134250574957,0.06356217340401851,0.0058868602165847925,212.77198903781752,19.706043553745985,6.129809419489384,6.12982441134085,6.171632004570542,5.886804111270352,1.000002445728805,1.0000181976733633
tess_gap,28,8192,8192,1.2236134250574957,0.06356217340401851,0.0058868602165847925,425.54397807563504,39.41208710749197,6.129809419489384,6.12975412540065,6.171632004570542,5.886804111270352,0.9999909794766932,1.0000068141633545
tess_gap,29,original_auto,256,1.0409893997537636,0.0805447909584574,0.003982790453069172,19.80756623481703,0.9794473951674088,8.276237736885065,8.275450301138573,8.326298595712162,8.038141240887985,0.9999048558328644,1.001604618887033
tess_gap,29,1024,1024,1.0409893997537636,0.0805447909584574,0.003982790453069172,79.23026493926812,3.917789580669635,8.276237736885065,8.276018314085713,8.326298595712162,8.038141240887985,0.9999734876152271,1.0001125282699066
tess_gap,29,4096,4096,1.0409893997537636,0.0805447909584574,0.003982790453069172,316.9210597570725,15.67115832267854,8.276237736885065,8.276140525206733,8.326298595712162,8.038141240887985,0.9999882541220513,1.0000102912080622
tess_gap,29,8192,8192,1.0409893997537636,0.0805447909584574,0.003982790453069172,633.842119514145,31.34231664535708,8.276237736885065,8.27632387735167,8.326298595712162,8.038141240887985,1.0000104081672547,1.0000048960948118
tess_gap,30,original_auto,512,4.13900001640177,0.12818267481816772,0.012867314154659783,15.856373338204708,1.5917044747714515,10.119937770189953,10.09444346035028,10.133616253418973,9.5044791628572,0.9974807839318173,1.0028423267517057
tess_gap,30,1024,1024,4.13900001640177,0.12818267481816772,0.012867314154659783,31.712746676409417,3.183408949542903,10.119937770189953,10.117151966800492,10.133616253418973,9.5044791628572,0.9997247212924899,1.0007314457143306
tess_gap,30,4096,4096,4.13900001640177,0.12818267481816772,0.012867314154659783,126.85098670563767,12.733635798171612,10.119937770189953,10.120037595084739,10.133616253418973,9.5044791628572,1.000009864180695,1.0000462669189036
tess_gap,30,8192,8192,4.13900001640177,0.12818267481816772,0.012867314154659783,253.70197341127533,25.467271596343224,10.119937770189953,10.119454518200614,10.133616253418973,9.5044791628572,0.9999522475335014,1.0000134019518898
tess_gap,31,original_auto,256,2.0998141466769953,0.10592305756431045,0.009913951419500931,12.913667992653375,1.2086648560819715,14.329085607649942,14.300157989042866,14.35936760706518,13.611906981254192,0.9979811957720713,1.0036611674762752
tess_gap,31,1024,1024,2.0998141466769953,0.10592305756431045,0.009913951419500931,51.6546719706135,4.834659424327886,14.329085607649942,14.32723676113435,14.35936760706518,13.611906981254192,0.9998709724705249,1.0002598358573462
tess_gap,31,4096,4096,2.0998141466769953,0.10592305756431045,0.009913951419500931,206.618687882454,19.338637697311544,14.329085607649942,14.32895297276144,14.35936760706518,13.611906981254192,0.9999907436599841,1.0000174988082202
tess_gap,31,8192,8192,2.0998141466769953,0.10592305756431045,0.009913951419500931,413.237375764908,38.67727539462309,14.329085607649942,14.329405784582525,14.35936760706518,13.611906981254192,1.0000223445474017,1.000005401541283
tess_gap,32,original_auto,256,3.2527723441665595,0.09637783028709404,0.003408360489016299,7.5851372131048524,0.2682451130503997,6.057507202164408,6.040247231263488,6.097577679472956,5.9380020787946375,0.997150647894442,1.0073490029912018
tess_gap,32,1024,1024,3.2527723441665595,0.09637783028709404,0.003408360489016299,30.34054885241941,1.0729804522015989,6.057507202164408,6.060934015718891,6.097577679472956,5.9380020787946375,1.0005657134923849,1.0007494741538667
tess_gap,32,4096,4096,3.2527723441665595,0.09637783028709404,0.003408360489016299,121.36219540967764,4.2919218088063955,6.057507202164408,6.058378727913132,6.097577679472956,5.9380020787946375,1.0001438753136624,1.0000919028696242
tess_gap,32,8192,8192,3.2527723441665595,0.09637783028709404,0.003408360489016299,242.72439081935528,8.583843617612791,6.057507202164408,6.057032700300686,6.097577679472956,5.9380020787946375,0.9999216671399825,1.0000602267328353
tess_gap,33,original_auto,256,1.2609975701827687,0.06931442429046494,0.005404460282482287,14.071789698839105,1.0971804109939207,8.16842676609812,8.160354718105687,8.209126432696692,7.861281295893625,0.999011798939554,1.0034643936830039
tess_gap,33,1024,1024,1.2609975701827687,0.06931442429046494,0.005404460282482287,56.28715879535642,4.388721643975683,8.16842676609812,8.16692372121709,8.209126432696692,7.861281295893625,0.9998159933455891,1.0002188777505563
tess_gap,33,4096,4096,1.2609975701827687,0.06931442429046494,0.005404460282482287,225.14863518142568,17.55488657590273,8.16842676609812,8.167343573864182,8.209126432696692,7.861281295893625,0.9998673927960725,1.000018670106871
tess_gap,33,8192,8192,1.2609975701827687,0.06931442429046494,0.005404460282482287,450.29727036285135,35.10977315180546,8.16842676609812,8.167957840467029,8.209126432696692,7.861281295893625,0.9999425929074816,1.0000082142208675
tess_gap,34,original_auto,1024,10.881103156549985,0.1519903768890321,0.0215836940712901,14.303526369996868,2.03120055117727,10.00291871099916,9.9690488689474,10.048967750802342,9.40287047079755,0.9966140040691808,1.0027986483658895
tess_gap,34,1024,1024,10.881103156549985,0.1519903768890321,0.0215836940712901,14.303526369996868,2.03120055117727,10.00291871099916,9.9690488689474,10.048967750802342,9.40287047079755,0.9966140040691808,1.0027986483658895
tess_gap,34,4096,4096,10.881103156549985,0.1519903768890321,0.0215836940712901,57.214105479987474,8.12480220470908,10.00291871099916,10.001191241049604,10.048967750802342,9.40287047079755,0.9998273034101881,1.0002495134632692
tess_gap,34,8192,8192,10.881103156549985,0.1519903768890321,0.0215836940712901,114.42821095997495,16.24960440941816,10.00291871099916,10.000481196879566,10.048967750802342,9.40287047079755,0.9997563197112745,1.0000600153622818
tess_gap,35,original_auto,512,4.495569798302701,0.13103916009986807,0.006277588570508842,14.924036992254688,0.7149539418371432,14.15507385511933,14.103482979835398,14.199649976599712,13.762323285611975,0.9963553086467809,1.002431632593387
tess_gap,35,1024,1024,4.495569798302701,0.13103916009986807,0.006277588570508842,29.848073984509377,1.4299078836742865,14.15507385511933,14.14748765859134,14.199649976599712,13.762323285611975,0.999464065210423,1.0007946648621653
tess_gap,35,4096,4096,4.495569798302701,0.13103916009986807,0.006277588570508842,119.3922959380375,5.719631534697146,14.15507385511933,14.154771414632949,14.199649976599712,13.762323285611975,0.9999786337754591,1.000064317140618
tess_gap,35,8192,8192,4.495569798302701,0.13103916009986807,0.006277588570508842,238.784591876075,11.439263069394292,14.15507385511933,14.15565469057043,14.199649976599712,13.762323285611975,1.00004103372805,1.0000285552076942
tess_gap,36,original_auto,512,7.623683698638294,0.1561967573735298,0.007469256794042922,10.49003905940269,0.5016288227216257,6.030570217764993,6.011721175514389,6.056270657797536,5.8074607519831,0.9968744179124095,1.0065448880165055
tess_gap,36,1024,1024,7.623683698638294,0.1561967573735298,0.007469256794042922,20.98007811880538,1.0032576454432514,6.030570217764993,6.0305821182445305,6.056270657797536,5.8074607519831,1.000001973358921,1.001756370321808
tess_gap,36,4096,4096,7.623683698638294,0.1561967573735298,0.007469256794042922,83.92031247522152,4.013030581773005,6.030570217764993,6.031218659186491,6.056270657797536,5.8074607519831,1.0001075257227896,1.00012831325668
tess_gap,36,8192,8192,7.623683698638294,0.1561967573735298,0.007469256794042922,167.84062495044304,8.02606116354601,6.030570217764993,6.030542859718714,6.056270657797536,5.8074607519831,0.9999954634395603,1.0000364519705691
tess_gap,37,original_auto,256,2.7376502211688556,0.1074838254704764,0.01183411150376578,10.050903913025786,1.1066178292384494,8.139748768241029,8.114956848205603,8.158545764183593,7.756820227587337,0.9969542155733163,1.0045546989110625
tess_gap,37,1024,1024,2.7376502211688556,0.1074838254704764,0.01183411150376578,40.203615652103146,4.426471316953798,8.139748768241029,8.13751983298425,8.158545764183593,7.756820227587337,0.9997261665783254,1.0003849531175293
tess_gap,37,4096,4096,2.7376502211688556,0.1074838254704764,0.01183411150376578,160.81446260841258,17.70588526781519,8.139748768241029,8.139687936852226,8.158545764183593,7.756820227587337,0.9999925266257553,1.000025820682507
tess_gap,37,8192,8192,2.7376502211688556,0.1074838254704764,0.01183411150376578,321.62892521682517,35.41177053563038,8.139748768241029,8.139454750893998,8.158545764183593,7.756820227587337,0.9999638788179583,1.000007421451685
tess_gap,38,original_auto,1024,11.217729150328605,0.1733439428342417,0.00424504086890197,15.823541028984803,0.38750461804725256,9.975567923096953,9.976391288106706,10.063000842754429,9.758411057782414,1.0000825381588396,1.0032147767795088
tess_gap,38,1024,1024,11.217729150328605,0.1733439428342417,0.00424504086890197,15.823541028984803,0.38750461804725256,9.975567923096953,9.976391288106706,10.063000842754429,9.758411057782414,1.0000825381588396,1.0032147767795088
tess_gap,38,4096,4096,11.217729150328605,0.1733439428342417,0.00424504086890197,63.29416411593921,1.5500184721890102,9.975567923096953,9.979549000024594,10.063000842754429,9.758411057782414,1.0003990827347706,1.000432707998087
tess_gap,38,8192,8192,11.217729150328605,0.1733439428342417,0.00424504086890197,126.58832823187842,3.1000369443780205,9.975567923096953,9.982639490150435,10.063000842754429,9.758411057782414,1.0007088886675923,1.000298535125212
tess_gap,39,original_auto,256,2.711905816472436,0.10288984592879967,0.012443026004702193,9.712653145172542,1.1746037188515828,14.197416321808147,14.14166920785414,14.250276577757207,13.425647397633005,0.9960734324689503,1.0067912868064233
tess_gap,39,1024,1024,2.711905816472436,0.10288984592879967,0.012443026004702193,38.85061258069017,4.698414875406331,14.197416321808147,14.190840544988133,14.250276577757207,13.425647397633005,0.9995368328524737,1.0004638571177427
tess_gap,39,4096,4096,2.711905816472436,0.10288984592879967,0.012443026004702193,155.40245032276067,18.793659501625324,14.197416321808147,14.197256265666958,14.250276577757207,13.425647397633005,0.9999887263895373,1.0000309623092585
tess_gap,39,8192,8192,2.711905816472436,0.10288984592879967,0.012443026004702193,310.80490064552134,37.58731900325065,14.197416321808147,14.198753747301371,14.250276577757207,13.425647397633005,1.0000942020338708,1.000009276290154
tess_gap,40,original_auto,256,3.2057456211490414,0.08705208646913232,0.0037707341994100765,6.951685120951705,0.30111807645641653,6.033874381785402,6.013084224154938,6.077481580372107,5.899376177761606,0.9965544265069184,1.0131682948524579
tess_gap,40,1024,1024,3.2057456211490414,0.08705208646913232,0.0037707341994100765,27.80674048380682,1.2044723058256661,6.033874381785402,6.034123862359415,6.077481580372107,5.899376177761606,1.0000413466635576,1.000848386409405
tess_gap,40,4096,4096,3.2057456211490414,0.08705208646913232,0.0037707341994100765,111.22696193522728,4.8178892233026644,6.033874381785402,6.036961281124761,6.077481580372107,5.899376177761606,1.0005115948964196,1.0001180792743118
tess_gap,40,8192,8192,3.2057456211490414,0.08705208646913232,0.0037707341994100765,222.45392387045456,9.635778446605329,6.033874381785402,6.034187586758077,6.077481580372107,5.899376177761606,1.0000519077715009,1.0000822876456832
tess_gap,41,original_auto,256,2.393579780250446,0.11019941280552549,0.010381713767100953,11.786133017577018,1.1103530980278253,8.159132548359956,8.143144950799853,8.173860285344333,7.795718786334557,0.9980405272906963,1.0042027505900841
tess_gap,41,1024,1024,2.393579780250446,0.11019941280552549,0.010381713767100953,47.144532070308074,4.441412392111301,8.159132548359956,8.158203032648386,8.173860285344333,7.795718786334557,0.9998860766501756,1.000276423700541
tess_gap,41,4096,4096,2.393579780250446,0.11019941280552549,0.010381713767100953,188.5781282812323,17.765649568445205,8.159132548359956,8.159585863992604,8.173860285344333,7.795718786334557,1.0000555592926037,1.0000180747147474
tess_gap,41,8192,8192,2.393579780250446,0.11019941280552549,0.010381713767100953,377.1562565624646,35.53129913689041,8.159132548359956,8.159053509904208,8.173860285344333,7.795718786334557,0.9999903128849446,1.0000052208300136
tess_gap,42,original_auto,256,1.771858587029997,0.0690141264260116,0.006897877644021704,9.971233875200822,0.9966126471918387,10.14830146168939,10.111952724842023,10.19733923128381,9.687974384001741,0.9964182442761889,1.0050235340301363
tess_gap,42,1024,1024,1.771858587029997,0.0690141264260116,0.006897877644021704,39.88493550080329,3.986450588767355,10.14830146168939,10.145345204643341,10.19733923128381,9.687974384001741,0.9997086944000225,1.0004965815419486
tess_gap,42,4096,4096,1.771858587029997,0.0690141264260116,0.006897877644021704,159.53974200321315,15.94580235506942,10.14830146168939,10.148851196186424,10.19733923128381,9.687974384001741,1.000054170099214,1.0000420760525717
tess_gap,42,8192,8192,1.771858587029997,0.0690141264260116,0.006897877644021704,319.0794840064263,31.89160471013884,10.14830146168939,10.148374940529832,10.19733923128381,9.687974384001741,1.0000072405062777,1.0000179251776746
tess_gap,43,original_auto,256,1.349672512126296,0.08613087797863338,0.009361267395293416,16.33692956211503,1.7756044015593484,14.377521491474313,14.358330118017369,14.429442022240865,13.673534949326234,0.99866518207131,1.0020639265183489
tess_gap,43,1024,1024,1.349672512126296,0.08613087797863338,0.009361267395293416,65.34771824846013,7.102417606237394,14.377521491474313,14.37504009522504,14.429442022240865,13.673534949326234,0.9998274114039235,1.0001469022389544
tess_gap,43,4096,4096,1.349672512126296,0.08613087797863338,0.009361267395293416,261.3908729938405,28.409670424949574,14.377521491474313,14.377156339290238,14.429442022240865,13.673534949326234,0.99997460256385,1.0000112956511735
tess_gap,43,8192,8192,1.349672512126296,0.08613087797863338,0.009361267395293416,522.781745987681,56.81934084989915,14.377521491474313,14.377075381780289,14.429442022240865,13.673534949326234,0.9999689717247657,1.000004216300284
tess_gap,44,original_auto,256,0.8485818032196653,0.06823329880580652,0.0020414458253435394,20.584608847386214,0.6158629955356966,6.210906568675511,6.210445129261428,6.269763200680116,6.07329919699986,0.9999257049821986,1.0015652878536792
tess_gap,44,1024,1024,0.8485818032196653,0.06823329880580652,0.0020414458253435394,82.33843538954486,2.4634519821427863,6.210906568675511,6.211221197367349,6.269763200680116,6.07329919699986,1.000050657450464,1.000116584671951
tess_gap,44,4096,4096,0.8485818032196653,0.06823329880580652,0.0020414458253435394,329.3537415581794,9.853807928571145,6.210906568675511,6.211708468781736,6.269763200680116,6.07329919699986,1.0001291116034927,1.0000265980252843
tess_gap,44,8192,8192,0.8485818032196653,0.06823329880580652,0.0020414458253435394,658.7074831163588,19.70761585714229,6.210906568675511,6.211134701222157,6.269763200680116,6.07329919699986,1.0000367309577312,1.0000220343103179
tess_gap,45,original_auto,512,9.829175190089837,0.1657958736521401,0.0040653558322014255,8.63627778203431,0.21176366743221164,8.03781269559839,8.00864176914606,8.088164717268084,7.9148236476219775,0.9963707879796322,1.0055770801711745
tess_gap,45,1024,1024,9.829175190089837,0.1657958736521401,0.0040653558322014255,17.27255556406862,0.4235273348644233,8.03781269559839,8.01318511517891,8.088164717268084,7.9148236476219775,0.9969360345466912,1.002350520340978
tess_gap,45,4096,4096,9.829175190089837,0.1657958736521401,0.0040653558322014255,69.09022225627449,1.6941093394576932,8.03781269559839,8.031470759390857,8.088164717268084,7.9148236476219775,0.9992109873111367,1.000267710872364
tess_gap,45,8192,8192,9.829175190089837,0.1657958736521401,0.0040653558322014255,138.18044451254897,3.3882186789153863,8.03781269559839,8.035382277869104,8.088164717268084,7.9148236476219775,0.9996976269762273,1.0001458528882798
tess_gap,46,original_auto,512,7.168416104603039,0.13695997168640406,0.00401160934122699,9.782287255675717,0.28652689139924853,10.036490289090995,9.998086913282792,10.109019961002575,9.751305238654522,0.9961736249722729,1.0095717235949748
tess_gap,46,1024,1024,7.168416104603039,0.13695997168640406,0.00401160934122699,19.564574511351434,0.5730537827984971,10.036490289090995,10.013727701896094,10.109019961002575,9.751305238654522,0.9977320172152567,1.002223484747257
tess_gap,46,4096,4096,7.168416104603039,0.13695997168640406,0.00401160934122699,78.25829804540574,2.2922151311939882,10.036490289090995,10.032132851362224,10.109019961002575,9.751305238654522,0.9995658404877343,1.0003332104295892
tess_gap,46,8192,8192,7.168416104603039,0.13695997168640406,0.00401160934122699,156.51659609081148,4.5844302623879765,10.036490289090995,10.035723605467744,10.109019961002575,9.751305238654522,0.9999236103855863,1.000232726250089
tess_gap,47,original_auto,512,7.540428525262236,0.1442263135304479,0.003930856546120062,9.793060471323974,0.2669077155059273,13.934939268735345,13.952770649608162,14.067521871179688,13.573094840721673,1.0012796166907467,1.0096408637160674
tess_gap,47,1024,1024,7.540428525262236,0.1442263135304479,0.003930856546120062,19.58612094264795,0.5338154310118546,13.934939268735345,13.94567971218944,14.067521871179688,13.573094840721673,1.0007707563877364,1.0029667867995173
tess_gap,47,4096,4096,7.540428525262236,0.1442263135304479,0.003930856546120062,78.3444837705918,2.1352617240474183,13.934939268735345,13.91689138906016,14.067521871179688,13.573094840721673,0.9987048469083982,1.0007426668601616
tess_gap,47,8192,8192,7.540428525262236,0.1442263135304479,0.003930856546120062,156.6889675411836,4.270523448094837,13.934939268735345,13.930289818290555,14.067521871179688,13.573094840721673,0.9996663458408304,1.0006516460209927
tess_gap,48,original_auto,1024,11.04995547888641,0.1272696734136471,0.012376121097943497,11.794087842669606,1.1468958430202936,6.0182458903875045,6.0114179867643855,6.030964747826409,5.692335564379128,0.998865466159496,1.004354411772029
tess_gap,48,1024,1024,11.04995547888641,0.1272696734136471,0.012376121097943497,11.794087842669606,1.1468958430202936,6.0182458903875045,6.0114179867643855,6.030964747826409,5.692335564379128,0.998865466159496,1.004354411772029
tess_gap,48,4096,4096,11.04995547888641,0.1272696734136471,0.012376121097943497,47.176351370678425,4.587583372081174,6.0182458903875045,6.017702838813408,6.030964747826409,5.692335564379128,0.9999097658048562,1.0002787313835337
tess_gap,48,8192,8192,11.04995547888641,0.1272696734136471,0.012376121097943497,94.35270274135685,9.175166744162349,6.0182458903875045,6.018831198106098,6.030964747826409,5.692335564379128,1.0000972555341296,1.0000829673212241
tess_gap,49,original_auto,512,5.890679704651729,0.1484105643839944,0.01392666255961688,12.89939578697525,1.2104632382054477,8.08270205455038,8.05834765370247,8.088362248413128,7.723894035586588,0.9969868491151175,1.0036449338218356
tess_gap,49,1024,1024,5.890679704651729,0.1484105643839944,0.01392666255961688,25.7987915739505,2.4209264764108953,8.08270205455038,8.077712028792845,8.088362248413128,7.723894035586588,0.9993826290114548,1.0010206104277002
tess_gap,49,4096,4096,5.890679704651729,0.1484105643839944,0.01392666255961688,103.195166295802,9.683705905643581,8.08270205455038,8.082397988670252,8.088362248413128,7.723894035586588,0.9999623806645258,1.000067404700235
tess_gap,49,8192,8192,5.890679704651729,0.1484105643839944,0.01392666255961688,206.390332591604,19.367411811287162,8.08270205455038,8.082946862163345,8.088362248413128,7.723894035586588,1.0000302878432625,1.000017681938043
tess_gap,50,original_auto,256,1.3900878618417454,0.09099050214747204,0.008908345305264201,16.7569037822479,1.6405699673732301,10.261652955139752,10.253753600892372,10.292566958137183,9.730064122254593,0.9992302064509575,1.0026618355825399
tess_gap,50,1024,1024,1.3900878618417454,0.09099050214747204,0.008908345305264201,67.0276151289916,6.5622798694929205,10.261652955139752,10.261139459715972,10.292566958137183,9.730064122254593,0.9999499597748993,1.0001686332801627
tess_gap,50,4096,4096,1.3900878618417454,0.09099050214747204,0.008908345305264201,268.1104605159664,26.249119477971682,10.261652955139752,10.261268740169555,10.292566958137183,9.730064122254593,0.9999625581792839,1.000012056598475
tess_gap,50,8192,8192,1.3900878618417454,0.09099050214747204,0.008908345305264201,536.2209210319328,52.498238955943364,10.261652955139752,10.261385045073938,10.292566958137183,9.730064122254593,0.9999738921139718,1.0000044011177904
tess_gap,51,original_auto,512,5.74702754502645,0.13973179547024359,0.006937581621989805,12.448640400667411,0.618065906702111,14.131969492093424,14.070246521955504,14.170086771552095,13.730208246229491,0.9956323872498838,1.003594074753402
tess_gap,51,1024,1024,5.74702754502645,0.13973179547024359,0.006937581621989805,24.897280801334823,1.236131813404222,14.131969492093424,14.120160539696172,14.170086771552095,13.730208246229491,0.9991643802794892,1.0011265041115214
tess_gap,51,4096,4096,5.74702754502645,0.13973179547024359,0.006937581621989805,99.58912320533929,4.944527253616888,14.131969492093424,14.12721308257834,14.170086771552095,13.730208246229491,0.9996634291124288,1.0000888881770393
tess_gap,51,8192,8192,5.74702754502645,0.13973179547024359,0.006937581621989805,199.17824641067858,9.889054507233777,14.131969492093424,14.129449480347635,14.170086771552095,13.730208246229491,0.9998216800745856,1.0000375022310655
tess_gap,52,original_auto,256,1.5064171380224671,0.0702662806583409,0.0028638919969934187,11.941027086394572,0.48668880134539516,6.09429499686908,6.0851423788229155,6.148068766159584,5.931798045734803,0.9984981662274526,1.0040342972311214
tess_gap,52,1024,1024,1.5064171380224671,0.0702662806583409,0.0028638919969934187,47.764108345578286,1.9467552053815806,6.09429499686908,6.0917183979862335,6.148068766159584,5.931798045734803,0.9995772113289281,1.0003597206397985
tess_gap,52,4096,4096,1.5064171380224671,0.0702662806583409,0.0028638919969934187,191.05643338231314,7.787020821526323,6.09429499686908,6.0947173779979815,6.148068766159584,5.931798045734803,1.000069307627727,1.0000587000198922
tess_gap,52,8192,8192,1.5064171380224671,0.0702662806583409,0.0028638919969934187,382.1128667646263,15.574041643052645,6.09429499686908,6.094550065301418,6.148068766159584,5.931798045734803,1.000041853640572,1.0000436937531305
tess_gap,53,original_auto,256,0.8535699896533284,0.07940382608346425,0.0075226322439976775,23.814543299047653,2.256163967579921,8.36649487583485,8.359650481331176,8.398146784601789,7.985822907582563,0.9991819280827575,1.0012012651933084
tess_gap,53,1024,1024,0.8535699896533284,0.07940382608346425,0.0075226322439976775,95.25817319619061,9.024655870319684,8.36649487583485,8.365871957948569,8.398146784601789,7.985822907582563,0.9999255461342503,1.0000807234218445
tess_gap,53,4096,4096,0.8535699896533284,0.07940382608346425,0.0075226322439976775,381.03269278476245,36.098623481278736,8.36649487583485,8.366706207445391,8.398146784601789,7.985822907582563,1.000025259276875,1.000007226729862
tess_gap,53,8192,8192,0.8535699896533284,0.07940382608346425,0.0075226322439976775,762.0653855695249,72.19724696255747,8.36649487583485,8.366548053920685,8.398146784601789,7.985822907582563,1.000006356077022,1.0000035082753451
tess_gap,54,original_auto,256,1.0593003933304683,0.05569557391863014,0.002949074746970398,13.45989014347628,0.7126997591786008,10.15486301373193,10.145370310052305,10.271411343144294,9.879892160575947,0.9990652061316053,1.0029970441439244
tess_gap,54,1024,1024,1.0593003933304683,0.05569557391863014,0.002949074746970398,53.83956057390512,2.8507990367144034,10.15486301373193,10.154911560394371,10.271411343144294,9.879892160575947,1.0000047806319372,1.0003370452326805
tess_gap,54,4096,4096,1.0593003933304683,0.05569557391863014,0.002949074746970398,215.35824229562047,11.403196146857614,10.15486301373193,10.154211123574418,10.271411343144294,9.879892160575947,0.9999358051254231,1.000126966765306
tess_gap,54,8192,8192,1.0593003933304683,0.05569557391863014,0.002949074746970398,430.71648459124094,22.806392293715227,10.15486301373193,10.154034618582056,10.271411343144294,9.879892160575947,0.9999184237986516,1.0001156434597873
tess_gap,55,original_auto,256,3.6790719314368303,0.11925055295037919,0.006064868550909153,8.297783279103914,0.422010327051797,14.162888319856004,14.102967181431419,14.211994556797832,13.710545333853366,0.9957691441836354,1.0066862697002898
tess_gap,55,1024,1024,3.6790719314368303,0.11925055295037919,0.006064868550909153,33.191133116415656,1.688041308207188,14.162888319856004,14.148908935572738,14.211994556797832,13.710545333853366,0.9990129566817478,1.0004677139442808
tess_gap,55,4096,4096,3.6790719314368303,0.11925055295037919,0.006064868550909153,132.76453246566263,6.752165232828752,14.162888319856004,14.164206802824838,14.211994556797832,13.710545333853366,1.0000930942148987,1.0000503108781844
tess_gap,55,8192,8192,3.6790719314368303,0.11925055295037919,0.006064868550909153,265.52906493132525,13.504330465657503,14.162888319856004,14.164272398139191,14.211994556797832,13.710545333853366,1.0000977257076331,1.0000254003147817
tess_gap,56,original_auto,512,6.2496270537859075,0.09906717425685993,0.011077843992990173,8.116067212168382,0.9075511347473229,6.0409343090777545,5.982078795034922,6.049964492788293,5.7529573660898805,0.9902572166768325,1.0079108378340986
tess_gap,56,1024,1024,6.2496270537859075,0.09906717425685993,0.011077843992990173,16.232134424336763,1.8151022694946457,6.0409343090777545,6.0257845125077925,6.049964492788293,5.7529573660898805,0.9974921434674109,1.0032847318332927
tess_gap,56,4096,4096,6.2496270537859075,0.09906717425685993,0.011077843992990173,64.92853769734705,7.260409077978583,6.0409343090777545,6.038848956773799,6.049964492788293,5.7529573660898805,0.9996547963945209,1.000226452635175
tess_gap,56,8192,8192,6.2496270537859075,0.09906717425685993,0.011077843992990173,129.8570753946941,14.520818155957166,6.0409343090777545,6.04024157458552,6.049964492788293,5.7529573660898805,0.9998853265973785,1.0000643416191055
tess_gap,57,original_auto,256,2.7224399402983823,0.10800466574739764,0.002674283580194052,10.156034673919534,0.25147169874926334,8.094808657966963,8.084639778359044,8.142202046466949,7.948665450398477,0.9987437776434763,1.0039473833995483
tess_gap,57,1024,1024,2.7224399402983823,0.10800466574739764,0.002674283580194052,40.624138695678134,1.0058867949970534,8.094808657966963,8.093876171926997,8.142202046466949,7.948665450398477,0.9998848044370946,1.0004124969382335
tess_gap,57,4096,4096,2.7224399402983823,0.10800466574739764,0.002674283580194052,162.49655478271254,4.023547179988213,8.094808657966963,8.094174662055105,8.142202046466949,7.948665450398477,0.9999216787031483,1.0000876406306574
tess_gap,57,8192,8192,2.7224399402983823,0.10800466574739764,0.002674283580194052,324.9931095654251,8.047094359976427,8.094808657966963,8.094753628029157,8.142202046466949,7.948665450398477,0.9999932018235227,1.0000706655087406
tess_gap,58,original_auto,256,0.9796669565743144,0.07854700897421082,0.003938593017620069,20.525377693365776,1.0292067173894244,10.383227232212354,10.370437849569768,10.428464888251357,10.072727151915075,0.9987682651687609,1.001585893687646
tess_gap,58,1024,1024,0.9796669565743144,0.07854700897421082,0.003938593017620069,82.1015107734631,4.1168268695576975,10.383227232212354,10.382439249268966,10.428464888251357,10.072727151915075,0.9999241100164944,1.0001099506981392
tess_gap,58,4096,4096,0.9796669565743144,0.07854700897421082,0.003938593017620069,328.4060430938524,16.46730747823079,10.383227232212354,10.383019388520966,10.428464888251357,10.072727151915075,0.9999799827465257,1.0000115539772072
tess_gap,58,8192,8192,0.9796669565743144,0.07854700897421082,0.003938593017620069,656.8120861877048,32.93461495646158,10.383227232212354,10.383063730727496,10.428464888251357,10.072727151915075,0.999984253307647,1.0000059354323683
tess_gap,59,original_auto,512,4.790461476483996,0.08165645155470459,0.011692747503657005,8.72736445147122,1.2497098142340917,14.07158004557322,13.952897407005501,14.119699731575443,13.253695997546696,0.9915657916038323,1.0041795970588914
tess_gap,59,1024,1024,4.790461476483996,0.08165645155470459,0.011692747503657005,17.45472890294244,2.4994196284681833,14.07158004557322,14.031362325963734,14.119699731575443,13.253695997546696,0.9971419187128073,1.002102728922363
tess_gap,59,4096,4096,4.790461476483996,0.08165645155470459,0.011692747503657005,69.81891561176975,9.997678513872733,14.07158004557322,14.065214201416628,14.119699731575443,13.253695997546696,0.9995476098536216,1.0002188271323493
tess_gap,59,8192,8192,4.790461476483996,0.08165645155470459,0.011692747503657005,139.6378312235395,19.995357027745467,14.07158004557322,14.072630050597956,14.119699731575443,13.253695997546696,1.0000746188431815,1.0000972059730115
tess_gap,60,original_auto,256,2.5536892015651516,0.11392883677481501,0.010443227358308063,11.421038314481256,1.0469035159362,6.111889493350767,6.095721963828878,6.12507798982554,5.837962421160232,0.9973547411910052,1.004062571727045
tess_gap,60,1024,1024,2.5536892015651516,0.11392883677481501,0.010443227358308063,45.684153257925026,4.1876140637448,6.111889493350767,6.1122382632708785,6.12507798982554,5.837962421160232,1.0000570641731155,1.0003150415857214
tess_gap,60,4096,4096,2.5536892015651516,0.11392883677481501,0.010443227358308063,182.7366130317001,16.7504562549792,6.111889493350767,6.112052324060123,6.12507798982554,5.837962421160232,1.0000266416317791,1.0000200172059812
tess_gap,60,8192,8192,2.5536892015651516,0.11392883677481501,0.010443227358308063,365.4732260634002,33.5009125099584,6.111889493350767,6.111992118265562,6.12507798982554,5.837962421160232,1.0000167910291746,1.0000068370267359
tess_gap,61,original_auto,256,2.7950937911093185,0.10762683943879546,0.01199885470786298,9.857440556725145,1.0989637682225404,8.124577416111078,8.106247263748196,8.146637508701511,7.682675513817242,0.9977438639052743,1.0053936641463246
tess_gap,61,1024,1024,2.7950937911093185,0.10762683943879546,0.01199885470786298,39.42976222690058,4.3958550728901615,8.124577416111078,8.124767839661642,8.146637508701511,7.682675513817242,1.0000234379637007,1.0003789402100896
tess_gap,61,4096,4096,2.7950937911093185,0.10762683943879546,0.01199885470786298,157.7190489076023,17.583420291560646,8.124577416111078,8.124161245196493,8.146637508701511,7.682675513817242,0.9999487763001975,1.0000266655990426
tess_gap,61,8192,8192,2.7950937911093185,0.10762683943879546,0.01199885470786298,315.4380978152046,35.16684058312129,8.124577416111078,8.125213795463257,8.146637508701511,7.682675513817242,1.0000783276864242,1.0000077645891061
tess_gap,62,original_auto,256,3.0849957107806016,0.10884626751034707,0.002885797879573493,9.03231222827153,0.23947010836649865,10.075784181402941,10.038249195680013,10.164311308371367,9.839679955767643,0.9962747330582757,1.0051102345813032
tess_gap,62,1024,1024,3.0849957107806016,0.10884626751034707,0.002885797879573493,36.12924891308612,0.9578804334659946,10.075784181402941,10.077751581923952,10.164311308371367,9.839679955767643,1.0001952602879924,1.0006866415813331
tess_gap,62,4096,4096,3.0849957107806016,0.10884626751034707,0.002885797879573493,144.5169956523445,3.8315217338639784,10.075784181402941,10.07818421361096,10.164311308371367,9.839679955767643,1.0002381980563309,1.0001545507863967
tess_gap,62,8192,8192,3.0849957107806016,0.10884626751034707,0.002885797879573493,289.033991304689,7.663043467727957,10.075784181402941,10.077011307557658,10.164311308371367,9.839679955767643,1.0001217896426347,1.0001266798573585
tess_gap,63,original_auto,256,2.4541140689538867,0.08870023807711307,0.0030797513019014955,9.252732476865003,0.3212631161936415,14.166480183783712,14.129363396109104,14.288788202849133,13.772246652706,0.9973799569693328,1.0077843880896795
tess_gap,63,1024,1024,2.4541140689538867,0.08870023807711307,0.0030797513019014955,37.01092990746001,1.285052464774566,14.166480183783712,14.160620787475287,14.288788202849133,13.772246652706,0.9995863901101466,1.0006563369416515
tess_gap,63,4096,4096,2.4541140689538867,0.08870023807711307,0.0030797513019014955,148.04371962984004,5.140209859098264,14.166480183783712,14.16664382795614,14.288788202849133,13.772246652706,1.000011551505406,1.0002481855596714
tess_gap,63,8192,8192,2.4541140689538867,0.08870023807711307,0.0030797513019014955,296.0874392596801,10.280419718196528,14.166480183783712,14.165774755822325,14.288788202849133,13.772246652706,0.9999502044295947,1.0002251101230013
tess_gap,64,original_auto,256,1.9353169656292306,0.10391041570481639,0.00956995193086918,13.745069615397174,1.265894805766853,6.135706035396949,6.1277447855590905,6.14875830766601,5.864149083845329,0.998702472088472,1.0028343095175112
tess_gap,64,1024,1024,1.9353169656292306,0.10391041570481639,0.00956995193086918,54.980278461588696,5.063579223067412,6.135706035396949,6.135343346804472,6.14875830766601,5.864149083845329,0.999940888857715,1.0001822016585482
tess_gap,64,4096,4096,1.9353169656292306,0.10391041570481639,0.00956995193086918,219.92111384635479,20.25431689226965,6.135706035396949,6.135381064459953,6.14875830766601,5.864149083845329,0.9999470360973747,1.0000124414648295
tess_gap,64,8192,8192,1.9353169656292306,0.10391041570481639,0.00956995193086918,439.84222769270957,40.5086337845393,6.135706035396949,6.135551676304419,6.14875830766601,5.864149083845329,0.9999748424889263,1.0000029608330925
tess_gap,65,original_auto,256,2.1091443501863893,0.09728393315680957,0.005184636961225571,11.807957518859423,0.6292917134649664,8.135562505827984,8.137527306867037,8.177495393025637,7.892948051670203,1.0002415077061537,1.004116997346628
tess_gap,65,1024,1024,2.1091443501863893,0.09728393315680957,0.005184636961225571,47.23183007543769,2.5171668538598655,8.135562505827984,8.135636537078089,8.177495393025637,7.892948051670203,1.0000090997088464,1.0002736397115974
tess_gap,65,4096,4096,2.1091443501863893,0.09728393315680957,0.005184636961225571,188.92732030175077,10.068667415439462,8.135562505827984,8.136339417444608,8.177495393025637,7.892948051670203,1.0000954957467376,1.0000216743936214
tess_gap,65,8192,8192,2.1091443501863893,0.09728393315680957,0.005184636961225571,377.85464060350154,20.137334830878924,8.135562505827984,8.13609164592392,8.177495393025637,7.892948051670203,1.0000650403823406,1.000009513878853
tess_gap,66,original_auto,512,7.904274222578868,0.12917416809365434,0.02106149933776992,8.367267152122277,1.3642603175551204,10.001241511679876,9.96065318471797,10.062846490252333,9.401724655787032,0.9959416711500761,1.0083358421651094
tess_gap,66,1024,1024,7.904274222578868,0.12917416809365434,0.02106149933776992,16.734534304244555,2.728520635110241,10.001241511679876,9.992492602606655,10.062846490252333,9.401724655787032,0.9991252176979224,1.0021280946761437
tess_gap,66,4096,4096,7.904274222578868,0.12917416809365434,0.02106149933776992,66.93813721697822,10.914082540440964,10.001241511679876,10.000052005287362,10.062846490252333,9.401724655787032,0.9998810641267762,1.0001388342777324
tess_gap,66,8192,8192,7.904274222578868,0.12917416809365434,0.02106149933776992,133.87627443395644,21.828165080881927,10.001241511679876,10.00103093302574,10.062846490252333,9.401724655787032,0.9999789447486205,1.0000378154139435
tess_gap,67,original_auto,512,4.225902356712265,0.12848160377780285,0.0061461145526384015,15.566517061083648,0.7446482160082534,14.167714177405038,14.146149199070654,14.22652252599612,13.778817090378439,0.9984778787838072,1.002262138574506
tess_gap,67,1024,1024,4.225902356712265,0.12848160377780285,0.0061461145526384015,31.133034122167295,1.4892964320165067,14.167714177405038,14.165679675003759,14.22652252599612,13.778817090378439,0.9998563986839512,1.0006754777334468
tess_gap,67,4096,4096,4.225902356712265,0.12848160377780285,0.0061461145526384015,124.53213648866918,5.957185728066027,14.167714177405038,14.167316045704705,14.22652252599612,13.778817090378439,0.999971898663726,1.0000550405608224
tess_gap,67,8192,8192,4.225902356712265,0.12848160377780285,0.0061461145526384015,249.06427297733836,11.914371456132054,14.167714177405038,14.1653521987923,14.22652252599612,13.778817090378439,0.9998332844251965,1.0000242916834259
tess_gap,68,original_auto,512,9.44485693694919,0.1670201697878309,0.00805602847925882,9.054062703356484,0.43671244666971554,6.038014934824965,5.998236120057943,6.055995945874528,5.870793478697637,0.9934119383280101,1.0065133310125909
tess_gap,68,1024,1024,9.44485693694919,0.1670201697878309,0.00805602847925882,18.10812540671297,0.8734248933394311,6.038014934824965,6.030122649480839,6.055995945874528,5.870793478697637,0.9986929006586905,1.002061813261242
tess_gap,68,4096,4096,9.44485693694919,0.1670201697878309,0.00805602847925882,72.43250162685187,3.4936995733577243,6.038014934824965,6.0377904372935856,6.055995945874528,5.870793478697637,0.9999628193149895,1.0001388522094972
tess_gap,68,8192,8192,9.44485693694919,0.1670201697878309,0.00805602847925882,144.86500325370375,6.987399146715449,6.038014934824965,6.038415822776849,6.055995945874528,5.870793478697637,1.0000663939980623,1.0000391471651078
tess_gap,69,original_auto,256,2.295357953748344,0.10889601989808219,0.010219392496287387,12.145112725614313,1.1397631793234457,8.157984242191901,8.140931218241805,8.174658184740903,7.751920143081821,0.9979096522567548,1.0047154295211458
tess_gap,69,1024,1024,2.295357953748344,0.10889601989808219,0.010219392496287387,48.58045090245725,4.559052717293783,8.157984242191901,8.156386742650746,8.174658184740903,7.751920143081821,0.9998041796240678,1.0002870354323399
tess_gap,69,4096,4096,2.295357953748344,0.10889601989808219,0.010219392496287387,194.321803609829,18.23621086917513,8.157984242191901,8.158506340452382,8.174658184740903,7.751920143081821,1.0000639984394406,1.000020022461106
tess_gap,69,8192,8192,2.295357953748344,0.10889601989808219,0.010219392496287387,388.643607219658,36.47242173835026,8.157984242191901,8.158188927600996,8.174658184740903,7.751920143081821,1.0000250901942218,1.0000058093222097
tess_gap,70,original_auto,256,1.001990460672164,0.060362165127037216,0.005475932360236007,15.422017353493969,1.3990539224096248,10.225369244013963,10.217875471221749,10.291649429458577,9.847484511308977,0.999267139150344,1.0026299802143899
tess_gap,70,1024,1024,1.001990460672164,0.060362165127037216,0.005475932360236007,61.688069413975875,5.596215689638499,10.225369244013963,10.222391729200101,10.291649429458577,9.847484511308977,0.9997088110225844,1.0001882138557185
tess_gap,70,4096,4096,1.001990460672164,0.060362165127037216,0.005475932360236007,246.7522776559035,22.384862758553997,10.225369244013963,10.224985780193023,10.291649429458577,9.847484511308977,0.9999624987800646,1.0000189398813395
tess_gap,70,8192,8192,1.001990460672164,0.060362165127037216,0.005475932360236007,493.504555311807,44.76972551710799,10.225369244013963,10.225121126860191,10.291649429458577,9.847484511308977,0.9999757351399395,1.0000113900670151
tess_gap,71,original_auto,256,1.1615180682195592,0.07999124042984107,0.0020958091838671825,17.630167029109398,0.4619189022969036,14.367559490525652,14.375155686974399,14.507205763664816,14.059982161403923,1.0005287047152132,1.00225627624105
tess_gap,71,1024,1024,1.1615180682195592,0.07999124042984107,0.0020958091838671825,70.52066811643759,1.8476756091876143,14.367559490525652,14.365095841162061,14.507205763664816,14.059982161403923,0.999828526941878,1.0002396596672127
tess_gap,71,4096,4096,1.1615180682195592,0.07999124042984107,0.0020958091838671825,282.08267246575036,7.390702436750457,14.367559490525652,14.367256484133046,14.507205763664816,14.059982161403923,0.9999789103784253,1.0001201088418972
tess_gap,71,8192,8192,1.1615180682195592,0.07999124042984107,0.0020958091838671825,564.1653449315007,14.781404873500914,14.367559490525652,14.367687143088895,14.507205763664816,14.059982161403923,1.0000088847770792,1.0001135799076482
tess_gap,72,original_auto,256,2.031751890139231,0.10576107694370067,0.00969784184049776,13.3258572707576,1.2219245485713794,6.137557359725063,6.127137128400937,6.1489130937175025,5.860960158913985,0.9983022185026728,1.0039709067815854
tess_gap,72,1024,1024,2.031751890139231,0.10576107694370067,0.00969784184049776,53.3034290830304,4.887698194285518,6.137557359725063,6.135455236866634,6.1489130937175025,5.860960158913985,0.9996574984582265,1.0002461541246015
tess_gap,72,4096,4096,2.031751890139231,0.10576107694370067,0.00969784184049776,213.2137163321216,19.55079277714207,6.137557359725063,6.13765029442186,6.1489130937175025,5.860960158913985,1.0000151419679442,1.0000178336708525
tess_gap,72,8192,8192,2.031751890139231,0.10576107694370067,0.00969784184049776,426.4274326642432,39.10158555428414,6.137557359725063,6.137520315239831,6.1489130937175025,5.860960158913985,0.999993964295067,1.0000061629486106
tess_gap,73,original_auto,1024,10.8705257901013,0.14398392983517663,0.005061516230058141,13.563239441966948,0.476793185505265,7.993975109988975,8.004489844556907,8.051731607967287,7.826103911107028,1.0013153324126307,1.0029699651023838
tess_gap,73,1024,1024,10.8705257901013,0.14398392983517663,0.005061516230058141,13.563239441966948,0.476793185505265,7.993975109988975,8.004489844556907,8.051731607967287,7.826103911107028,1.0013153324126307,1.0029699651023838
tess_gap,73,4096,4096,10.8705257901013,0.14398392983517663,0.005061516230058141,54.25295776786779,1.90717274202106,7.993975109988975,7.9961436851476035,8.051731607967287,7.826103911107028,1.000271276195984,1.0003600681484148
tess_gap,73,8192,8192,10.8705257901013,0.14398392983517663,0.005061516230058141,108.50591553573558,3.81434548404212,7.993975109988975,7.994446712941127,8.051731607967287,7.826103911107028,1.0000589947986658,1.0002500981582063
tess_gap,74,original_auto,512,6.716454059957237,0.13095435082203796,0.004024627317060478,9.982741938282583,0.30680016090932427,10.056311630285812,10.043179519562692,10.108476274421388,9.856784491290181,0.9986941424245872,1.0050203461142861
tess_gap,74,1024,1024,6.716454059957237,0.13095435082203796,0.004024627317060478,19.965483876565166,0.6136003218186485,10.056311630285812,10.048900185371224,10.108476274421388,9.856784491290181,0.9992630056439115,1.0017556065472402
tess_gap,74,4096,4096,6.716454059957237,0.13095435082203796,0.004024627317060478,79.86193550626066,2.454401287274594,10.056311630285812,10.05590907410363,10.108476274421388,9.856784491290181,0.9999599697983732,1.0002712724953242
tess_gap,74,8192,8192,6.716454059957237,0.13095435082203796,0.004024627317060478,159.72387101252133,4.908802574549188,10.056311630285812,10.05447776475043,10.108476274421388,9.856784491290181,0.9998176403434179,1.0002026954396386
tess_gap,75,original_auto,512,5.859129330909664,0.1424067991551726,0.014605187001574912,12.444217741158534,1.2762742247994334,14.143787016448632,14.116920694863241,14.164328276174288,13.359392373558558,0.9981004859904814,1.002905286221135
tess_gap,75,1024,1024,5.859129330909664,0.1424067991551726,0.014605187001574912,24.888435482317067,2.552548449598867,14.143787016448632,14.132448495092483,14.164328276174288,13.359392373558558,0.9991983390768707,1.0007673755593338
tess_gap,75,4096,4096,5.859129330909664,0.1424067991551726,0.014605187001574912,99.55374192926827,10.210193798395467,14.143787016448632,14.143636575586015,14.164328276174288,13.359392373558558,0.9999893634666273,1.0000532935403703
tess_gap,75,8192,8192,5.859129330909664,0.1424067991551726,0.014605187001574912,199.10748385853654,20.420387596790935,14.143787016448632,14.143753799256169,14.164328276174288,13.359392373558558,0.9999976514640369,1.0000157689477112
tess_gap,76,original_auto,256,3.745591185669468,0.10757487716048354,0.003333249993243359,7.352422404892427,0.22781770779871782,6.046491235649436,6.017390744614982,6.086769008690746,5.937049876786242,0.995187210251314,1.0094382075234547
tess_gap,76,1024,1024,3.745591185669468,0.10757487716048354,0.003333249993243359,29.409689619569708,0.9112708311948713,6.046491235649436,6.044017865572751,6.086769008690746,5.937049876786242,0.9995909412615862,1.000825964683034
tess_gap,76,4096,4096,3.745591185669468,0.10757487716048354,0.003333249993243359,117.63875847827883,3.645083324779485,6.046491235649436,6.0448034296524416,6.086769008690746,5.937049876786242,0.9997208619129317,1.000098009138311
tess_gap,76,8192,8192,3.745591185669468,0.10757487716048354,0.003333249993243359,235.27751695655766,7.29016664955897,6.046491235649436,6.046785696205296,6.086769008690746,5.937049876786242,1.0000486994100188,1.0000600307791183
tess_gap,77,original_auto,256,0.9356581744291943,0.06933217778380296,0.009644922283630172,18.96957457084314,2.6388911806553907,8.234400395630992,8.228028996475024,8.288886793494825,7.807653167361496,0.9992262461320985,1.001711714312882
tess_gap,77,1024,1024,0.9356581744291943,0.06933217778380296,0.009644922283630172,75.87829828337256,10.555564722621563,8.234400395630992,8.235061896419504,8.288886793494825,7.807653167361496,1.0000803338138455,1.0001164967941347
tess_gap,77,4096,4096,0.9356581744291943,0.06933217778380296,0.009644922283630172,303.51319313349023,42.22225889048625,8.234400395630992,8.234352509804488,8.288886793494825,7.807653167361496,0.9999941846613957,1.0000090398538244
tess_gap,77,8192,8192,0.9356581744291943,0.06933217778380296,0.009644922283630172,607.0263862669805,84.4445177809725,8.234400395630992,8.234600319129461,8.288886793494825,7.807653167361496,1.0000242790596598,1.0000033685666472
tess_gap,78,original_auto,256,2.9243893108074945,0.08976433820053563,0.007160098077851153,7.857938234971827,0.6267924387344186,10.107690718922107,10.068866920750787,10.149030706420007,9.645967711979784,0.9961589843564722,1.014772478954151
tess_gap,78,1024,1024,2.9243893108074945,0.08976433820053563,0.007160098077851153,31.431752939887307,2.5071697549376744,10.107690718922107,10.099468663642126,10.149030706420007,9.645967711979784,0.9991865545248046,1.0008270297829838
tess_gap,78,4096,4096,2.9243893108074945,0.08976433820053563,0.007160098077851153,125.72701175954923,10.028679019750697,10.107690718922107,10.105841993019103,10.149030706420007,9.645967711979784,0.9998170971041345,1.0000617338748958
tess_gap,78,8192,8192,2.9243893108074945,0.08976433820053563,0.007160098077851153,251.45402351909846,20.057358039501395,10.107690718922107,10.106197827901694,10.149030706420007,9.645967711979784,0.9998523014740035,1.0000241461246608
tess_gap,79,original_auto,256,2.101016792014794,0.09175763076757824,0.011957264852904187,11.180278789668344,1.4569420929796726,14.178190654889049,14.13677258861113,14.238098148983944,13.445462616462102,0.9970787481078457,1.0047353406649224
tess_gap,79,1024,1024,2.101016792014794,0.09175763076757824,0.011957264852904187,44.72111515867338,5.82776837191869,14.178190654889049,14.178337338757782,14.238098148983944,13.445462616462102,1.0000103457396154,1.0003018621397044
tess_gap,79,4096,4096,2.101016792014794,0.09175763076757824,0.011957264852904187,178.8844606346935,23.31107348767476,14.178190654889049,14.177648720573904,14.238098148983944,13.445462616462102,0.99996177690593,1.0000210318847926
tess_gap,79,8192,8192,2.101016792014794,0.09175763076757824,0.011957264852904187,357.768921269387,46.62214697534952,14.178190654889049,14.178723966047738,14.238098148983944,13.445462616462102,1.0000376148954173,1.000006331564697
tess_gap,80,original_auto,256,2.432361272877817,0.07306559031091996,0.008082779291606484,7.689972426450112,0.8506925026820225,6.051283058886389,6.032778395720602,6.084782566567601,5.771103786842115,0.9969420265114498,1.0101376330604295
tess_gap,80,1024,1024,2.432361272877817,0.07306559031091996,0.008082779291606484,30.759889705800447,3.40277001072809,6.051283058886389,6.052091066323871,6.084782566567601,5.771103786842115,1.0001335266305706,1.0006300885888746
tess_gap,80,4096,4096,2.432361272877817,0.07306559031091996,0.008082779291606484,123.03955882320179,13.61108004291236,6.051283058886389,6.0513459298044685,6.084782566567601,5.771103786842115,1.0000103896838848,1.0000440199850875
tess_gap,80,8192,8192,2.432361272877817,0.07306559031091996,0.008082779291606484,246.07911764640357,27.22216008582472,6.051283058886389,6.0509301068096635,6.084782566567601,5.771103786842115,0.9999416731834735,1.0000145656765658
tess_gap,81,original_auto,256,2.782463255434417,0.0949262301746168,0.0031158898214491554,8.733669663827364,0.28667684747788214,8.069304911497813,8.027129353118843,8.12046557633632,7.884849897983018,0.9947733344022142,1.0093894439336177
tess_gap,81,1024,1024,2.782463255434417,0.0949262301746168,0.0031158898214491554,34.934678655309455,1.1467073899115285,8.069304911497813,8.065396704899666,8.12046557633632,7.884849897983018,0.9995156699813662,1.0007199088115517
tess_gap,81,4096,4096,2.782463255434417,0.0949262301746168,0.0031158898214491554,139.73871462123782,4.586829559646114,8.069304911497813,8.069444301166893,8.12046557633632,7.884849897983018,1.0000172740614723,1.0001276330605018
tess_gap,81,8192,8192,2.782463255434417,0.0949262301746168,0.0031158898214491554,279.47742924247564,9.173659119292228,8.069304911497813,8.068705885447278,8.12046557633632,7.884849897983018,0.999925764851235,1.0000963107593515
tess_gap,82,original_auto,256,1.3519578755826804,0.09075768679143846,0.008760780736975178,17.18542288796878,1.6588977431704655,10.305174767059073,10.294679728213838,10.336167545086502,9.839663903609482,0.9989815758507286,1.002141678985288
tess_gap,82,1024,1024,1.3519578755826804,0.09075768679143846,0.008760780736975178,68.74169155187512,6.635590972681862,10.305174767059073,10.304638554406798,10.336167545086502,9.839663903609482,0.9999479666609838,1.000142315170232
tess_gap,82,4096,4096,1.3519578755826804,0.09075768679143846,0.008760780736975178,274.9667662075005,26.542363890727447,10.305174767059073,10.305144094705879,10.336167545086502,9.839663903609482,0.99999702359699,1.0000102837538052
tess_gap,82,8192,8192,1.3519578755826804,0.09075768679143846,0.008760780736975178,549.933532415001,53.084727781454895,10.305174767059073,10.305302168830456,10.336167545086502,9.839663903609482,1.000012362892844,1.0000048335830296
tess_gap,83,original_auto,256,1.3698555500133613,0.09295693908809267,0.008579413682914927,17.371887427341964,1.6033295647886368,14.403649018409277,14.3980239162146,14.443618677025896,13.712121032627095,0.9996094668658276,1.0026028658418455
tess_gap,83,1024,1024,1.3698555500133613,0.09295693908809267,0.008579413682914927,69.48754970936785,6.413318259154547,14.403649018409277,14.40340219187624,14.443618677025896,13.712121032627095,0.9999828636109696,1.000156373818664
tess_gap,83,4096,4096,1.3698555500133613,0.09295693908809267,0.008579413682914927,277.9501988374714,25.653273036618188,14.403649018409277,14.403335281786816,14.443618677025896,13.712121032627095,0.999978218254134,1.0000122339740078
tess_gap,83,8192,8192,1.3698555500133613,0.09295693908809267,0.008579413682914927,555.9003976749428,51.306546073236376,14.403649018409277,14.404203425915608,14.443618677025896,13.712121032627095,1.0000384907675564,1.00000525087229
tess_gap,84,original_auto,512,6.500281447296276,0.13930896704298476,0.016250262931912743,10.97278505620331,1.2799652889799098,6.036353875351562,6.0317687729413185,6.050882531961525,5.611953478685307,0.9992404185531657,1.0050190099627092
tess_gap,84,1024,1024,6.500281447296276,0.13930896704298476,0.016250262931912743,21.94557011240662,2.5599305779598196,6.036353875351562,6.039320774740254,6.050882531961525,5.611953478685307,1.0004915052115826,1.0014368909131677
tess_gap,84,4096,4096,6.500281447296276,0.13930896704298476,0.016250262931912743,87.78228044962648,10.239722311839278,6.036353875351562,6.03570836355402,6.050882531961525,5.611953478685307,0.9998930626317026,1.000079706699789
tess_gap,84,8192,8192,6.500281447296276,0.13930896704298476,0.016250262931912743,175.56456089925297,20.479444623678557,6.036353875351562,6.036179908202497,6.050882531961525,5.611953478685307,0.9999711800943654,1.0000205713903139
tess_gap,85,original_auto,512,9.04409446294825,0.15686784615363297,0.008380504033043745,8.880528344733595,0.47443313230495054,8.029838854841593,8.020554449702756,8.060935400104533,7.7254714774774795,0.998843761960025,1.0066745622070115
tess_gap,85,1024,1024,9.04409446294825,0.15686784615363297,0.008380504033043745,17.76105668946719,0.9488662646099011,8.029838854841593,8.035120356859254,8.060935400104533,7.7254714774774795,1.0006577344966863,1.0021741531238757
tess_gap,85,4096,4096,9.04409446294825,0.15686784615363297,0.008380504033043745,71.04422675786876,3.7954650584396044,8.029838854841593,8.031269045729545,8.060935400104533,7.7254714774774795,1.000178109537913,1.0001444739199437
tess_gap,85,8192,8192,9.04409446294825,0.15686784615363297,0.008380504033043745,142.0884535157375,7.590930116879209,8.029838854841593,8.028678462580903,8.060935400104533,7.7254714774774795,0.999855489969143,1.0000433930634045
tess_gap,86,original_auto,256,1.0167510191813258,0.0752074561903963,0.0020569560547474483,18.935912943803878,0.5179053082625307,10.278544096134294,10.27568360456205,10.36873781802191,10.046046023538239,0.9997217026511255,1.0018747450482892
tess_gap,86,1024,1024,1.0167510191813258,0.0752074561903963,0.0020569560547474483,75.74365177521551,2.0716212330501227,10.278544096134294,10.2792363005907,10.36873781802191,10.046046023538239,1.0000673446015245,1.0001824533962098
tess_gap,86,4096,4096,1.0167510191813258,0.0752074561903963,0.0020569560547474483,302.97460710086204,8.28648493220049,10.278544096134294,10.27808951567292,10.36873781802191,10.046046023538239,0.9999557738472374,1.0000648092383289
tess_gap,86,8192,8192,1.0167510191813258,0.0752074561903963,0.0020569560547474483,605.9492142017241,16.57296986440098,10.278544096134294,10.278024031101788,10.36873781802191,10.046046023538239,0.9999494028504775,1.0000592615735975
tess_gap,87,original_auto,256,2.263049997971806,0.07192007817215687,0.0036714196970405663,8.135719506229634,0.4153171354078472,14.13348327398617,14.080224822129567,14.207559847252648,13.820750851892095,0.996231753289394,1.0075601166315977
tess_gap,87,1024,1024,2.263049997971806,0.07192007817215687,0.0036714196970405663,32.54287802491854,1.6612685416313888,14.13348327398617,14.117738544355142,14.207559847252648,13.820750851892095,0.9988859979294695,1.0010110550201068
tess_gap,87,4096,4096,2.263049997971806,0.07192007817215687,0.0036714196970405663,130.17151209967415,6.645074166525555,14.13348327398617,14.131407065824963,14.207559847252648,13.820750851892095,0.9998531000376227,1.0004085571882189
tess_gap,87,8192,8192,2.263049997971806,0.07192007817215687,0.0036714196970405663,260.3430241993483,13.29014833305111,14.13348327398617,14.132666540371215,14.207559847252648,13.820750851892095,0.9999422128572891,1.0003756590333408
tess_gap,88,original_auto,256,0.9087228286755782,0.07208149359044302,0.004143754650232118,20.30637041004859,1.1673539576478904,6.204318299529827,6.204613056163384,6.242599350055569,6.003402899069642,1.0000475083029798,1.0015549880473849
tess_gap,88,1024,1024,0.9087228286755782,0.07208149359044302,0.004143754650232118,81.22548164019436,4.669415830591562,6.204318299529827,6.203645167191458,6.242599350055569,6.003402899069642,0.9998915058341832,1.0000918180210296
tess_gap,88,4096,4096,0.9087228286755782,0.07208149359044302,0.004143754650232118,324.90192656077744,18.677663322366246,6.204318299529827,6.203873108218748,6.242599350055569,6.003402899069642,0.9999282449272288,1.0000081296740158
tess_gap,88,8192,8192,0.9087228286755782,0.07208149359044302,0.004143754650232118,649.8038531215549,37.35532664473249,6.204318299529827,6.204103167514996,6.242599350055569,6.003402899069642,0.9999653254387596,1.0000043175298658
tess_gap,89,original_auto,256,3.164397979161927,0.12088864685560625,0.011352534658239509,9.779899304331963,0.9184207838734045,8.123446674311678,8.092355421135759,8.137951323289435,7.730318255001296,0.9961726525177745,1.0051629812771568
tess_gap,89,1024,1024,3.164397979161927,0.12088864685560625,0.011352534658239509,39.11959721732785,3.673683135493618,8.123446674311678,8.120767542213603,8.137951323289435,7.730318255001296,0.9996701976137116,1.0004393639278877
tess_gap,89,4096,4096,3.164397979161927,0.12088864685560625,0.011352534658239509,156.4783888693114,14.694732541974473,8.123446674311678,8.122515938594452,8.137951323289435,7.730318255001296,0.9998854260076367,1.0000293708861883
tess_gap,89,8192,8192,3.164397979161927,0.12088864685560625,0.011352534658239509,312.9567777386228,29.389465083948945,8.123446674311678,8.123064657570303,8.137951323289435,7.730318255001296,0.9999529735644621,1.000007973165315
tess_gap,90,original_auto,256,3.5453723484555364,0.09821601923867372,0.007383992377802302,7.091864677077881,0.5331744772987971,10.107376970335668,10.048806830764216,10.136671471606597,9.71119004345639,0.9942052087556098,1.0139376483630784
tess_gap,90,1024,1024,3.5453723484555364,0.09821601923867372,0.007383992377802302,28.367458708311524,2.1326979091951883,10.107376970335668,10.098105084568703,10.136671471606597,9.71119004345639,0.9990826615259154,1.0007705993748826
tess_gap,90,4096,4096,3.5453723484555364,0.09821601923867372,0.007383992377802302,113.4698348332461,8.530791636780753,10.107376970335668,10.105690629121131,10.136671471606597,9.71119004345639,0.9998331573840091,1.0000624653657786
tess_gap,90,8192,8192,3.5453723484555364,0.09821601923867372,0.007383992377802302,226.9396696664922,17.061583273561507,10.107376970335668,10.107765448350285,10.136671471606597,9.71119004345639,1.0000384350970344,1.00002525333096
tess_gap,91,original_auto,256,1.4207135006254257,0.08971934125121939,0.004337346848393472,16.166631308987448,0.7815515180927939,14.34343601580245,14.331151234201041,14.42462107515675,13.884029261799853,0.9991435258896213,1.0027390839221249
tess_gap,91,1024,1024,1.4207135006254257,0.08971934125121939,0.004337346848393472,64.66652523594979,3.1262060723711755,14.34343601580245,14.342697129414827,14.42462107515675,13.884029261799853,0.9999484860958833,1.0001821881703463
tess_gap,91,4096,4096,1.4207135006254257,0.08971934125121939,0.004337346848393472,258.66610094379917,12.504824289484702,14.34343601580245,14.342766283370144,14.42462107515675,13.884029261799853,0.9999533073922059,1.0000199755754169
tess_gap,91,8192,8192,1.4207135006254257,0.08971934125121939,0.004337346848393472,517.3322018875983,25.009648578969404,14.34343601580245,14.34316822246836,14.42462107515675,13.884029261799853,0.9999813299035326,1.0000110312377073
tess_gap,92,original_auto,256,2.6130877969216297,0.09461141048123313,0.006213881562139596,9.268927401417155,0.6087639618468761,6.075065190959472,6.0537874917326375,6.100535336262814,5.874727540808544,0.9964975356546794,1.0072101485098004
tess_gap,92,1024,1024,2.6130877969216297,0.09461141048123313,0.006213881562139596,37.07570960566862,2.4350558473875044,6.075065190959472,6.075078945140498,6.100535336262814,5.874727540808544,1.000002264038425,1.000419238690934
tess_gap,92,4096,4096,2.6130877969216297,0.09461141048123313,0.006213881562139596,148.30283842267448,9.740223389550017,6.075065190959472,6.074856924320402,6.100535336262814,5.874727540808544,0.9999657177935507,1.0000283175997817
tess_gap,92,8192,8192,2.6130877969216297,0.09461141048123313,0.006213881562139596,296.60567684534897,19.480446779100035,6.075065190959472,6.074635052428136,6.100535336262814,5.874727540808544,0.9999291960632825,1.0000094551129743
tess_gap,93,original_auto,256,1.715620455026424,0.09782703923543334,0.009459232951857126,14.59747228525858,1.411479811039049,8.209614066692467,8.198778390736479,8.22774605894774,7.852601738241947,0.9986801235882756,1.0028832173514801
tess_gap,93,1024,1024,1.715620455026424,0.09782703923543334,0.009459232951857126,58.38988914103432,5.645919244156196,8.209614066692467,8.20806437674215,8.22774605894774,7.852601738241947,0.999811234737988,1.0001763295878618
tess_gap,93,4096,4096,1.715620455026424,0.09782703923543334,0.009459232951857126,233.55955656413727,22.583676976624783,8.209614066692467,8.20963298544268,8.22774605894774,7.852601738241947,1.0000023044627993,1.0000123815497437
tess_gap,93,8192,8192,1.715620455026424,0.09782703923543334,0.009459232951857126,467.11911312827453,45.16735395324957,8.209614066692467,8.209586037376528,8.22774605894774,7.852601738241947,0.9999965857937156,1.000004167964121
tess_gap,94,original_auto,512,7.044418600511581,0.15830884688715835,0.014679719162289454,11.506148939010913,1.06694627865334,10.092865885519558,10.04987123787337,10.100814588621997,9.560890511341551,0.9957400952183588,1.0040569166534483
tess_gap,94,1024,1024,7.044418600511581,0.15830884688715835,0.014679719162289454,23.012297878021826,2.13389255730668,10.092865885519558,10.07742791929115,10.100814588621997,9.560890511341551,0.9984704080680833,1.001233613397005
tess_gap,94,4096,4096,7.044418600511581,0.15830884688715835,0.014679719162289454,92.0491915120873,8.53557022922672,10.092865885519558,10.092685707192672,10.100814588621997,9.560890511341551,0.9999821479519366,1.0000892331458715
tess_gap,94,8192,8192,7.044418600511581,0.15830884688715835,0.014679719162289454,184.0983830241746,17.07114045845344,10.092865885519558,10.092343947550445,10.100814588621997,9.560890511341551,0.9999482864455911,1.0000239860956597
tess_gap,95,original_auto,256,1.348662268126552,0.08395074505584704,0.009677950317735842,15.93533921887714,1.8370464866507954,14.346035946305115,14.337740220473226,14.401120344293032,13.597336720319054,0.9994217409002083,1.0026791487057283
tess_gap,95,1024,1024,1.348662268126552,0.08395074505584704,0.009677950317735842,63.74135687550856,7.348185946603182,14.346035946305115,14.345841637460277,14.401120344293032,13.597336720319054,0.9999864555724267,1.000172495871713
tess_gap,95,4096,4096,1.348662268126552,0.08395074505584704,0.009677950317735842,254.96542750203423,29.392743786412726,14.346035946305115,14.346043454497845,14.401120344293032,13.597336720319054,1.00000052336358,1.0000125551485002
tess_gap,95,8192,8192,1.348662268126552,0.08395074505584704,0.009677950317735842,509.93085500406846,58.78548757282545,14.346035946305115,14.346036851592709,14.401120344293032,13.597336720319054,1.0000000631036754,1.0000047505478802
tess_gap,96,original_auto,512,7.898497438183494,0.15796135768650896,0.016028078618505207,10.239443105281628,1.038979415629459,6.0419394951976315,6.023232208463033,6.047557946418581,5.798024841939878,0.9969037613254041,1.004494826811975
tess_gap,96,1024,1024,7.898497438183494,0.15796135768650896,0.016028078618505207,20.478886210563257,2.077958831258918,6.0419394951976315,6.035974301398113,6.047557946418581,5.798024841939878,0.9990127021622345,1.000975392639866
tess_gap,96,4096,4096,7.898497438183494,0.15796135768650896,0.016028078618505207,81.91554484225303,8.311835325035672,6.0419394951976315,6.041378953435037,6.047557946418581,5.798024841939878,0.9999072248633009,1.000074042094912
tess_gap,96,8192,8192,7.898497438183494,0.15796135768650896,0.016028078618505207,163.83108968450605,16.623670650071343,6.0419394951976315,6.041635281329891,6.047557946418581,5.798024841939878,0.9999496496335354,1.0000192638093448
tess_gap,97,original_auto,256,1.5626565611587229,0.05761692215848817,0.007984161983465042,9.439010745672595,1.3079940394909604,8.104681205480723,8.039538558494781,8.140032186815587,7.56028067959073,0.9919623430787272,1.005178280409003
tess_gap,97,1024,1024,1.5626565611587229,0.05761692215848817,0.007984161983465042,37.75604298269038,5.2319761579638415,8.104681205480723,8.098986282573591,8.140032186815587,7.56028067959073,0.9992973291900389,1.0006587904972062
tess_gap,97,4096,4096,1.5626565611587229,0.05761692215848817,0.007984161983465042,151.02417193076153,20.927904631855366,8.104681205480723,8.103563033927452,8.140032186815587,7.56028067959073,0.9998620338635263,1.0000532899446495
tess_gap,97,8192,8192,1.5626565611587229,0.05761692215848817,0.007984161983465042,302.04834386152305,41.85580926371073,8.104681205480723,8.104702003747573,8.140032186815587,7.56028067959073,1.0000025662041876,1.0000210817472779
tess_gap,98,original_auto,256,3.45293778267239,0.1110761659416242,0.00628559024922172,8.235160976184238,0.46601219166926144,10.111344649840817,10.024460374558883,10.151233279697172,9.773563333105889,0.9914072481662168,1.0073049403897432
tess_gap,98,1024,1024,3.45293778267239,0.1110761659416242,0.00628559024922172,32.94064390473695,1.8640487666770458,10.111344649840817,10.10078464933321,10.151233279697172,9.773563333105889,0.9989556284674984,1.000717176544077
tess_gap,98,4096,4096,3.45293778267239,0.1110761659416242,0.00628559024922172,131.7625756189478,7.456195066708183,10.111344649840817,10.109661234739416,10.151233279697172,9.773563333105889,0.999833512241972,1.000056536358291
tess_gap,98,8192,8192,3.45293778267239,0.1110761659416242,0.00628559024922172,263.5251512378956,14.912390133416366,10.111344649840817,10.111023462914085,10.151233279697172,9.773563333105889,0.9999682349936775,1.000021346351354
tess_gap,99,original_auto,256,1.314602417042482,0.06383887033029693,0.002911441732976028,12.431706037269436,0.5669615953686303,14.247508716452456,14.23122255959544,14.362729150697758,13.891867659780573,0.9988569119569507,1.0040502117099503
tess_gap,99,1024,1024,1.314602417042482,0.06383887033029693,0.002911441732976028,49.72682414907774,2.2678463814745213,14.247508716452456,14.248522408051642,14.362729150697758,13.891867659780573,1.0000711486912806,1.000476917683276
tess_gap,99,4096,4096,1.314602417042482,0.06383887033029693,0.002911441732976028,198.90729659631097,9.071385525898085,14.247508716452456,14.247648472663156,14.362729150697758,13.891867659780573,1.0000098091682892,1.0002266061381055
tess_gap,99,8192,8192,1.314602417042482,0.06383887033029693,0.002911441732976028,397.81459319262194,18.14277105179617,14.247508716452456,14.247261565953316,14.362729150697758,13.891867659780573,0.9999826530726137,1.0002134158531577
tess_gap,100,original_auto,512,4.559831467404911,0.12868083533604188,0.0031488323982609076,14.448908509671224,0.35356617880158636,6.03155681053465,6.030858549623485,6.0794326605465905,5.905303542377641,0.9998842320593009,1.002820229257587
tess_gap,100,1024,1024,4.559831467404911,0.12868083533604188,0.0031488323982609076,28.897817019342448,0.7071323576031727,6.03155681053465,6.029577434583587,6.0794326605465905,5.905303542377641,0.9996718300078669,1.0007282123437125
tess_gap,100,4096,4096,4.559831467404911,0.12868083533604188,0.0031488323982609076,115.59126807736979,2.828529430412691,6.03155681053465,6.030281527434264,6.0794326605465905,5.905303542377641,0.9997885648530809,1.000102837275635
tess_gap,100,8192,8192,4.559831467404911,0.12868083533604188,0.0031488323982609076,231.18253615473958,5.657058860825382,6.03155681053465,6.031175978306897,6.0794326605465905,5.905303542377641,0.9999368600446426,1.0000672167854234
tess_gap,101,original_auto,512,5.207455030816456,0.12038579326878293,0.007660379784998596,11.836401042133042,0.7531729850203522,8.063182446327385,8.069931146862091,8.09103747896605,7.783065625897048,1.0008369772828072,1.0040059910492813
tess_gap,101,1024,1024,5.207455030816456,0.12038579326878293,0.007660379784998596,23.672802084266085,1.5063459700407045,8.063182446327385,8.068155069373438,8.09103747896605,7.783065625897048,1.0006167072466923,1.0009014872180972
tess_gap,101,4096,4096,5.207455030816456,0.12038579326878293,0.007660379784998596,94.69120833706434,6.025383880162818,8.063182446327385,8.063691779404811,8.09103747896605,7.783065625897048,1.0000631677480718,1.0000620732068066
tess_gap,101,8192,8192,5.207455030816456,0.12038579326878293,0.007660379784998596,189.38241667412868,12.050767760325636,8.063182446327385,8.06314889254603,8.09103747896605,7.783065625897048,0.9999958386429206,1.00002143236791
tess_gap,102,original_auto,512,5.8693204594143715,0.1398726013457323,0.014961394283127996,12.201544009093091,1.3051313053923548,10.095899284125448,10.06063825815898,10.111543464290975,9.575574254539685,0.9965073912710369,1.0035873590457227
tess_gap,102,1024,1024,5.8693204594143715,0.1398726013457323,0.014961394283127996,24.403088018186182,2.6102626107847096,10.095899284125448,10.085848484178541,10.111543464290975,9.575574254539685,0.9990044670946044,1.000824244546074
tess_gap,102,4096,4096,5.8693204594143715,0.1398726013457323,0.014961394283127996,97.61235207274473,10.441050443138838,10.095899284125448,10.095131443744231,10.111543464290975,9.575574254539685,0.9999239453208072,1.0000568954573468
tess_gap,102,8192,8192,5.8693204594143715,0.1398726013457323,0.014961394283127996,195.22470414548945,20.882100886277676,10.095899284125448,10.09572869110454,10.111543464290975,9.575574254539685,0.9999831027414094,1.0000154773251
tess_gap,103,original_auto,256,1.3949867999121837,0.08618706941076844,0.00958067587407424,15.816558099722286,1.758190847338056,14.358988113087081,14.347377098013125,14.420749552255018,13.616727860516246,0.9991913765104817,1.0025620139680973
tess_gap,103,1024,1024,1.3949867999121837,0.08618706941076844,0.00958067587407424,63.266232398889144,7.032763389352224,14.358988113087081,14.3561205157701,14.420749552255018,13.616727860516246,0.9998002925210051,1.0001551477994886
tess_gap,103,4096,4096,1.3949867999121837,0.08618706941076844,0.00958067587407424,253.06492959555658,28.131053557408897,14.358988113087081,14.358623946466457,14.420749552255018,13.616727860516246,0.9999746384203569,1.0000115756822578
tess_gap,103,8192,8192,1.3949867999121837,0.08618706941076844,0.00958067587407424,506.12985919111316,56.262107114817795,14.358988113087081,14.358854240350723,14.420749552255018,13.616727860516246,0.999990676729077,1.0000038837251317
tess_gap,104,original_auto,256,0.8090715257559256,0.05893333317871628,0.002333603065647307,18.647218216776892,0.7383801873975854,6.163796186922401,6.1798314759342095,6.231695397405788,6.015417525339579,1.0026015281046818,1.0018143169542677
tess_gap,104,1024,1024,0.8090715257559256,0.05893333317871628,0.002333603065647307,74.58887286710757,2.9535207495903415,6.163796186922401,6.163694191320152,6.231695397405788,6.015417525339579,0.9999834524700111,1.000145114413881
tess_gap,104,4096,4096,0.8090715257559256,0.05893333317871628,0.002333603065647307,298.3554914684303,11.814082998361366,6.163796186922401,6.16368609381803,6.231695397405788,6.015417525339579,0.9999821387500443,1.0000343313849733
tess_gap,104,8192,8192,0.8090715257559256,0.05893333317871628,0.002333603065647307,596.7109829368605,23.628165996722732,6.163796186922401,6.163652412820937,6.231695397405788,6.015417525339579,0.9999766744231796,1.000029661244244
tess_gap,105,original_auto,256,3.1253878303979437,0.11629070087867473,0.0055689961629163814,9.52535206523479,0.4561555541492812,8.122705745978278,8.09234702869084,8.159267419243303,7.824890323967357,0.9962624871272151,1.00758041927709
tess_gap,105,1024,1024,3.1253878303979437,0.11629070087867473,0.0055689961629163814,38.10140826093916,1.8246222165971249,8.122705745978278,8.124285313582426,8.159267419243303,7.824890323967357,1.0001944632310398,1.000655447745103
tess_gap,105,4096,4096,3.1253878303979437,0.11629070087867473,0.0055689961629163814,152.40563304375664,7.2984888663884995,8.122705745978278,8.122997810031826,8.159267419243303,7.824890323967357,1.0000359564980785,1.0000443441812676
tess_gap,105,8192,8192,3.1253878303979437,0.11629070087867473,0.0055689961629163814,304.8112660875133,14.596977732776999,8.122705745978278,8.122685970459733,8.159267419243303,7.824890323967357,0.9999975654025686,1.0000150980840103
tess_gap,106,original_auto,256,1.1898600914831066,0.08393123890986182,0.004152912440931009,18.05791900637898,0.8935047006687782,10.302825476783976,10.296081313230577,10.363337096513563,9.99350601283446,0.9993454064063692,1.0020710466920866
tess_gap,106,1024,1024,1.1898600914831066,0.08393123890986182,0.004152912440931009,72.23167602551592,3.5740188026751127,10.302825476783976,10.303028316435222,10.363337096513563,9.99350601283446,1.0000196877693117,1.0001388291527775
tess_gap,106,4096,4096,1.1898600914831066,0.08393123890986182,0.004152912440931009,288.9267041020637,14.296075210700451,10.302825476783976,10.302639471181395,10.363337096513563,9.99350601283446,0.9999819461561297,1.000013560700305
tess_gap,106,8192,8192,1.1898600914831066,0.08393123890986182,0.004152912440931009,577.8534082041274,28.592150421400902,10.302825476783976,10.302806772518256,10.363337096513563,9.99350601283446,0.9999981845498828,1.0000065624641614
tess_gap,107,original_auto,512,9.335596507643057,0.16721836700221196,0.007980174321303574,9.170898060454823,0.4376634368422353,14.02159681883855,13.961727201136489,14.072753282137656,13.574283898356708,0.9957301854791871,1.005121287622945
tess_gap,107,1024,1024,9.335596507643057,0.16721836700221196,0.007980174321303574,18.341796120909645,0.8753268736844706,14.02159681883855,14.016681307063301,14.072753282137656,13.574283898356708,0.9996494328114867,1.001547937362408
tess_gap,107,4096,4096,9.335596507643057,0.16721836700221196,0.007980174321303574,73.36718448363858,3.5013074947378824,14.02159681883855,14.025760920677103,14.072753282137656,13.574283898356708,1.000296977718897,1.0001376942298343
tess_gap,107,8192,8192,9.335596507643057,0.16721836700221196,0.007980174321303574,146.73436896727716,7.002614989475765,14.02159681883855,14.018034079129595,14.072753282137656,13.574283898356708,0.9997459105581921,1.0000564686379543
tess_gap,108,original_auto,256,1.5794655996037805,0.07958492525337706,0.0025785607496894847,12.899135549375318,0.4179334783145017,6.102375746986463,6.098697491875825,6.163394981739353,5.947125551853932,0.9993972421130484,1.0034148945573609
tess_gap,108,1024,1024,1.5794655996037805,0.07958492525337706,0.0025785607496894847,51.59654219750127,1.671733913258007,6.102375746986463,6.102110868943824,6.163394981739353,5.947125551853932,0.9999565942751444,1.0002635056048481
tess_gap,108,4096,4096,1.5794655996037805,0.07958492525337706,0.0025785607496894847,206.3861687900051,6.686935653032028,6.102375746986463,6.102571076128593,6.163394981739353,5.947125551853932,1.0000320087045158,1.0000452674009859
tess_gap,108,8192,8192,1.5794655996037805,0.07958492525337706,0.0025785607496894847,412.7723375800102,13.373871306064055,6.102375746986463,6.1020469481697255,6.163394981739353,5.947125551853932,0.9999461195392794,1.0000350871934671
tess_gap,109,original_auto,256,1.7437767542754519,0.08899320274987925,0.0024403614264189785,13.064894831354277,0.35826405165197767,8.136443646580314,8.137958078128571,8.201946361010632,7.97922514516925,1.000186129421408,1.0032304325620374
tess_gap,109,1024,1024,1.7437767542754519,0.08899320274987925,0.0024403614264189785,52.25957932541711,1.4330562066079107,8.136443646580314,8.136625146887209,8.201946361010632,7.97922514516925,1.0000223070809284,1.000301252094438
tess_gap,109,4096,4096,1.7437767542754519,0.08899320274987925,0.0024403614264189785,209.03831730166843,5.732224826431643,8.136443646580314,8.135678893059406,8.201946361010632,7.97922514516925,0.9999060088714276,1.0000682606148683
tess_gap,109,8192,8192,1.7437767542754519,0.08899320274987925,0.0024403614264189785,418.07663460333686,11.464449652863285,8.136443646580314,8.136066347685073,8.201946361010632,7.97922514516925,0.9999536285247426,1.0000566629828844
tess_gap,110,original_auto,256,3.194998980441288,0.11079688673158834,0.0059705677620308095,8.877625056196113,0.47839306254450764,10.106468271518732,10.059834711436794,10.149642260755153,9.792740382594644,0.9953857708915629,1.0084174308665372
tess_gap,110,1024,1024,3.194998980441288,0.11079688673158834,0.0059705677620308095,35.51050022478445,1.9135722501780306,10.106468271518732,10.09948382767533,10.149642260755153,9.792740382594644,0.9993089134942337,1.000491062462904
tess_gap,110,4096,4096,3.194998980441288,0.11079688673158834,0.0059705677620308095,142.0420008991378,7.654289000712122,10.106468271518732,10.107763257409786,10.149642260755153,9.792740382594644,1.0001281343646724,1.0000407306686516
tess_gap,110,8192,8192,3.194998980441288,0.11079688673158834,0.0059705677620308095,284.0840017982756,15.308578001424245,10.106468271518732,10.106266793608349,10.149642260755153,9.792740382594644,0.9999800644592185,1.000016642755978
tess_gap,111,original_auto,512,4.4747334753601375,0.12258964970717326,0.014450253170716292,14.026734999009333,1.6534011833657398,14.143046732294545,14.109933296707547,14.172621109424536,13.26569724868743,0.9976586773547608,1.002744910343269
tess_gap,111,1024,1024,4.4747334753601375,0.12258964970717326,0.014450253170716292,28.053469998018667,3.3068023667314796,14.143046732294545,14.136997699078465,14.172621109424536,13.26569724868743,0.9995722963141833,1.0007858869727155
tess_gap,111,4096,4096,4.4747334753601375,0.12258964970717326,0.014450253170716292,112.21387999207467,13.227209466925919,14.143046732294545,14.14130629820547,14.172621109424536,13.26569724868743,0.9998769406534519,1.0000497571261706
tess_gap,111,8192,8192,4.4747334753601375,0.12258964970717326,0.014450253170716292,224.42775998414933,26.454418933851837,14.143046732294545,14.142663945845007,14.172621109424536,13.26569724868743,0.9999729346542662,1.0000138511650705
tess_gap,112,original_auto,256,1.643095104173961,0.07868276773586383,0.01229500741511427,12.259052132291268,1.9156054267787608,6.088017841199274,6.082992711171483,6.129744924333426,5.716068355502246,0.999174586842735,1.0036142139290656
tess_gap,112,1024,1024,1.643095104173961,0.07868276773586383,0.01229500741511427,49.03620852916507,7.662421707115043,6.088017841199274,6.086753886026182,6.129744924333426,5.716068355502246,0.9997923864209894,1.000265762956666
tess_gap,112,4096,4096,1.643095104173961,0.07868276773586383,0.01229500741511427,196.1448341166603,30.649686828460172,6.088017841199274,6.087759744300982,6.129744924333426,5.716068355502246,0.9999576057585533,1.0000183261867663
tess_gap,112,8192,8192,1.643095104173961,0.07868276773586383,0.01229500741511427,392.2896682333206,61.299373656920345,6.088017841199274,6.088054411266552,6.129744924333426,5.716068355502246,1.000006006892265,1.0000059971024016
tess_gap,113,original_auto,512,4.214737304904099,0.12659279326234638,0.013250043287264077,15.378303666732592,1.6095954913217467,8.116357150062147,8.10095518177862,8.128648058891413,7.660901617117708,0.9981023545417282,1.002270557923619
tess_gap,113,1024,1024,4.214737304904099,0.12659279326234638,0.013250043287264077,30.756607333465183,3.2191909826434935,8.116357150062147,8.112942934377015,8.128648058891413,7.660901617117708,0.999579341369286,1.0006152984388046
tess_gap,113,4096,4096,4.214737304904099,0.12659279326234638,0.013250043287264077,123.02642933386073,12.876763930573974,8.116357150062147,8.115365855112245,8.128648058891413,7.660901617117708,0.9998778645479032,1.0000404734393404
tess_gap,113,8192,8192,4.214737304904099,0.12659279326234638,0.013250043287264077,246.05285866772147,25.753527861147948,8.116357150062147,8.115985346616682,8.128648058891413,7.660901617117708,0.9999541908471263,1.0000113805293769
tess_gap,114,original_auto,512,4.633632274701857,0.12786129806981936,0.006589650165659516,14.128221820528418,0.7281330681413989,10.071808048093766,10.066184437114313,10.096766425465793,9.749690850776371,0.9994416483165087,1.0034190616684715
tess_gap,114,1024,1024,4.633632274701857,0.12786129806981936,0.006589650165659516,28.256443641056837,1.4562661362827978,10.071808048093766,10.066152307370146,10.096766425465793,9.749690850776371,0.9994384582493417,1.0009626388474604
tess_gap,114,4096,4096,4.633632274701857,0.12786129806981936,0.006589650165659516,113.02577456422735,5.825064545131191,10.071808048093766,10.072422838753234,10.096766425465793,9.749690850776371,1.0000610407442767,1.0000722665162656
tess_gap,114,8192,8192,4.633632274701857,0.12786129806981936,0.006589650165659516,226.0515491284547,11.650129090262382,10.071808048093766,10.071071431746823,10.096766425465793,9.749690850776371,0.9999268635439212,1.0000266905499566
tess_gap,115,original_auto,256,2.9441335877279204,0.10959837281479992,0.012185160608276902,9.529860858739559,1.059531105762842,14.172675700994482,14.123014186314617,14.209440433511404,13.27797360055007,0.9964959676120734,1.007396968638519
tess_gap,115,1024,1024,2.9441335877279204,0.10959837281479992,0.012185160608276902,38.119443434958235,4.238124423051368,14.172675700994482,14.171976384326369,14.209440433511404,13.27797360055007,0.9999506573999951,1.0005206957278898
tess_gap,115,4096,4096,2.9441335877279204,0.10959837281479992,0.012185160608276902,152.47777373983294,16.952497692205473,14.172675700994482,14.171578966635247,14.209440433511404,13.27797360055007,0.9999226162806253,1.000033122146335
tess_gap,115,8192,8192,2.9441335877279204,0.10959837281479992,0.012185160608276902,304.9555474796659,33.904995384410945,14.172675700994482,14.172709542709656,14.209440433511404,13.27797360055007,1.0000023878141213,1.000010576819621
tess_gap,116,original_auto,512,3.8315655813465344,0.07965719882681327,0.010164353777306647,10.644339744015403,1.3582304735476038,6.033450714016686,6.007506972252636,6.0587578420533355,5.699002018658476,0.9957000159620466,1.0046448408092101
tess_gap,116,1024,1024,3.8315655813465344,0.07965719882681327,0.010164353777306647,21.288679488030805,2.7164609470952077,6.033450714016686,6.030605488958421,6.0587578420533355,5.699002018658476,0.9995284249108631,1.0016338073990743
tess_gap,116,4096,4096,3.8315655813465344,0.07965719882681327,0.010164353777306647,85.15471795212322,10.86584378838083,6.033450714016686,6.032365162900422,6.0587578420533355,5.699002018658476,0.9998200779010687,1.0001139408806452
tess_gap,116,8192,8192,3.8315655813465344,0.07965719882681327,0.010164353777306647,170.30943590424644,21.73168757676166,6.033450714016686,6.033833441358647,6.0587578420533355,5.699002018658476,1.0000634342369072,1.0000346598397156
tess_gap,117,original_auto,512,6.299574467417648,0.08855635021252814,0.0059300112156082455,7.197446675695977,0.48196362438366747,8.022714989631396,7.970905887853555,8.055894354209142,7.823510595927557,0.9935421983898469,1.010476858581132
tess_gap,117,1024,1024,6.299574467417648,0.08855635021252814,0.0059300112156082455,14.394893351391953,0.9639272487673349,8.022714989631396,8.029047551839625,8.055894354209142,7.823510595927557,1.000789329075807,1.0032745249193111
tess_gap,117,4096,4096,6.299574467417648,0.08855635021252814,0.0059300112156082455,57.579573405567814,3.8557089950693397,8.022714989631396,8.023728894427965,8.055894354209142,7.823510595927557,1.0001263792616188,1.0004737648067485
tess_gap,117,8192,8192,6.299574467417648,0.08855635021252814,0.0059300112156082455,115.15914681113563,7.7114179901386795,8.022714989631396,8.021565452369348,8.055894354209142,7.823510595927557,0.9998567146828058,1.000312235066845
tess_gap,118,original_auto,256,2.1007630206596217,0.06551100673507339,0.008366868091518216,7.9832030358726005,1.0195906013026255,10.077760239804245,10.042576155227195,10.146819016743548,9.611196779039325,0.9965087396663712,1.0051676621995553
tess_gap,118,1024,1024,2.1007630206596217,0.06551100673507339,0.008366868091518216,31.932812143490402,4.078362405210502,10.077760239804245,10.06848059091941,10.146819016743548,9.611196779039325,0.9990791953108605,1.0006235463410311
tess_gap,118,4096,4096,2.1007630206596217,0.06551100673507339,0.008366868091518216,127.73124857396161,16.313449620842007,10.077760239804245,10.07637081014135,10.146819016743548,9.611196779039325,0.999862129120972,1.0000559852988329
tess_gap,118,8192,8192,2.1007630206596217,0.06551100673507339,0.008366868091518216,255.46249714792322,32.626899241684015,10.077760239804245,10.078428335422016,10.146819016743548,9.611196779039325,1.0000662940575955,1.0000268330381423
tess_gap,119,original_auto,512,5.012541745506498,0.13935855760185586,0.013360307941452813,14.234610924909195,1.364672458270497,14.178278639526342,14.151593293652443,14.19567122022133,13.548338050205444,0.9981178712485234,1.0033739856126365
tess_gap,119,1024,1024,5.012541745506498,0.13935855760185586,0.013360307941452813,28.46922184981839,2.729344916540994,14.178278639526342,14.174823665737387,14.19567122022133,13.548338050205444,0.9997563192347396,1.000819612967457
tess_gap,119,4096,4096,5.012541745506498,0.13935855760185586,0.013360307941452813,113.87688739927356,10.917379666163976,14.178278639526342,14.181287703167502,14.19567122022133,13.548338050205444,1.0002122305335974,1.0000556744382176
tess_gap,119,8192,8192,5.012541745506498,0.13935855760185586,0.013360307941452813,227.7537747985471,21.834759332327952,14.178278639526342,14.179494834064506,14.19567122022133,13.548338050205444,1.000085778716097,1.0000159690208135
tess_gap,120,original_auto,512,7.067506185111832,0.12351233829173185,0.009250827744839478,8.94775548107512,0.6701690357675811,6.043850122566407,6.016667574540092,6.057316929177579,5.795921209792914,0.9955024450515705,1.0053516908823599
tess_gap,120,1024,1024,7.067506185111832,0.12351233829173185,0.009250827744839478,17.89551096215024,1.3403380715351623,6.043850122566407,6.031480271471285,6.057316929177579,5.795921209792914,0.9979533160412208,1.0016503758506123
tess_gap,120,4096,4096,7.067506185111832,0.12351233829173185,0.009250827744839478,71.58204384860096,5.361352286140649,6.043850122566407,6.042412072190705,6.057316929177579,5.795921209792914,0.9997620638588749,1.000125370455304
tess_gap,120,8192,8192,7.067506185111832,0.12351233829173185,0.009250827744839478,143.16408769720192,10.722704572281298,6.043850122566407,6.042911455080348,6.057316929177579,5.795921209792914,0.9998446904759345,1.0000344828509404
tess_gap,121,original_auto,512,4.144369218142466,0.11982876894572718,0.0031824969956729607,14.803779892880982,0.39316923179804936,8.080472724086551,8.07337189758701,8.13542843764065,7.887467894227929,0.9991212362516398,1.003703985077474
tess_gap,121,1024,1024,4.144369218142466,0.11982876894572718,0.0031824969956729607,29.607559785761964,0.7863384635960987,8.080472724086551,8.07219905748641,8.13542843764065,7.887467894227929,0.9989760912656164,1.0009381369872739
tess_gap,121,4096,4096,4.144369218142466,0.11982876894572718,0.0031824969956729607,118.43023914304786,3.145353854384395,8.080472724086551,8.078908345664946,8.13542843764065,7.887467894227929,0.9998064001358556,1.0001320921090646
tess_gap,121,8192,8192,4.144369218142466,0.11982876894572718,0.0031824969956729607,236.8604782860957,6.29070770876879,8.080472724086551,8.08025019972859,8.13542843764065,7.887467894227929,0.9999724614678425,1.0000906326850156
tess_gap,122,original_auto,256,2.9801121254099203,0.11140321757793334,0.0027504302750171114,9.569849220363833,0.23626968408362448,10.087606920554444,10.031913571222129,10.186958047822646,9.829584921184287,0.9944790325623379,1.0083368737946072
tess_gap,122,1024,1024,2.9801121254099203,0.11140321757793334,0.0027504302750171114,38.279396881455334,0.9450787363344979,10.087606920554444,10.07487287013323,10.186958047822646,9.829584921184287,0.9987376539826044,1.0006897312147005
tess_gap,122,4096,4096,2.9801121254099203,0.11140321757793334,0.0027504302750171114,153.11758752582134,3.7803149453379916,10.087606920554444,10.087630588362172,10.186958047822646,9.829584921184287,1.0000023462262075,1.0001411548588421
tess_gap,122,8192,8192,2.9801121254099203,0.11140321757793334,0.0027504302750171114,306.23517505164267,7.560629890675983,10.087606920554444,10.087703541516916,10.186958047822646,9.829584921184287,1.0000095781847205,1.0001117679884797
tess_gap,123,original_auto,256,1.99629252554446,0.09791870746326296,0.002410604735274234,12.556871695824542,0.3091304527435902,14.221130026919743,14.223830668883073,14.332503546715103,13.959128948167438,1.0001899034716804,1.0030708660302816
tess_gap,123,1024,1024,1.99629252554446,0.09791870746326296,0.002410604735274234,50.22748678329817,1.2365218109743608,14.221130026919743,14.223654403272418,14.332503546715103,13.959128948167438,1.0001775088440858,1.0003573450132697
tess_gap,123,4096,4096,1.99629252554446,0.09791870746326296,0.002410604735274234,200.90994713319267,4.946087243897443,14.221130026919743,14.221673800404222,14.332503546715103,13.959128948167438,1.000038237009538,1.0001593225924095
tess_gap,123,8192,8192,1.99629252554446,0.09791870746326296,0.002410604735274234,401.81989426638535,9.892174487794886,14.221130026919743,14.221582450686064,14.332503546715103,13.959128948167438,1.0000318134891857,1.000149722565391
tess_gap,124,original_auto,512,5.647500401953157,0.1378162130378311,0.014811152952930548,12.494359637578082,1.34277286802455,6.061453535889834,6.051881420952492,6.072698037517373,5.7929701854103435,0.998420821857222,1.0029560826571282
tess_gap,124,1024,1024,5.647500401953157,0.1378162130378311,0.014811152952930548,24.988719275156164,2.6855457360491,6.061453535889834,6.061403827835356,6.072698037517373,5.7929701854103435,0.9999917993177406,1.0007356425495524
tess_gap,124,4096,4096,5.647500401953157,0.1378162130378311,0.014811152952930548,99.95487710062466,10.7421829441964,6.061453535889834,6.061227823760902,6.072698037517373,5.7929701854103435,0.9999627627057445,1.0000401797826892
tess_gap,124,8192,8192,5.647500401953157,0.1378162130378311,0.014811152952930548,199.9097542012493,21.4843658883928,6.061453535889834,6.061654856804609,6.072698037517373,5.7929701854103435,1.0000332133066077,1.0000105780104245
tess_gap,125,original_auto,256,0.8848281606099119,0.0672953362642721,0.0021282087846843586,19.470002030426645,0.61573701327911,8.234576090104202,8.229807961041107,8.320174441620729,8.05066207634233,0.9994209624137392,1.0016755802940611
tess_gap,125,1024,1024,0.8848281606099119,0.0672953362642721,0.0021282087846843586,77.88000812170658,2.46294805311644,8.234576090104202,8.233495475209224,8.320174441620729,8.05066207634233,0.9998687710353085,1.0001452027788162
tess_gap,125,4096,4096,0.8848281606099119,0.0672953362642721,0.0021282087846843586,311.5200324868263,9.85179221246576,8.234576090104202,8.234076903023627,8.320174441620729,8.05066207634233,0.9999393791404545,1.0000459832503086
tess_gap,125,8192,8192,0.8848281606099119,0.0672953362642721,0.0021282087846843586,623.0400649736526,19.70358442493152,8.234576090104202,8.234460880477059,8.320174441620729,8.05066207634233,0.9999860090397025,1.0000404411771153
tess_gap,126,original_auto,256,3.2862853716246003,0.11517903767519734,0.0028361805592659536,8.972389890252888,0.22093705843115802,10.126775482375102,10.095277703505255,10.197849475272177,9.962713873931474,0.996889653678541,1.0046243272077076
tess_gap,126,1024,1024,3.2862853716246003,0.11517903767519734,0.0028361805592659536,35.88955956101155,0.8837482337246321,10.126775482375102,10.128452025679943,10.197849475272177,9.962713873931474,1.000165555492739,1.0005704745650692
tess_gap,126,4096,4096,3.2862853716246003,0.11517903767519734,0.0028361805592659536,143.5582382440462,3.5349929348985283,10.126775482375102,10.124681073938355,10.197849475272177,9.962713873931474,0.9997931811127448,1.0001221118158945
tess_gap,126,8192,8192,3.2862853716246003,0.11517903767519734,0.0028361805592659536,287.1164764880924,7.069985869797057,10.126775482375102,10.126280159442771,10.197849475272177,9.962713873931474,0.9999510877936227,1.00009963114298
tess_gap,127,original_auto,256,1.2972421393536298,0.08288350899104331,0.004465256268929588,16.356374541054734,0.8811813694361978,14.379560165786113,14.36889026950804,14.44868236381517,13.959925995018187,0.9992579817355289,1.0022557652408213
tess_gap,127,1024,1024,1.2972421393536298,0.08288350899104331,0.004465256268929588,65.42549816421894,3.5247254777447914,14.379560165786113,14.377444863256688,14.44868236381517,13.959925995018187,0.9998528951855942,1.0001563962788333
tess_gap,127,4096,4096,1.2972421393536298,0.08288350899104331,0.004465256268929588,261.70199265687575,14.098901910979166,14.379560165786113,14.380784009519516,14.44868236381517,13.959925995018187,1.0000851099560273,1.0000193932822363
tess_gap,127,8192,8192,1.2972421393536298,0.08288350899104331,0.004465256268929588,523.4039853137515,28.19780382195833,14.379560165786113,14.379568833478473,14.44868236381517,13.959925995018187,1.0000006027786845,1.0000121049282111
ztf,0,original_auto,256,0.8878500534048527,0.07717145842152799,0.0037685693154751385,22.251384994739233,1.0866178822221857,6.233580444784839,6.221691286778202,6.251494301967364,6.113876416100561,0.998092724059319,1.0011579337996035
ztf,0,1024,1024,0.8878500534048527,0.07717145842152799,0.0037685693154751385,89.00553997895693,4.346471528888743,6.233580444784839,6.232315798019789,6.251494301967364,6.113876416100561,0.9997971235349808,1.000072827289711
ztf,0,4096,4096,0.8878500534048527,0.07717145842152799,0.0037685693154751385,356.02215991582773,17.38588611555497,6.233580444784839,6.233434536463969,6.251494301967364,6.113876416100561,0.9999765931759184,1.000008223721158
ztf,0,8192,8192,0.8878500534048527,0.07717145842152799,0.0037685693154751385,712.0443198316555,34.77177223110994,6.233580444784839,6.233532439096215,6.251494301967364,6.113876416100561,0.9999922988579277,1.0000049409605507
ztf,1,original_auto,512,6.783166284395505,0.13800347536121713,0.0038319155303078167,10.416636777354187,0.28923671767136166,8.064786533739355,8.072353689451859,8.097317563734665,7.998690834761741,1.0009382958471185,1.0025898792743146
ztf,1,1024,1024,6.783166284395505,0.13800347536121713,0.0038319155303078167,20.833273554708374,0.5784734353427233,8.064786533739355,8.070412210209097,8.097317563734665,7.998690834761741,1.0006975604929167,1.0015286793966907
ztf,1,4096,4096,6.783166284395505,0.13800347536121713,0.0038319155303078167,83.3330942188335,2.3138937413708933,8.064786533739355,8.066384565980513,8.097317563734665,7.998690834761741,1.0001981493539194,1.0003094577907428
ztf,1,8192,8192,6.783166284395505,0.13800347536121713,0.0038319155303078167,166.666188437667,4.627787482741787,8.064786533739355,8.066299131420283,8.097317563734665,7.998690834761741,1.000187555823654,1.0002601743544322
ztf,2,original_auto,512,4.27133285833542,0.10884393876000914,0.003599952328922268,13.047003943130404,0.43152234994078753,10.08571535868513,10.077208142351077,10.123401069146961,10.043789460353981,0.9991565083852255,1.0022284236336738
ztf,2,1024,1024,4.27133285833542,0.10884393876000914,0.003599952328922268,26.09400788626081,0.8630446998815751,10.08571535868513,10.087698543632698,10.123401069146961,10.043789460353981,1.000196633047537,1.0008926334291304
ztf,2,4096,4096,4.27133285833542,0.10884393876000914,0.003599952328922268,104.37603154504323,3.4521787995263002,10.08571535868513,10.090438230741983,10.123401069146961,10.043789460353981,1.0004682733835817,1.0004552279064058
ztf,2,8192,8192,4.27133285833542,0.10884393876000914,0.003599952328922268,208.75206309008647,6.9043575990526005,10.08571535868513,10.087110726995727,10.123401069146961,10.043789460353981,1.0001383509509214,1.0004263768693016
ztf,3,original_auto,256,1.2173032883845578,0.059121708901951876,0.006430922472152673,12.43334970283785,1.3524289045960396,14.282226573251966,14.21037496619132,14.284203751590045,13.44895340689773,0.9949691592769427,1.005204053146523
ztf,3,1024,1024,1.2173032883845578,0.059121708901951876,0.006430922472152673,49.7333988113514,5.409715618384158,14.282226573251966,14.282611543852857,14.284203751590045,13.44895340689773,1.000026954522736,1.000303165288526
ztf,3,4096,4096,1.2173032883845578,0.059121708901951876,0.006430922472152673,198.9335952454056,21.638862473536634,14.282226573251966,14.28175512698883,14.284203751590045,13.44895340689773,0.9999669907026949,1.0000629558133416
ztf,3,8192,8192,1.2173032883845578,0.059121708901951876,0.006430922472152673,397.8671904908112,43.27772494707327,14.282226573251966,14.282216757031936,14.284203751590045,13.44895340689773,0.9999993126967998,1.0000509899879453
ztf,4,original_auto,256,1.2602723122707622,0.06895605187661549,0.0025998367456976784,14.007091252053925,0.5281066642648056,6.120284914261204,6.091347788973192,6.157178377930749,6.074101395996875,0.9952719316676608,1.003089765763835
ztf,4,1024,1024,1.2602723122707622,0.06895605187661549,0.0025998367456976784,56.0283650082157,2.1124266570592223,6.120284914261204,6.1187434508204115,6.157178377930749,6.074101395996875,0.9997481386140699,1.0002908089618585
ztf,4,4096,4096,1.2602723122707622,0.06895605187661549,0.0025998367456976784,224.1134600328628,8.44970662823689,6.120284914261204,6.1187109086686124,6.157178377930749,6.074101395996875,0.9997428215165401,1.0000948098311844
ztf,4,8192,8192,1.2602723122707622,0.06895605187661549,0.0025998367456976784,448.2269200657256,16.89941325647378,6.120284914261204,6.120249073182962,6.157178377930749,6.074101395996875,0.9999941438872954,1.0000851500674075
ztf,5,original_auto,256,3.3063868178206164,0.09892393580111385,0.003350777428353574,7.659275505392211,0.25943698330612375,8.062885505516146,8.024297422156874,8.110344019823986,8.05284027817095,0.9952141099693314,1.0044899040800372
ztf,5,1024,1024,3.3063868178206164,0.09892393580111385,0.003350777428353574,30.637102021568843,1.037747933224495,8.062885505516146,8.05970035697733,8.110344019823986,8.05284027817095,0.9996049617055041,1.000645533327576
ztf,5,4096,4096,3.3063868178206164,0.09892393580111385,0.003350777428353574,122.54840808627537,4.15099173289798,8.062885505516146,8.070461834162758,8.110344019823986,8.05284027817095,1.000939654747848,1.0002674377722263
ztf,5,8192,8192,3.3063868178206164,0.09892393580111385,0.003350777428353574,245.09681617255075,8.30198346579596,8.062885505516146,8.065446418836878,8.110344019823986,8.05284027817095,1.0003176174731714,1.0002464038035088
ztf,6,original_auto,512,6.6222014926686805,0.1306381495793758,0.017972486036322656,10.100377141754068,1.3895549479707725,10.04798612781071,9.967681644924058,10.064497130910171,9.059057389618701,0.9920079026916264,1.0055954650271377
ztf,6,1024,1024,6.6222014926686805,0.1306381495793758,0.017972486036322656,20.200754283508136,2.779109895941545,10.04798612781071,10.008298996696576,10.064497130910171,9.059057389618701,0.9960502402561755,1.0015104533466015
ztf,6,4096,4096,6.6222014926686805,0.1306381495793758,0.017972486036322656,80.80301713403254,11.11643958376618,10.04798612781071,10.046463213359415,10.064497130910171,9.059057389618701,0.9998484358525257,1.000107859939922
ztf,6,8192,8192,6.6222014926686805,0.1306381495793758,0.017972486036322656,161.6060342680651,22.23287916753236,10.04798612781071,10.049438831765945,10.064497130910171,9.059057389618701,1.0001445766282673,1.0000327186657056
ztf,7,original_auto,256,0.8887916350750865,0.0721817965592351,0.0019750509593236126,20.790632123358236,0.5688769174162287,14.369789248283068,14.322027002853739,14.532541247785781,14.268236077026513,0.9966762041805842,1.0015636711021565
ztf,7,1024,1024,0.8887916350750865,0.0721817965592351,0.0019750509593236126,83.16252849343294,2.275507669664915,14.369789248283068,14.368953237729032,14.532541247785781,14.268236077026513,0.999941821655169,1.0003591115490196
ztf,7,4096,4096,0.8887916350750865,0.0721817965592351,0.0019750509593236126,332.6501139737318,9.10203067865966,14.369789248283068,14.370851198216178,14.532541247785781,14.268236077026513,1.0000739015663183,1.0002621102319578
ztf,7,8192,8192,0.8887916350750865,0.0721817965592351,0.0019750509593236126,665.3002279474636,18.20406135731932,14.369789248283068,14.36965269303603,14.532541247785781,14.268236077026513,0.999990497059861,1.0002555257745434
ztf,8,original_auto,512,5.689911622744118,0.14741178575799463,0.013687813271527287,13.264676028780464,1.2316817658482524,6.079961200093872,6.062238106952609,6.080034010802999,5.862404033587658,0.997084998973186,1.0034132281044785
ztf,8,1024,1024,5.689911622744118,0.14741178575799463,0.013687813271527287,26.529352057560928,2.463363531696505,6.079961200093872,6.076876972785122,6.080034010802999,5.862404033587658,0.9994927225343638,1.0008691369479263
ztf,8,4096,4096,5.689911622744118,0.14741178575799463,0.013687813271527287,106.11740823024371,9.85345412678602,6.079961200093872,6.07974843386233,6.080034010802999,5.862404033587658,0.9999650053307021,1.000065128104665
ztf,8,8192,8192,5.689911622744118,0.14741178575799463,0.013687813271527287,212.23481646048742,19.70690825357204,6.079961200093872,6.079959455992339,6.080034010802999,5.862404033587658,0.9999997131393645,1.000017342900897
ztf,9,original_auto,512,7.660131893554535,0.15457658170085126,0.007581478996903895,10.331833828792076,0.5067428734067866,8.0157839505836,7.994046056253885,8.080358786680412,7.602517944632744,0.997288113743618,1.0146131121243285
ztf,9,1024,1024,7.660131893554535,0.15457658170085126,0.007581478996903895,20.663667657584153,1.0134857468135732,8.0157839505836,8.019164382895847,8.080358786680412,7.602517944632744,1.0004217219841611,1.0029106942366885
ztf,9,4096,4096,7.660131893554535,0.15457658170085126,0.007581478996903895,82.65467063033661,4.053942987254293,8.0157839505836,8.005312853994694,8.080358786680412,7.602517944632744,0.9986936902674199,1.0002332988858638
ztf,9,8192,8192,7.660131893554535,0.15457658170085126,0.007581478996903895,165.30934126067322,8.107885974508585,8.0157839505836,8.01217087804954,8.080358786680412,7.602517944632744,0.9995492552498503,1.0000742820085768
ztf,10,original_auto,256,3.2140802851810446,0.084438220453502,0.003906687792921172,6.725464990952739,0.3111658658929502,10.096360422632292,9.88896502785597,10.101404104417329,9.869595506986126,0.979458400245754,1.0092791724818413
ztf,10,1024,1024,3.2140802851810446,0.084438220453502,0.003906687792921172,26.901859963810956,1.2446634635718008,10.096360422632292,10.078868987093744,10.101404104417329,9.869595506986126,0.9982675504036742,1.0011233716727368
ztf,10,4096,4096,3.2140802851810446,0.084438220453502,0.003906687792921172,107.60743985524383,4.978653854287203,10.096360422632292,10.095746885100418,10.101404104417329,9.869595506986126,0.9999392318116438,1.0005768722532453
ztf,10,8192,8192,3.2140802851810446,0.084438220453502,0.003906687792921172,215.21487971048765,9.957307708574406,10.096360422632292,10.09694724538557,10.101404104417329,9.869595506986126,1.000058122207282,1.0005635093543597
ztf,11,original_auto,256,0.8809432635240508,0.060340225060427945,0.011397556532871719,17.534724715047247,3.312102598688526,14.205778717946162,14.196912089417077,14.335030593576688,13.24837292215755,0.9993758435419043,1.0016369530549092
ztf,11,1024,1024,0.8809432635240508,0.060340225060427945,0.011397556532871719,70.13889886018899,13.248410394754105,14.205778717946162,14.204594553204696,14.335030593576688,13.24837292215755,0.9999166420394843,1.0001077095008735
ztf,11,4096,4096,0.8809432635240508,0.060340225060427945,0.011397556532871719,280.55559544075595,52.99364157901642,14.205778717946162,14.20424761189801,14.335030593576688,13.24837292215755,0.9998922194919018,1.0000101167081121
ztf,11,8192,8192,0.8809432635240508,0.060340225060427945,0.011397556532871719,561.1111908815119,105.98728315803284,14.205778717946162,14.205650322083306,14.335030593576688,13.24837292215755,0.9999909617159746,1.0000052122212282
ztf,12,original_auto,256,0.8684001256675862,0.07843146169857276,0.007735982970849764,23.12120139250237,2.280528965855561,6.263921847422332,6.256371883203623,6.264526635910767,5.954878507482872,0.9987946905464958,1.0010078642838038
ztf,12,1024,1024,0.8684001256675862,0.07843146169857276,0.007735982970849764,92.48480557000948,9.122115863422245,6.263921847422332,6.263081911645797,6.264526635910767,5.954878507482872,0.9998659089629477,1.0000677735809602
ztf,12,4096,4096,0.8684001256675862,0.07843146169857276,0.007735982970849764,369.93922228003794,36.48846345368898,6.263921847422332,6.26376511322222,6.264526635910767,5.954878507482872,0.9999749782637891,1.000005619936897
ztf,12,8192,8192,0.8684001256675862,0.07843146169857276,0.007735982970849764,739.8784445600759,72.97692690737796,6.263921847422332,6.2638994099563,6.264526635910767,5.954878507482872,0.9999964179843589,1.0000040643368433
ztf,13,original_auto,256,1.1279138230129397,0.08039642201746645,0.0020449355463269606,18.24739055107342,0.46413430634380665,8.183900309510253,8.172138237954114,8.281967200258892,7.940519202272976,0.9985627792236824,1.0032323420602203
ztf,13,1024,1024,1.1279138230129397,0.08039642201746645,0.0020449355463269606,72.98956220429368,1.8565372253752266,8.183900309510253,8.183055612046934,8.281967200258892,7.940519202272976,0.999896785465197,1.0002842827246736
ztf,13,4096,4096,1.1279138230129397,0.08039642201746645,0.0020449355463269606,291.9582488171747,7.426148901500906,8.183900309510253,8.18132653590813,8.281967200258892,7.940519202272976,0.9996855077035662,1.0001068591842879
ztf,13,8192,8192,1.1279138230129397,0.08039642201746645,0.0020449355463269606,583.9164976343494,14.852297803001813,8.183900309510253,8.182496514224955,8.281967200258892,7.940519202272976,0.999828468672368,1.0000978273216352
ztf,14,original_auto,256,1.1541362048022588,0.08811774904455354,0.008126658254361027,19.545477961390745,1.8025814496243688,10.374951017121864,10.364712599281356,10.375029934559414,9.81784335502421,0.999013159886383,1.0014117899841595
ztf,14,1024,1024,1.1541362048022588,0.08811774904455354,0.008126658254361027,78.18191184556298,7.210325798497475,10.374951017121864,10.37421423033768,10.375029934559414,9.81784335502421,0.9999289840710603,1.000083778857526
ztf,14,4096,4096,1.1541362048022588,0.08811774904455354,0.008126658254361027,312.7276473822519,28.8413031939899,10.374951017121864,10.374904162059211,10.375029934559414,9.81784335502421,0.9999954838280609,1.0000080470400128
ztf,14,8192,8192,1.1541362048022588,0.08811774904455354,0.008126658254361027,625.4552947645038,57.6826063879798,10.374951017121864,10.374942985661153,10.375029934559414,9.81784335502421,0.9999992258796502,1.0000036847500962
ztf,15,original_auto,256,1.7595272634610872,0.0900675333085698,0.010726072633234898,13.104251923689384,1.5605751903535994,14.383183694300257,14.352146729393318,14.392327881242169,13.472887715480503,0.9978421352624984,1.0026162748288348
ztf,15,1024,1024,1.7595272634610872,0.0900675333085698,0.010726072633234898,52.41700769475754,6.2423007614143975,14.383183694300257,14.386207154464968,14.392327881242169,13.472887715480503,1.0002102079921227,1.0001673709535366
ztf,15,4096,4096,1.7595272634610872,0.0900675333085698,0.010726072633234898,209.66803077903015,24.96920304565759,14.383183694300257,14.383696189828047,14.392327881242169,13.472887715480503,1.0000356315777288,1.0000123872196254
ztf,15,8192,8192,1.7595272634610872,0.0900675333085698,0.010726072633234898,419.3360615580603,49.93840609131518,14.383183694300257,14.383494019891879,14.392327881242169,13.472887715480503,1.000021575584253,1.0000045005112301
ztf,16,original_auto,512,3.9684767005002475,0.13106070723471414,0.01213254613210872,16.90902761145478,1.5653017740677744,6.081739228040308,6.070091803402991,6.081802893535836,5.824446969666333,0.9980848530000076,1.0019497992720137
ztf,16,1024,1024,3.9684767005002475,0.13106070723471414,0.01213254613210872,33.81805522290956,3.1306035481355488,6.081739228040308,6.078422353746114,6.081802893535836,5.824446969666333,0.9994546174753923,1.0005583981287947
ztf,16,4096,4096,3.9684767005002475,0.13106070723471414,0.01213254613210872,135.27222089163823,12.522414192542195,6.081739228040308,6.081455848135775,6.081802893535836,5.824446969666333,0.9999534047919669,1.0000426882295472
ztf,16,8192,8192,3.9684767005002475,0.13106070723471414,0.01213254613210872,270.54444178327645,25.04482838508439,6.081739228040308,6.0816649394274895,6.081802893535836,5.824446969666333,0.999987784972352,1.0000121304796188
ztf,17,original_auto,256,3.2764268317434753,0.11543298683297863,0.005802359857090961,9.01922922341523,0.4533609934529996,8.145999212413027,8.081000946103575,8.160012324410422,8.015455784546736,0.9920208356747191,1.0070775352641161
ztf,17,1024,1024,3.2764268317434753,0.11543298683297863,0.005802359857090961,36.07691689366092,1.8134439738119985,8.145999212413027,8.144079977009204,8.160012324410422,8.015455784546736,0.9997643953364371,1.0003241933714895
ztf,17,4096,4096,3.2764268317434753,0.11543298683297863,0.005802359857090961,144.3076675746437,7.253775895247994,8.145999212413027,8.145126513678886,8.160012324410422,8.015455784546736,0.9998928678101501,1.0000276055162134
ztf,17,8192,8192,3.2764268317434753,0.11543298683297863,0.005802359857090961,288.6153351492874,14.507551790495988,8.145999212413027,8.14617958893791,8.160012324410422,8.015455784546736,1.0000221429587923,1.0000136989778396
ztf,18,original_auto,256,2.2366686483239615,0.10460329117570952,0.010547767212465066,11.972467428757476,1.2072545517256041,10.213203988476275,10.185936529478223,10.214582266371455,9.479993438514777,0.9973301758166371,1.0029724134740785
ztf,18,1024,1024,2.2366686483239615,0.10460329117570952,0.010547767212465066,47.8898697150299,4.829018206902417,10.213203988476275,10.211560663927976,10.214582266371455,9.479993438514777,0.9998390980391507,1.0003211370512246
ztf,18,4096,4096,2.2366686483239615,0.10460329117570952,0.010547767212465066,191.5594788601196,19.316072827609666,10.213203988476275,10.212817564050326,10.214582266371455,9.479993438514777,0.999962164231089,1.000020554139054
ztf,18,8192,8192,2.2366686483239615,0.10460329117570952,0.010547767212465066,383.1189577202392,38.63214565521933,10.213203988476275,10.213192155319785,10.214582266371455,9.479993438514777,0.9999988413864539,1.0000056609429724
ztf,19,original_auto,256,0.8577269392375939,0.07998891243102368,0.00747628742007124,23.87375357540193,2.2313973037147092,14.64917055095477,14.630016798886201,14.649690906448372,13.806616515981565,0.9986925026231386,1.001490856769426
ztf,19,1024,1024,0.8577269392375939,0.07998891243102368,0.00747628742007124,95.49501430160772,8.925589214858837,14.64917055095477,14.648024443389572,14.649690906448372,13.806616515981565,0.9999217629720938,1.0001063202865317
ztf,19,4096,4096,0.8577269392375939,0.07998891243102368,0.00747628742007124,381.9800572064309,35.70235685943535,14.64917055095477,14.64911632021955,14.649690906448372,13.806616515981565,0.9999962980337329,1.0000110721685918
ztf,19,8192,8192,0.8577269392375939,0.07998891243102368,0.00747628742007124,763.9601144128618,71.4047137188707,14.64917055095477,14.649165963071544,14.649690906448372,13.806616515981565,0.9999996868161778,1.0000069651114813
ztf,20,original_auto,512,4.304387392074688,0.1105772831853392,0.007380817388231264,13.152991084198238,0.8779364305667116,6.0729146182467915,6.03215781610461,6.085289595431657,5.83048626032768,0.9932887575893588,1.0039561301633122
ztf,20,1024,1024,4.304387392074688,0.1105772831853392,0.007380817388231264,26.305982168396476,1.7558728611334231,6.0729146182467915,6.069118635979761,6.085289595431657,5.83048626032768,0.9993749323832702,1.0010652794035044
ztf,20,4096,4096,4.304387392074688,0.1105772831853392,0.007380817388231264,105.2239286735859,7.0234914445336925,6.0729146182467915,6.074719694606825,6.085289595431657,5.83048626032768,1.00029723394342,1.000085139100687
ztf,20,8192,8192,4.304387392074688,0.1105772831853392,0.007380817388231264,210.4478573471718,14.046982889067385,6.0729146182467915,6.074489785108981,6.085289595431657,5.83048626032768,1.000259375762909,1.000029500154803
ztf,21,original_auto,512,4.5497237432577995,0.12262029082027506,0.01462991341730984,13.79898922281081,1.6463671405901898,8.122590694062824,8.092816593880913,8.128840749756785,7.734809657529729,0.9963344084044917,1.003332042185545
ztf,21,1024,1024,4.5497237432577995,0.12262029082027506,0.01462991341730984,27.59797844562162,3.2927342811803797,8.122590694062824,8.117521163912556,8.128840749756785,7.734809657529729,0.9993758727552315,1.0008557131106806
ztf,21,4096,4096,4.5497237432577995,0.12262029082027506,0.01462991341730984,110.39191378248648,13.170937124721519,8.122590694062824,8.12410248811945,8.128840749756785,7.734809657529729,1.00018612215161,1.0000611430068183
ztf,21,8192,8192,4.5497237432577995,0.12262029082027506,0.01462991341730984,220.78382756497297,26.341874249443038,8.122590694062824,8.123505735945836,8.128840749756785,7.734809657529729,1.0001126539447174,1.0000162666916703
ztf,22,original_auto,256,2.233104979627513,0.06419564544987791,0.004139325575687979,7.359298100669673,0.47452643608043793,10.10511126223594,10.059411830641999,10.119213455757466,9.809493444658639,0.9954775924373316,1.0078285528430704
ztf,22,1024,1024,2.233104979627513,0.06419564544987791,0.004139325575687979,29.437192402678694,1.8981057443217517,10.10511126223594,10.106849992519455,10.119213455757466,9.809493444658639,1.0001720644373322,1.0011020581287289
ztf,22,4096,4096,2.233104979627513,0.06419564544987791,0.004139325575687979,117.74876961071477,7.592422977287007,10.10511126223594,10.106415898509864,10.119213455757466,9.809493444658639,1.0001291065719187,1.0006430623988758
ztf,22,8192,8192,2.233104979627513,0.06419564544987791,0.004139325575687979,235.49753922142955,15.184845954574014,10.10511126223594,10.105904406869929,10.119213455757466,9.809493444658639,1.0000784894508734,1.00061760099507
ztf,23,original_auto,256,1.6040756229904916,0.09185215606625381,0.004586280551295056,14.659004610470513,0.7319404423980166,14.308874443276379,14.271660950665519,14.379093162457123,13.585083523071546,0.9973992718464068,1.0039068158418365
ztf,23,1024,1024,1.6040756229904916,0.09185215606625381,0.004586280551295056,58.63601844188205,2.9277617695920664,14.308874443276379,14.305070647213425,14.379093162457123,13.585083523071546,0.9997341652498222,1.0002748675524487
ztf,23,4096,4096,1.6040756229904916,0.09185215606625381,0.004586280551295056,234.5440737675282,11.711047078368265,14.308874443276379,14.309242951671024,14.379093162457123,13.585083523071546,1.0000257538352235,1.0000411674043395
ztf,23,8192,8192,1.6040756229904916,0.09185215606625381,0.004586280551295056,469.0881475350564,23.42209415673653,14.308874443276379,14.308385308621023,14.379093162457123,13.585083523071546,0.9999658159936133,1.0000286098479565
ztf,24,original_auto,256,2.568425321912566,0.07950217884925938,0.003580620343402015,7.92413842511682,0.35688746723161296,6.070090612509523,6.06630951793671,6.105218764632313,6.019611411440988,0.9993770942125608,1.006510136183957
ztf,24,1024,1024,2.568425321912566,0.07950217884925938,0.003580620343402015,31.69655370046728,1.4275498689264519,6.070090612509523,6.066777012074093,6.105218764632313,6.019611411440988,0.9994541102189478,1.0006842534529465
ztf,24,4096,4096,2.568425321912566,0.07950217884925938,0.003580620343402015,126.78621480186912,5.710199475705807,6.070090612509523,6.069133107457127,6.105218764632313,6.019611411440988,0.9998422585240453,1.0001606847529085
ztf,24,8192,8192,2.568425321912566,0.07950217884925938,0.003580620343402015,253.57242960373824,11.420398951411615,6.070090612509523,6.071504025081308,6.105218764632313,6.019611411440988,1.000232848677559,1.0001354985756528
ztf,25,original_auto,256,2.4760736093419125,0.11037738734633866,0.010621015347279494,11.411862334808658,1.0981014129164752,8.18746549502632,8.168084781335562,8.187708204896063,7.9426671888893345,0.9976328799550324,1.0023148455896222
ztf,25,1024,1024,2.4760736093419125,0.11037738734633866,0.010621015347279494,45.64744933923463,4.392405651665901,8.18746549502632,8.186307171129156,8.187708204896063,7.9426671888893345,0.9998585247293112,1.0001248712638426
ztf,25,4096,4096,2.4760736093419125,0.11037738734633866,0.010621015347279494,182.58979735693853,17.569622606663604,8.18746549502632,8.187512172830864,8.187708204896063,7.9426671888893345,1.000005701129925,1.0000080039348778
ztf,25,8192,8192,2.4760736093419125,0.11037738734633866,0.010621015347279494,365.17959471387707,35.13924521332721,8.18746549502632,8.187500213946306,8.187708204896063,7.9426671888893345,1.0000042404966478,1.0000028909918868
ztf,26,original_auto,256,1.4462679978177806,0.09008544347117163,0.009284963096439426,15.94578153109737,1.643506290863785,10.329076404674755,10.300619997918007,10.332048076279332,9.760213949055736,0.9972450192406488,1.0023808230988367
ztf,26,1024,1024,1.4462679978177806,0.09008544347117163,0.009284963096439426,63.78312612438948,6.57402516345514,10.329076404674755,10.327628631958092,10.332048076279332,9.760213949055736,0.9998598352205036,1.0001816262045824
ztf,26,4096,4096,1.4462679978177806,0.09008544347117163,0.009284963096439426,255.13250449755793,26.29610065382056,10.329076404674755,10.329158918710453,10.332048076279332,9.760213949055736,1.0000079885202187,1.0000141533692284
ztf,26,8192,8192,1.4462679978177806,0.09008544347117163,0.009284963096439426,510.26500899511586,52.59220130764112,10.329076404674755,10.329203024346523,10.332048076279332,9.760213949055736,1.0000122585666722,1.0000058187271297
ztf,27,original_auto,256,2.1807001936396517,0.10130233272640621,0.0050680775242095966,11.892234087747935,0.594959293341563,14.24215288014446,14.204357447410546,14.2899581760622,13.899140395016664,0.9973462275646117,1.0052025546250103
ztf,27,1024,1024,2.1807001936396517,0.10130233272640621,0.0050680775242095966,47.56893635099174,2.379837173366252,14.24215288014446,14.244480205974854,14.2899581760622,13.899140395016664,1.0001634110973237,1.0002948589031766
ztf,27,4096,4096,2.1807001936396517,0.10130233272640621,0.0050680775242095966,190.27574540396697,9.519348693465007,14.24215288014446,14.243387326627834,14.2899581760622,13.899140395016664,1.0000866755534619,1.0000477143633864
ztf,27,8192,8192,2.1807001936396517,0.10130233272640621,0.0050680775242095966,380.55149080793393,19.038697386930014,14.24215288014446,14.241294565555567,14.2899581760622,13.899140395016664,0.9999397342104023,1.000032842047897
ztf,28,original_auto,512,6.94054745424766,0.14174714901648117,0.0037834596430601913,10.456601698187693,0.2791035361427118,6.037292350688945,5.992437614815412,6.049314325356266,6.00941126124285,0.9925703886331735,1.0029226917118197
ztf,28,1024,1024,6.94054745424766,0.14174714901648117,0.0037834596430601913,20.913203396375387,0.5582070722854235,6.037292350688945,6.018151095627124,6.049314325356266,6.00941126124285,0.996829496742917,1.0013271299086246
ztf,28,4096,4096,6.94054745424766,0.14174714901648117,0.0037834596430601913,83.65281358550155,2.232828289141694,6.037292350688945,6.036012127675458,6.049314325356266,6.00941126124285,0.9997879474871975,1.000261143816544
ztf,28,8192,8192,6.94054745424766,0.14174714901648117,0.0037834596430601913,167.3056271710031,4.465656578283388,6.037292350688945,6.038036033359811,6.049314325356266,6.00941126124285,1.0001231814905867,1.000199996495072
ztf,29,original_auto,256,1.5188284263498175,0.0888096105153847,0.002231715374757637,14.968945733112111,0.3761577845306725,8.118925914315188,8.105224930667193,8.194649438834528,8.068271797322518,0.9983124635213338,1.002225395368434
ztf,29,1024,1024,1.5188284263498175,0.0888096105153847,0.002231715374757637,59.875782932448445,1.50463113812269,8.118925914315188,8.12167803087675,8.194649438834528,8.068271797322518,1.0003389754495369,1.0003086600005
ztf,29,4096,4096,1.5188284263498175,0.0888096105153847,0.002231715374757637,239.50313172979378,6.01852455249076,8.118925914315188,8.117752394477138,8.194649438834528,8.068271797322518,0.999855458733035,1.0001269776013002
ztf,29,8192,8192,1.5188284263498175,0.0888096105153847,0.002231715374757637,479.00626345958756,12.03704910498152,8.118925914315188,8.118168940361498,8.194649438834528,8.068271797322518,0.9999067642737871,1.0001164115892913
ztf,30,original_auto,512,5.967613256101311,0.11071150142993855,0.021100076171614336,9.498653196765776,1.8103115158847245,9.925405426105772,9.914340874279759,10.058421592577114,9.32469403179029,0.9988852292323585,1.0055915699023397
ztf,30,1024,1024,5.967613256101311,0.11071150142993855,0.021100076171614336,18.997306393531552,3.620623031769449,9.925405426105772,9.987380229090231,10.058421592577114,9.32469403179029,1.0062440575799003,1.0021476233685296
ztf,30,4096,4096,5.967613256101311,0.11071150142993855,0.021100076171614336,75.98922557412621,14.482492127077796,9.925405426105772,9.933040278481675,10.058421592577114,9.32469403179029,1.0007692232254635,1.000106063458802
ztf,30,8192,8192,5.967613256101311,0.11071150142993855,0.021100076171614336,151.97845114825242,28.964984254155592,9.925405426105772,9.923889046825144,10.058421592577114,9.32469403179029,0.999847222434195,1.000028020329867
ztf,31,original_auto,256,2.8835321748415126,0.0680596816729402,0.010130164771577261,6.042338857977309,0.899356075909337,14.137063431657003,14.053509063101336,14.184709643704947,12.962005764222216,0.994089694160347,1.0126908254387057
ztf,31,1024,1024,2.8835321748415126,0.0680596816729402,0.010130164771577261,24.169355431909235,3.597424303637348,14.137063431657003,14.109875563782587,14.184709643704947,12.962005764222216,0.9980768376681727,1.0020829344259623
ztf,31,4096,4096,2.8835321748415126,0.0680596816729402,0.010130164771577261,96.67742172763694,14.389697214549392,14.137063431657003,14.14119053662171,14.184709643704947,12.962005764222216,1.00029193509562,1.0002085597192631
ztf,31,8192,8192,2.8835321748415126,0.0680596816729402,0.010130164771577261,193.35484345527388,28.779394429098783,14.137063431657003,14.137790052926578,14.184709643704947,12.962005764222216,1.000051398317132,1.00011968959633
ztf,32,original_auto,256,1.2752145746777845,0.052738328581075355,0.0035474002742177553,10.587247342406407,0.7121424803580281,6.077218727432084,6.033199252618135,6.094226905023699,5.700217740479875,0.9927566413538403,1.0082815111592152
ztf,32,1024,1024,1.2752145746777845,0.052738328581075355,0.0035474002742177553,42.34898936962563,2.8485699214321123,6.077218727432084,6.071516282749442,6.094226905023699,5.700217740479875,0.9990616686779923,1.0006371485065744
ztf,32,4096,4096,1.2752145746777845,0.052738328581075355,0.0035474002742177553,169.3959574785025,11.39427968572845,6.077218727432084,6.077724157442819,6.094226905023699,5.700217740479875,1.0000831679808484,1.0002116566351695
ztf,32,8192,8192,1.2752145746777845,0.052738328581075355,0.0035474002742177553,338.791914957005,22.7885593714569,6.077218727432084,6.0772129441528975,6.094226905023699,5.700217740479875,0.9999990483674448,1.000189479263505
ztf,33,original_auto,256,1.9450533919929913,0.06540880917094288,0.007914647580388321,8.608840876395703,1.0416936568015358,8.111224238187022,8.016117190314338,8.117198877916442,7.589514021037847,0.9882746370856168,1.0072717284300539
ztf,33,1024,1024,1.9450533919929913,0.06540880917094288,0.007914647580388321,34.435363505582814,4.166774627206143,8.111224238187022,8.104465294018786,8.117198877916442,7.589514021037847,0.999166717135446,1.0007036946374668
ztf,33,4096,4096,1.9450533919929913,0.06540880917094288,0.007914647580388321,137.74145402233125,16.667098508824573,8.111224238187022,8.111294690261005,8.117198877916442,7.589514021037847,1.000008685750993,1.0000689920892238
ztf,33,8192,8192,1.9450533919929913,0.06540880917094288,0.007914647580388321,275.4829080446625,33.334197017649146,8.111224238187022,8.111431293498695,8.117198877916442,7.589514021037847,1.0000255270111629,1.0000351288171243
ztf,34,original_auto,256,1.297706330951378,0.06343470917002743,0.006148383576621709,12.51383703709115,1.2128986027688038,10.183078315919976,10.141562622664978,10.183126157234389,9.820657603178665,0.9959230704147591,1.0028570728292037
ztf,34,1024,1024,1.297706330951378,0.06343470917002743,0.006148383576621709,50.0553481483646,4.851594411075215,10.183078315919976,10.180756215220729,10.183126157234389,9.820657603178665,0.999771964760831,1.00031835066644
ztf,34,4096,4096,1.297706330951378,0.06343470917002743,0.006148383576621709,200.2213925934584,19.40637764430086,10.183078315919976,10.182887140704718,10.183126157234389,9.820657603178665,0.9999812261862938,1.0000393121959363
ztf,34,8192,8192,1.297706330951378,0.06343470917002743,0.006148383576621709,400.4427851869168,38.81275528860172,10.183078315919976,10.183064734725997,10.183126157234389,9.820657603178665,0.9999986662977974,1.0000281118064323
ztf,35,original_auto,256,1.1384355780777886,0.08360455986611637,0.00404999826669785,18.80015675710317,0.9107230801985756,14.444655609175852,14.434712263054749,14.498927181516786,13.924793779351944,0.9993116245627354,1.0017592662055865
ztf,35,1024,1024,1.1384355780777886,0.08360455986611637,0.00404999826669785,75.20062702841268,3.6428923207943025,14.444655609175852,14.448398115610056,14.498927181516786,13.924793779351944,1.0002590928115882,1.0001348555885765
ztf,35,4096,4096,1.1384355780777886,0.08360455986611637,0.00404999826669785,300.80250811365073,14.57156928317721,14.444655609175852,14.44486717182485,14.498927181516786,13.924793779351944,1.000014646430813,1.0000254811772789
ztf,35,8192,8192,1.1384355780777886,0.08360455986611637,0.00404999826669785,601.6050162273015,29.14313856635442,14.444655609175852,14.444333735756457,14.498927181516786,13.924793779351944,0.9999777167813408,1.0000191407068313
ztf,36,original_auto,256,2.257628421181832,0.08788942600993406,0.002940188483599032,9.966074508738197,0.3333977570176637,6.076044652630303,6.035312432831633,6.123324028456875,5.824845255083709,0.9932962606222722,1.0112328342940913
ztf,36,1024,1024,2.257628421181832,0.08788942600993406,0.002940188483599032,39.86429803495279,1.3335910280706549,6.076044652630303,6.0579775312485715,6.123324028456875,5.824845255083709,0.9970264995709157,1.0006269016429834
ztf,36,4096,4096,2.257628421181832,0.08788942600993406,0.002940188483599032,159.45719213981116,5.3343641122826195,6.076044652630303,6.074532689474451,6.123324028456875,5.824845255083709,0.9997511599663447,1.0001385730539494
ztf,36,8192,8192,2.257628421181832,0.08788942600993406,0.002940188483599032,318.9143842796223,10.668728224565239,6.076044652630303,6.074212689828015,6.123324028456875,5.824845255083709,0.9996984941837952,1.0001155213534005
ztf,37,original_auto,256,1.6566424173595247,0.07721806663700848,0.002750529773866188,11.932463428397266,0.42503778409347137,8.15226939146794,8.11583034489453,8.178461320082116,8.066687974122676,0.9955301959707629,1.003001628137053
ztf,37,1024,1024,1.6566424173595247,0.07721806663700848,0.002750529773866188,47.729853713589065,1.7001511363738855,8.15226939146794,8.144759093553375,8.178461320082116,8.066687974122676,0.9990787475788736,1.0003325105491672
ztf,37,4096,4096,1.6566424173595247,0.07721806663700848,0.002750529773866188,190.91941485435626,6.800604545495542,8.15226939146794,8.152748792204553,8.178461320082116,8.066687974122676,1.0000588058016233,1.000161250306387
ztf,37,8192,8192,1.6566424173595247,0.07721806663700848,0.002750529773866188,381.8388297087125,13.601209090991084,8.15226939146794,8.15194805687761,8.178461320082116,8.066687974122676,0.9999605834185673,1.0001551355464093
ztf,38,original_auto,512,5.0292712794846555,0.13927581892171453,0.013403229135570884,14.17883731561699,1.364502516578402,10.125179144328468,10.11037911979738,10.125563081459479,9.810211679619341,0.9985382950444507,1.0015052460411955
ztf,38,1024,1024,5.0292712794846555,0.13927581892171453,0.013403229135570884,28.35767463123398,2.729005033156804,10.125179144328468,10.121306521346087,10.125563081459479,9.810211679619341,0.9996175254850131,1.00035116410932
ztf,38,4096,4096,5.0292712794846555,0.13927581892171453,0.013403229135570884,113.43069852493592,10.916020132627215,10.125179144328468,10.124528498604993,10.125563081459479,9.810211679619341,0.9999357398309501,1.000030224490346
ztf,38,8192,8192,5.0292712794846555,0.13927581892171453,0.013403229135570884,226.86139704987184,21.83204026525443,10.125179144328468,10.125157460391144,10.125563081459479,9.810211679619341,0.9999978584144521,1.000009005643628
ztf,39,original_auto,256,0.965661318106715,0.07487199770617142,0.004124793532824279,19.848813505711657,1.0934963683471508,14.493098554415177,14.4470479108723,14.541609006326226,14.010022852655501,0.9968225812189176,1.0018540882769431
ztf,39,1024,1024,0.965661318106715,0.07487199770617142,0.004124793532824279,79.39525402284663,4.373985473388603,14.493098554415177,14.486310189805808,14.541609006326226,14.010022852655501,0.9995316139896598,1.0001372687769985
ztf,39,4096,4096,0.965661318106715,0.07487199770617142,0.004124793532824279,317.5810160913865,17.495941893554413,14.493098554415177,14.492821588862224,14.541609006326226,14.010022852655501,0.9999808898316731,1.000024969825089
ztf,39,8192,8192,0.965661318106715,0.07487199770617142,0.004124793532824279,635.162032182773,34.991883787108826,14.493098554415177,14.491931640600521,14.541609006326226,14.010022852655501,0.9999194848630696,1.0000177162155484
ztf,40,original_auto,512,5.8291764490475115,0.11806197973918942,0.018741080456220305,10.369858273262967,1.6461044330117494,6.020968125976686,5.9955213411930535,6.043170482314064,5.746644394331871,0.995773639014323,1.0046270268527482
ztf,40,1024,1024,5.8291764490475115,0.11806197973918942,0.018741080456220305,20.739716546525933,3.2922088660234987,6.020968125976686,6.01993801991866,6.043170482314064,5.746644394331871,0.9998289135506994,1.0012926903424135
ztf,40,4096,4096,5.8291764490475115,0.11806197973918942,0.018741080456220305,82.95886618610373,13.168835464093995,6.020968125976686,6.018955515137263,6.043170482314064,5.746644394331871,0.9996657330187915,1.000076336616596
ztf,40,8192,8192,5.8291764490475115,0.11806197973918942,0.018741080456220305,165.91773237220747,26.33767092818799,6.020968125976686,6.0232590344437575,6.043170482314064,5.746644394331871,1.0003804883897638,1.000022406833961
ztf,41,original_auto,512,4.321452194394263,0.133919487512497,0.012578574787817508,15.86660560432497,1.4902930778030483,8.113907414328427,8.10171123169975,8.11410714423174,7.582870491315935,0.9984968792462262,1.0024207046004752
ztf,41,1024,1024,4.321452194394263,0.133919487512497,0.012578574787817508,31.73321120864994,2.9805861556060966,8.113907414328427,8.108695408020624,8.11410714423174,7.582870491315935,0.9993576453314468,1.000677072460052
ztf,41,4096,4096,4.321452194394263,0.133919487512497,0.012578574787817508,126.93284483459976,11.922344622424387,8.113907414328427,8.112897308309858,8.11410714423174,7.582870491315935,0.9998755092994055,1.0000494229693695
ztf,41,8192,8192,4.321452194394263,0.133919487512497,0.012578574787817508,253.86568966919953,23.844689244848773,8.113907414328427,8.113681048102592,8.11410714423174,7.582870491315935,0.999972101453187,1.0000152801242326
ztf,42,original_auto,256,0.8222545720152247,0.07484104420621933,0.0037155375777648894,23.300943489843434,1.156792132607564,10.383797968796047,10.390628754012976,10.407397143411682,10.059381497983411,1.000657831097779,1.0008142775182451
ztf,42,1024,1024,0.8222545720152247,0.07484104420621933,0.0037155375777648894,93.20377395937373,4.627168530430256,10.383797968796047,10.385084427779173,10.407397143411682,10.059381497983411,1.0001238909873817,1.0000604575101826
ztf,42,4096,4096,0.8222545720152247,0.07484104420621933,0.0037155375777648894,372.81509583749494,18.508674121721025,10.383797968796047,10.383746544536175,10.407397143411682,10.059381497983411,0.9999950476444142,1.0000107921398582
ztf,42,8192,8192,0.8222545720152247,0.07484104420621933,0.0037155375777648894,745.6301916749899,37.01734824344205,10.383797968796047,10.383834928604294,10.407397143411682,10.059381497983411,1.000003559372819,1.0000064771826662
ztf,43,original_auto,256,1.376390763271703,0.08023390703550753,0.004825765755148245,14.923000610863083,0.8975619905944403,14.32138870620961,14.280980359449385,14.359838813210416,13.775571865451612,0.9971784616988502,1.0035017891258937
ztf,43,1024,1024,1.376390763271703,0.08023390703550753,0.004825765755148245,59.69200244345233,3.5902479623777612,14.32138870620961,14.31649859629854,14.359838813210416,13.775571865451612,0.9996585449908953,1.0002557366829907
ztf,43,4096,4096,1.376390763271703,0.08023390703550753,0.004825765755148245,238.76800977380933,14.360991849511045,14.32138870620961,14.320721858239798,14.359838813210416,13.775571865451612,0.9999534369198761,1.0000400063397197
ztf,43,8192,8192,1.376390763271703,0.08023390703550753,0.004825765755148245,477.53601954761865,28.72198369902209,14.32138870620961,14.321183749927625,14.359838813210416,13.775571865451612,0.9999856887983288,1.0000288304295601
ztf,44,original_auto,256,1.4610461530828147,0.07819343199217725,0.005179856117171103,13.700811947494138,0.9075984103567465,6.147838169868502,6.119826909656719,6.1568509359447,5.933789989440675,0.9954437219331714,1.0033425902132835
ztf,44,1024,1024,1.4610461530828147,0.07819343199217725,0.005179856117171103,54.80324778997655,3.630393641426986,6.147838169868502,6.146991276777722,6.1568509359447,5.933789989440675,0.9998622453832747,1.0002240657503252
ztf,44,4096,4096,1.4610461530828147,0.07819343199217725,0.005179856117171103,219.2129911599062,14.521574565707944,6.147838169868502,6.147811981370733,6.1568509359447,5.933789989440675,0.999995740210291,1.000020480605646
ztf,44,8192,8192,1.4610461530828147,0.07819343199217725,0.005179856117171103,438.4259823198124,29.043149131415888,6.147838169868502,6.147968621970506,6.1568509359447,5.933789989440675,1.0000212191828086,1.0000111726682197
ztf,45,original_auto,256,0.8403778450101835,0.06339449480721812,0.00458930321224274,19.31154035890984,1.3980159392706322,8.287762657247459,8.272610749459263,8.294993620411883,7.9877769153042415,0.9981717734429876,1.0014148603065032
ztf,45,1024,1024,0.8403778450101835,0.06339449480721812,0.00458930321224274,77.24616143563937,5.592063757082529,8.287762657247459,8.286269186753467,8.294993620411883,7.9877769153042415,0.9998197981100863,1.0001117211633397
ztf,45,4096,4096,0.8403778450101835,0.06339449480721812,0.00458930321224274,308.98464574255746,22.368255028330115,8.287762657247459,8.287193526261255,8.294993620411883,7.9877769153042415,0.999931328754244,1.0000149755478223
ztf,45,8192,8192,0.8403778450101835,0.06339449480721812,0.00458930321224274,617.9692914851149,44.73651005666023,8.287762657247459,8.287732836341986,8.294993620411883,7.9877769153042415,0.999996401814735,1.0000108596354387
ztf,46,original_auto,256,3.7413185108896645,0.12262874245373061,0.005947514422561161,8.390880909171768,0.40695912089387976,10.09244003709314,10.014681215280048,10.115324889678387,10.023893564340442,0.9922953397268348,1.0048536374547257
ztf,46,1024,1024,3.7413185108896645,0.12262874245373061,0.005947514422561161,33.56352363668707,1.627836483575519,10.09244003709314,10.101841970473053,10.115324889678387,10.023893564340442,1.0009315817924462,1.0004406981483451
ztf,46,4096,4096,3.7413185108896645,0.12262874245373061,0.005947514422561161,134.2540945467483,6.511345934302076,10.09244003709314,10.091473798072318,10.115324889678387,10.023893564340442,0.9999042611085851,1.0000499772857039
ztf,46,8192,8192,3.7413185108896645,0.12262874245373061,0.005947514422561161,268.5081890934966,13.022691868604152,10.09244003709314,10.094653468993913,10.115324889678387,10.023893564340442,1.000219315833697,1.0000304210220854
ztf,47,original_auto,256,1.1692090376955149,0.08180096386572885,0.004227392059640178,17.910438659370037,0.9255935699923277,14.31553010929898,14.243015190833257,14.421442118825777,13.873238311568345,0.9949345278929895,1.0036422431195307
ztf,47,1024,1024,1.1692090376955149,0.08180096386572885,0.004227392059640178,71.64175463748015,3.7023742799693107,14.31553010929898,14.313908412734877,14.421442118825777,13.873238311568345,0.9998867176729244,1.000296076748031
ztf,47,4096,4096,1.1692090376955149,0.08180096386572885,0.004227392059640178,286.5670185499206,14.809497119877243,14.31553010929898,14.31724075967016,14.421442118825777,13.873238311568345,1.0001194961247064,1.000040683319668
ztf,47,8192,8192,1.1692090376955149,0.08180096386572885,0.004227392059640178,573.1340370998412,29.618994239754485,14.31553010929898,14.31533773660102,14.421442118825777,13.873238311568345,0.9999865619577836,1.0000282935447615
ztf,48,original_auto,256,1.261543244995773,0.051856209044777744,0.0035921368692884287,10.522976178678347,0.7289381812201918,6.132564391945783,6.119459415806671,6.143110283296461,6.039688103686106,0.9978630511966049,1.0029933443895807
ztf,48,1024,1024,1.261543244995773,0.051856209044777744,0.0035921368692884287,42.09190471471339,2.9157527248807673,6.132564391945783,6.135945698449564,6.143110283296461,6.039688103686106,1.0005513690990708,1.0003944476446351
ztf,48,4096,4096,1.261543244995773,0.051856209044777744,0.0035921368692884287,168.36761885885355,11.66301089952307,6.132564391945783,6.133475573099688,6.143110283296461,6.039688103686106,1.0001485807723605,1.0001365492184164
ztf,48,8192,8192,1.261543244995773,0.051856209044777744,0.0035921368692884287,336.7352377177071,23.32602179904614,6.132564391945783,6.1325114709029656,6.143110283296461,6.039688103686106,0.9999913704872163,1.0001233776635032
ztf,49,original_auto,512,5.921304128949833,0.12382101019304456,0.01772494907708308,10.706485571124079,1.532630942413028,8.022834739509,7.959450178980399,8.05281093902931,7.381965188327271,0.9920994807213891,1.0054654730413115
ztf,49,1024,1024,5.921304128949833,0.12382101019304456,0.01772494907708308,21.412971142248157,3.065261884826056,8.022834739509,8.02246254539062,8.05281093902931,7.381965188327271,0.9999536081534192,1.002194023400855
ztf,49,4096,4096,5.921304128949833,0.12382101019304456,0.01772494907708308,85.65188456899263,12.261047539304224,8.022834739509,8.034979402708792,8.05281093902931,7.381965188327271,1.0015137621045571,1.0001457494874006
ztf,49,8192,8192,5.921304128949833,0.12382101019304456,0.01772494907708308,171.30376913798526,24.522095078608448,8.022834739509,8.027824089554002,8.05281093902931,7.381965188327271,1.0006218936581646,1.0000408165902877
ztf,50,original_auto,512,5.051480864520516,0.09200753741359853,0.025462954579591336,9.325554311534326,2.5808338375222633,9.845697451807915,9.848469189983035,10.062103912711322,8.928196403385837,1.0002815177074744,1.0068193721389045
ztf,50,1024,1024,5.051480864520516,0.09200753741359853,0.025462954579591336,18.65110862306865,5.1616676750445265,9.845697451807915,9.896725819907953,10.062103912711322,8.928196403385837,1.0051828088715713,1.0013019114842454
ztf,50,4096,4096,5.051480864520516,0.09200753741359853,0.025462954579591336,74.6044344922746,20.646670700178106,9.845697451807915,9.852522011976713,10.062103912711322,8.928196403385837,1.0006931515214847,1.0000979131899599
ztf,50,8192,8192,5.051480864520516,0.09200753741359853,0.025462954579591336,149.2088689845492,41.29334140035621,9.845697451807915,9.855374031879085,10.062103912711322,8.928196403385837,1.0009828232198414,1.0000268846702853
ztf,51,original_auto,256,3.250861052548773,0.12225403587042596,0.011419337994067441,9.627305712832984,0.8992542219512182,14.274466741266172,14.22560771478912,14.274682654535985,13.729219175033725,0.9965771732588927,1.0038890055647516
ztf,51,1024,1024,3.250861052548773,0.12225403587042596,0.011419337994067441,38.509222851331934,3.5970168878048727,14.274466741266172,14.267837529923234,14.274682654535985,13.729219175033725,0.9995355895626018,1.000337905192434
ztf,51,4096,4096,3.250861052548773,0.12225403587042596,0.011419337994067441,154.03689140532774,14.38806755121949,14.274466741266172,14.274467270742067,14.274682654535985,13.729219175033725,1.0000000370925166,1.0000246654414922
ztf,51,8192,8192,3.250861052548773,0.12225403587042596,0.011419337994067441,308.0737828106555,28.77613510243898,14.274466741266172,14.274484015246218,14.274682654535985,13.729219175033725,1.0000012101313736,1.0000081818834317
ztf,52,original_auto,256,1.2286398114134678,0.08556012875915824,0.00415098164091577,17.827350830465214,0.8649005918601383,6.1979036356416035,6.171653682140839,6.2209124039281045,6.048367767605907,0.9957647044801065,1.0012160176660543
ztf,52,1024,1024,1.2286398114134678,0.08556012875915824,0.00415098164091577,71.30940332186086,3.4596023674405534,6.1979036356416035,6.197221380479185,6.2209124039281045,6.048367767605907,0.9998899216247095,1.0001062106931893
ztf,52,4096,4096,1.2286398114134678,0.08556012875915824,0.00415098164091577,285.2376132874434,13.838409469762214,6.1979036356416035,6.197437023540747,6.2209124039281045,6.048367767605907,0.9999247145279618,1.0000115987191809
ztf,52,8192,8192,1.2286398114134678,0.08556012875915824,0.00415098164091577,570.4752265748868,27.676818939524427,6.1979036356416035,6.197740156786786,6.2209124039281045,6.048367767605907,0.9999736235242708,1.0000067918406021
ztf,53,original_auto,256,2.2577329079265995,0.09610595419744467,0.0026706043041542712,10.897269640783257,0.3028146949815023,8.10173151896004,8.11096446156908,8.183999349712403,7.929713575369761,1.001139625842628,1.0044400068512127
ztf,53,1024,1024,2.2577329079265995,0.09610595419744467,0.0026706043041542712,43.58907856313303,1.2112587799260093,8.10173151896004,8.094283385327747,8.183999349712403,7.929713575369761,0.9990806738516498,1.0005616140245976
ztf,53,4096,4096,2.2577329079265995,0.09610595419744467,0.0026706043041542712,174.35631425253212,4.845035119704037,8.10173151896004,8.102890847655539,8.183999349712403,7.929713575369761,1.0001430964100435,1.0001650553436205
ztf,53,8192,8192,2.2577329079265995,0.09610595419744467,0.0026706043041542712,348.71262850506423,9.690070239408074,8.10173151896004,8.101254208865937,8.183999349712403,7.929713575369761,0.9999410854219266,1.0001467787427132
ztf,54,original_auto,512,5.775585724402735,0.12329334793215128,0.0080219212008633,10.929834159424491,0.7111354329809979,10.113361945925583,9.997525638401665,10.135874107296173,9.637855927886982,0.988546211621489,1.0077132877051238
ztf,54,1024,1024,5.775585724402735,0.12329334793215128,0.0080219212008633,21.859668318848982,1.4222708659619958,10.113361945925583,10.10026481869973,10.135874107296173,9.637855927886982,0.9987049680120339,1.0017564477357292
ztf,54,4096,4096,5.775585724402735,0.12329334793215128,0.0080219212008633,87.43867327539593,5.689083463847983,10.113361945925583,10.106947554464453,10.135874107296173,9.637855927886982,0.9993657508259443,1.000147223445687
ztf,54,8192,8192,5.775585724402735,0.12329334793215128,0.0080219212008633,174.87734655079186,11.378166927695966,10.113361945925583,10.111971455673633,10.135874107296173,9.637855927886982,0.9998625095928154,1.0000554884469548
ztf,55,original_auto,512,7.632932832370669,0.10895139047705436,0.011405581824287747,7.308214699293571,0.7650608255413693,14.092045041277379,14.04985865958285,14.092152303060042,13.538568215922831,0.9970063690847595,1.0075686725906363
ztf,55,1024,1024,7.632932832370669,0.10895139047705436,0.011405581824287747,14.616429398587142,1.5301216510827387,14.092045041277379,14.0743097626073,14.092152303060042,13.538568215922831,0.9987414687777303,1.001135268113891
ztf,55,4096,4096,7.632932832370669,0.10895139047705436,0.011405581824287747,58.46571759434857,6.120486604330955,14.092045041277379,14.091431731476716,14.092152303060042,13.538568215922831,0.9999564782968784,1.0002157796011328
ztf,55,8192,8192,7.632932832370669,0.10895139047705436,0.011405581824287747,116.93143518869714,12.24097320866191,14.092045041277379,14.091449486290921,14.092152303060042,13.538568215922831,0.9999577382143817,1.000145330937169
ztf,56,original_auto,256,2.130420423586797,0.08342472720679393,0.0029921024935048307,10.024655194106167,0.35954322905317815,6.076009260719601,6.0353626225518235,6.161256290450765,5.982417976495404,0.9933103067451607,1.0137698011073204
ztf,56,1024,1024,2.130420423586797,0.08342472720679393,0.0029921024935048307,40.09862077642467,1.4381729162127126,6.076009260719601,6.074688103272903,6.161256290450765,5.982417976495404,0.9997825616469616,1.000870925635192
ztf,56,4096,4096,2.130420423586797,0.08342472720679393,0.0029921024935048307,160.39448310569867,5.75269166485085,6.076009260719601,6.07290341600819,6.161256290450765,5.982417976495404,0.9994888347633882,1.0001322726296893
ztf,56,8192,8192,2.130420423586797,0.08342472720679393,0.0029921024935048307,320.78896621139734,11.5053833297017,6.076009260719601,6.076420110407844,6.161256290450765,5.982417976495404,1.0000676183446426,1.000093728533029
ztf,57,original_auto,256,1.7489843496508914,0.08930122552096038,0.01080065946489777,13.07107964569785,1.5808996939084874,8.16752307861876,8.136456384446856,8.184806697598127,7.604334439066769,0.9961963138796348,1.0050925491468439
ztf,57,1024,1024,1.7489843496508914,0.08930122552096038,0.01080065946489777,52.2843185827914,6.32359877563395,8.16752307861876,8.162821337413801,8.184806697598127,7.604334439066769,0.9994243369550717,1.0004092356624235
ztf,57,4096,4096,1.7489843496508914,0.08930122552096038,0.01080065946489777,209.1372743311656,25.2943951025358,8.16752307861876,8.16811440609722,8.184806697598127,7.604334439066769,1.0000723998540033,1.0000301689012985
ztf,57,8192,8192,1.7489843496508914,0.08930122552096038,0.01080065946489777,418.2745486623312,50.5887902050716,8.16752307861876,8.168523104065352,8.184806697598127,7.604334439066769,1.0001224392556918,1.0000098239951607
ztf,58,original_auto,512,4.485671052242871,0.1269798614324245,0.006491890763763643,14.493637249858967,0.7409923804789552,10.093780781691747,10.034801593595285,10.149387400258647,9.718043519072694,0.9941568784410854,1.0052752467258528
ztf,58,1024,1024,4.485671052242871,0.1269798614324245,0.006491890763763643,28.987274499717934,1.4819847609579104,10.093780781691747,10.06959350077573,10.149387400258647,9.718043519072694,0.9976037441827657,1.0013156269879764
ztf,58,4096,4096,4.485671052242871,0.1269798614324245,0.006491890763763643,115.94909799887174,5.927939043831642,10.093780781691747,10.091783062843119,10.149387400258647,9.718043519072694,0.9998020841851201,1.0001007685662897
ztf,58,8192,8192,4.485671052242871,0.1269798614324245,0.006491890763763643,231.89819599774347,11.855878087663283,10.093780781691747,10.092646723008889,10.149387400258647,9.718043519072694,0.9998876477796194,1.000042300147068
ztf,59,original_auto,256,1.0863146661593537,0.07373454752269562,0.0021934747661650697,17.376221415242416,0.5169124173970104,14.33043506371276,14.277421794060366,14.406720258140574,13.805627172835539,0.9963006517655117,1.0021705364858788
ztf,59,1024,1024,1.0863146661593537,0.07373454752269562,0.0021934747661650697,69.50488566096966,2.0676496695880417,14.33043506371276,14.32013465691351,14.406720258140574,13.805627172835539,0.9992812216270158,1.0004350546396574
ztf,59,4096,4096,1.0863146661593537,0.07373454752269562,0.0021934747661650697,278.01954264387865,8.270598678352167,14.33043506371276,14.32894249364711,14.406720258140574,13.805627172835539,0.9998958461443065,1.0003358704382506
ztf,59,8192,8192,1.0863146661593537,0.07373454752269562,0.0021934747661650697,556.0390852877573,16.541197356704334,14.33043506371276,14.330747639543809,14.406720258140574,13.805627172835539,1.0000218120266173,1.0003317218565266
ztf,60,original_auto,512,5.240905775493025,0.12002502138529342,0.0037279235320440973,11.725608813008895,0.3641921702412255,6.038670727109321,6.020156581241125,6.073473221220473,5.98439713554963,0.9969340693167652,1.0032097611467201
ztf,60,1024,1024,5.240905775493025,0.12002502138529342,0.0037279235320440973,23.45121762601779,0.728384340482451,6.038670727109321,6.038203689758496,6.073473221220473,5.98439713554963,0.9999226589141997,1.0009691625050483
ztf,60,4096,4096,5.240905775493025,0.12002502138529342,0.0037279235320440973,93.80487050407116,2.913537361929804,6.038670727109321,6.036264820429032,6.073473221220473,5.98439713554963,0.9996015833965763,1.0002005072216353
ztf,60,8192,8192,5.240905775493025,0.12002502138529342,0.0037279235320440973,187.60974100814232,5.827074723859608,6.038670727109321,6.036863605226556,6.073473221220473,5.98439713554963,0.9997007417750645,1.0001600746239185
ztf,61,original_auto,512,5.103528730036057,0.1364741587938908,0.013899462109757392,13.691461927359114,1.394432161871166,8.123717332174323,8.104869042385047,8.125572264892257,7.7390217360823454,0.9976798442118824,1.0035848500804398
ztf,61,1024,1024,5.103528730036057,0.1364741587938908,0.013899462109757392,27.38292385471823,2.788864323742332,8.123717332174323,8.117615516777555,8.125572264892257,7.7390217360823454,0.9992488887602475,1.0008576500850683
ztf,61,4096,4096,5.103528730036057,0.1364741587938908,0.013899462109757392,109.53169541887291,11.155457294969327,8.123717332174323,8.122478404086486,8.125572264892257,7.7390217360823454,0.9998474924671579,1.0000591589752559
ztf,61,8192,8192,5.103528730036057,0.1364741587938908,0.013899462109757392,219.06339083774583,22.310914589938655,8.123717332174323,8.123134446235575,8.125572264892257,7.7390217360823454,0.9999282488650314,1.000016154674384
ztf,62,original_auto,512,5.229192149897867,0.0978013298333148,0.004650048910848095,9.575911429384975,0.45529500047167426,10.018534091588531,9.923894753473228,10.078910763487213,9.56259768690314,0.9905535742804167,1.007116847584123
ztf,62,1024,1024,5.229192149897867,0.0978013298333148,0.004650048910848095,19.15182285876995,0.9105900009433485,10.018534091588531,10.0232982902656,10.078910763487213,9.56259768690314,1.000475538500295,1.0025444871743043
ztf,62,4096,4096,5.229192149897867,0.0978013298333148,0.004650048910848095,76.6072914350798,3.642360003773394,10.018534091588531,10.027015254837808,10.078910763487213,9.56259768690314,1.0008465473263597,1.0009164572798446
ztf,62,8192,8192,5.229192149897867,0.0978013298333148,0.004650048910848095,153.2145828701596,7.284720007546788,10.018534091588531,10.020164954000695,10.078910763487213,9.56259768690314,1.0001627845348684,1.000815127244088
ztf,63,original_auto,256,1.1171413035721245,0.07928847672650573,0.002063193674400887,18.169456251489322,0.4727938882554503,14.354105160758614,14.35520245836071,14.504998251138431,14.208151342438565,1.0000764448629718,1.002266609913573
ztf,63,1024,1024,1.1171413035721245,0.07928847672650573,0.002063193674400887,72.67782500595729,1.8911755530218013,14.354105160758614,14.347188924796058,14.504998251138431,14.208151342438565,0.9995181701760508,1.0004035421858843
ztf,63,4096,4096,1.1171413035721245,0.07928847672650573,0.002063193674400887,290.71130002382915,7.564702212087205,14.354105160758614,14.355139013359363,14.504998251138431,14.208151342438565,1.0000720248729662,1.0002789925708309
ztf,63,8192,8192,1.1171413035721245,0.07928847672650573,0.002063193674400887,581.4226000476583,15.12940442417441,14.354105160758614,14.354665214898137,14.504998251138431,14.208151342438565,1.0000390170012865,1.0002737504552017
ztf,64,original_auto,256,1.148340709990781,0.07033181279799673,0.002394559972113651,15.679095863832703,0.5338201001913586,6.135445282034031,6.144978408875657,6.171464194077988,6.109558678437976,1.0015537791314906,1.0019597518227736
ztf,64,1024,1024,1.148340709990781,0.07033181279799673,0.002394559972113651,62.71638345533081,2.1352804007654345,6.135445282034031,6.137147308478751,6.171464194077988,6.109558678437976,1.000277408788846,1.0001822652539099
ztf,64,4096,4096,1.148340709990781,0.07033181279799673,0.002394559972113651,250.86553382132325,8.541121603061738,6.135445282034031,6.134593126707673,6.171464194077988,6.109558678437976,0.9998611094570671,1.0000753880137119
ztf,64,8192,8192,1.148340709990781,0.07033181279799673,0.002394559972113651,501.7310676426465,17.082243206123476,6.135445282034031,6.134940177775247,6.171464194077988,6.109558678437976,0.999917674392719,1.0000696546312358
ztf,65,original_auto,256,0.944943186986888,0.05799346646795778,0.0026186179092087883,15.711343941361417,0.7094248564244655,8.196250361282814,8.18075664501562,8.212757364600947,8.072238449215277,0.9981096580040572,1.0015044576150531
ztf,65,1024,1024,0.944943186986888,0.05799346646795778,0.0026186179092087883,62.84537576544567,2.837699425697862,8.196250361282814,8.191785051544173,8.212757364600947,8.072238449215277,0.9994552009099509,1.000232519638954
ztf,65,4096,4096,0.944943186986888,0.05799346646795778,0.0026186179092087883,251.38150306178267,11.350797702791448,8.196250361282814,8.196584053452474,8.212757364600947,8.072238449215277,1.000040712783889,1.000153159539445
ztf,65,8192,8192,0.944943186986888,0.05799346646795778,0.0026186179092087883,502.76300612356533,22.701595405582896,8.196250361282814,8.195827964714464,8.212757364600947,8.072238449215277,0.9999484646576506,1.0001492929478866
ztf,66,original_auto,512,7.2026745802227286,0.15126402264765687,0.007438558943385104,10.752558474355705,0.5287677704433235,10.032683013958282,9.860713864363907,10.081044836748033,9.616066596219975,0.9828591066462363,1.0089704488653026
ztf,66,1024,1024,7.2026745802227286,0.15126402264765687,0.007438558943385104,21.50511694871141,1.057535540886647,10.032683013958282,9.972820439252324,10.081044836748033,9.616066596219975,0.9940332436873892,1.0022907200372728
ztf,66,4096,4096,7.2026745802227286,0.15126402264765687,0.007438558943385104,86.02046779484564,4.230142163546588,10.032683013958282,10.025290588178095,10.081044836748033,9.616066596219975,0.9992631656188178,1.0001814386236954
ztf,66,8192,8192,7.2026745802227286,0.15126402264765687,0.007438558943385104,172.0409355896913,8.460284327093175,10.032683013958282,10.031388449032027,10.081044836748033,9.616066596219975,0.9998709652318872,1.000070448389984
ztf,67,original_auto,256,1.1113917771215736,0.08173971842005522,0.004090055033325782,18.828075163314026,0.9421107030710597,14.553044333143697,14.536127813470243,14.608102908997576,14.103973567061496,0.9988375958125182,1.0020621098060312
ztf,67,1024,1024,1.1113917771215736,0.08173971842005522,0.004090055033325782,75.3123006532561,3.768442812284239,14.553044333143697,14.553060372998248,14.608102908997576,14.103973567061496,1.000001102164893,1.0001457709307755
ztf,67,4096,4096,1.1113917771215736,0.08173971842005522,0.004090055033325782,301.2492026130244,15.073771249136955,14.553044333143697,14.553339492996109,14.608102908997576,14.103973567061496,1.0000202816569272,1.000022744904216
ztf,67,8192,8192,1.1113917771215736,0.08173971842005522,0.004090055033325782,602.4984052260488,30.14754249827391,14.553044333143697,14.553746394217402,14.608102908997576,14.103973567061496,1.0000482415264897,1.000015958711359
ztf,68,original_auto,512,5.804414817395026,0.12611628083433898,0.003791522635506611,11.12455567332466,0.3344453576201514,6.0681290958527665,6.04851936632697,6.070669885321465,6.047031182459372,0.9967684060085013,1.0025322665192682
ztf,68,1024,1024,5.804414817395026,0.12611628083433898,0.003791522635506611,22.24911134664932,0.6688907152403027,6.0681290958527665,6.067138018007812,6.070669885321465,6.047031182459372,0.9998366748911733,1.0004301691228885
ztf,68,4096,4096,5.804414817395026,0.12611628083433898,0.003791522635506611,88.99644538659729,2.675562860961211,6.0681290958527665,6.067423730006287,6.070669885321465,6.047031182459372,0.9998837589254715,1.0001599975947695
ztf,68,8192,8192,5.804414817395026,0.12611628083433898,0.003791522635506611,177.99289077319457,5.351125721922422,6.0681290958527665,6.067737577690869,6.070669885321465,6.047031182459372,0.9999354795925213,1.0001459066095866
ztf,69,original_auto,512,6.1064887596152815,0.13107622261228888,0.016791019019536176,10.990117008210133,1.4078469766223145,8.05018213139314,7.996336626408086,8.067987319942699,7.2939896354484715,0.9933112687258251,1.0053930142598146
ztf,69,1024,1024,6.1064887596152815,0.13107622261228888,0.016791019019536176,21.980234016420265,2.815693953244629,8.05018213139314,8.047464773383792,8.067987319942699,7.2939896354484715,0.9996624476359671,1.001121502627151
ztf,69,4096,4096,6.1064887596152815,0.13107622261228888,0.016791019019536176,87.92093606568106,11.262775812978516,8.05018213139314,8.050422467060386,8.067987319942699,7.2939896354484715,1.0000298546869282,1.0000823937480812
ztf,69,8192,8192,6.1064887596152815,0.13107622261228888,0.016791019019536176,175.84187213136212,22.525551625957032,8.05018213139314,8.05106658297643,8.067987319942699,7.2939896354484715,1.0001098672761504,1.0000231860982658
ztf,70,original_auto,256,1.9915250517198844,0.07760855330320907,0.014674278475044166,9.976168579181902,1.8863007956475804,10.060251471892348,10.007178861555298,10.142335229454991,9.210056264463677,0.9947245244827794,1.0047324096265757
ztf,70,1024,1024,1.9915250517198844,0.07760855330320907,0.014674278475044166,39.90467431672761,7.545203182590321,10.060251471892348,10.058007486082507,10.142335229454991,9.210056264463677,0.9997769453560768,1.0002929415584245
ztf,70,4096,4096,1.9915250517198844,0.07760855330320907,0.014674278475044166,159.61869726691043,30.180812730361286,10.060251471892348,10.062360258345725,10.142335229454991,9.210056264463677,1.0002096156800124,1.000023553685387
ztf,70,8192,8192,1.9915250517198844,0.07760855330320907,0.014674278475044166,319.23739453382086,60.36162546072257,10.060251471892348,10.06226693624609,10.142335229454991,9.210056264463677,1.0002003393612349,1.0000069841447732
ztf,71,original_auto,256,1.3177137110165358,0.08757082468064514,0.004237445276255664,17.012899638838043,0.8232334395948598,14.452461514974283,14.46162934124552,14.509397892338699,13.870459136007726,1.000634343586505,1.0022019936589337
ztf,71,1024,1024,1.3177137110165358,0.08757082468064514,0.004237445276255664,68.05159855535217,3.2929337583794394,14.452461514974283,14.443017261903696,14.509397892338699,13.870459136007726,0.999346529789351,1.0001557552110478
ztf,71,4096,4096,1.3177137110165358,0.08757082468064514,0.004237445276255664,272.2063942214087,13.171735033517757,14.452461514974283,14.453013536053104,14.509397892338699,13.870459136007726,1.0000381956442679,1.0000279334022106
ztf,71,8192,8192,1.3177137110165358,0.08757082468064514,0.004237445276255664,544.4127884428174,26.343470067035515,14.452461514974283,14.45123074248896,14.509397892338699,13.870459136007726,0.9999148399403072,1.0000215185578725
ztf,72,original_auto,512,5.010820615523349,0.10924003475205683,0.008346371824740566,11.162023565517615,0.8528228611953306,6.0581635776000935,6.050583918105849,6.0589091800808825,5.829300918188215,0.9987488519586578,1.002072319314607
ztf,72,1024,1024,5.010820615523349,0.10924003475205683,0.008346371824740566,22.32404713103523,1.7056457223906611,6.0581635776000935,6.054543254308046,6.0589091800808825,5.829300918188215,0.9994024058205636,1.0003271161534772
ztf,72,4096,4096,5.010820615523349,0.10924003475205683,0.008346371824740566,89.29618852414092,6.822582889562645,6.0581635776000935,6.058437594703402,6.0589091800808825,5.829300918188215,1.0000452310505978,1.0000451718920065
ztf,72,8192,8192,5.010820615523349,0.10924003475205683,0.008346371824740566,178.59237704828183,13.64516577912529,6.0581635776000935,6.058107663121098,6.0589091800808825,5.829300918188215,0.999990770391344,1.000022074286148
ztf,73,original_auto,256,2.3255079916608863,0.0663905485990053,0.008875298959652778,7.308502272317183,0.9770237478514902,8.060165735614895,8.02015727411748,8.074229469378556,7.31576835735632,0.9950362730978803,1.0134738584172103
ztf,73,1024,1024,2.3255079916608863,0.0663905485990053,0.008875298959652778,29.23400908926873,3.9080949914059606,8.060165735614895,8.052458487177875,8.074229469378556,7.31576835735632,0.9990437853649876,1.0013989153725869
ztf,73,4096,4096,2.3255079916608863,0.0663905485990053,0.008875298959652778,116.93603635707493,15.632379965623842,8.060165735614895,8.056288504316333,8.074229469378556,7.31576835735632,0.9995189638245986,1.0001204703207232
ztf,73,8192,8192,2.3255079916608863,0.0663905485990053,0.008875298959652778,233.87207271414985,31.264759931247685,8.060165735614895,8.059878255044481,8.074229469378556,7.31576835735632,0.99996433316884,1.000056555094513
ztf,74,original_auto,256,1.228793953766273,0.052595353734927984,0.007584262347161995,10.957419276741174,1.5800624302573463,10.163353244175921,10.114554061646187,10.182652694189382,9.531051540720172,0.9951985155531519,1.0040422968335405
ztf,74,1024,1024,1.228793953766273,0.052595353734927984,0.007584262347161995,43.829677106964695,6.320249721029385,10.163353244175921,10.152119510164107,10.182652694189382,9.531051540720172,0.9988946823216786,1.0003628595889797
ztf,74,4096,4096,1.228793953766273,0.052595353734927984,0.007584262347161995,175.31870842785878,25.28099888411754,10.163353244175921,10.16035845434694,10.182652694189382,9.531051540720172,0.9997053344740626,1.0000528702270044
ztf,74,8192,8192,1.228793953766273,0.052595353734927984,0.007584262347161995,350.63741685571756,50.56199776823508,10.163353244175921,10.162885180881634,10.182652694189382,9.531051540720172,0.999953945977962,1.0000359891357204
ztf,75,original_auto,512,3.9215143383599362,0.08633463601523557,0.004373407781554373,11.272006124625678,0.5710000247231827,14.089812036394111,14.026181963717985,14.143094805721377,13.858513294903105,0.9954839658249685,1.005655939949402
ztf,75,1024,1024,3.9215143383599362,0.08633463601523557,0.004373407781554373,22.544012249251356,1.1420000494463654,14.089812036394111,14.084905784844121,14.143094805721377,13.858513294903105,0.9996517872958619,1.0022294877944797
ztf,75,4096,4096,3.9215143383599362,0.08633463601523557,0.004373407781554373,90.17604899700542,4.568000197785461,14.089812036394111,14.086505968985136,14.143094805721377,13.858513294903105,0.9997653575931009,1.0011896730883574
ztf,75,8192,8192,3.9215143383599362,0.08633463601523557,0.004373407781554373,180.35209799401085,9.136000395570923,14.089812036394111,14.086899138137772,14.143094805721377,13.858513294903105,0.9997932620925805,1.00114049980791
ztf,76,original_auto,512,7.958422101047822,0.15859718280160826,0.0075681072523000464,10.2032484031894,0.4868893436385399,6.042224876458752,6.039553405378142,6.042697994524542,6.028166571570037,0.9995578663265219,1.0004951370018529
ztf,76,1024,1024,7.958422101047822,0.15859718280160826,0.0075681072523000464,20.4064968063788,0.9737786872770798,6.042224876458752,6.042223309714658,6.042697994524542,6.028166571570037,0.9999997407007972,1.0001277343135704
ztf,76,4096,4096,7.958422101047822,0.15859718280160826,0.0075681072523000464,81.6259872255152,3.8951147491083193,6.042224876458752,6.042274955874336,6.042697994524542,6.028166571570037,1.0000082882409391,1.0000214291015934
ztf,76,8192,8192,7.958422101047822,0.15859718280160826,0.0075681072523000464,163.2519744510304,7.790229498216639,6.042224876458752,6.042171546332432,6.042697994524542,6.028166571570037,0.999991173760095,1.0000152834866427
ztf,77,original_auto,512,7.395455224794625,0.14227370962306626,0.008117042775741143,9.849851985147113,0.5619567389504244,8.036933487957638,8.049044582741649,8.06819639999208,7.9726657963185055,1.0015069298261778,1.0047490546978926
ztf,77,1024,1024,7.395455224794625,0.14227370962306626,0.008117042775741143,19.699703970294227,1.1239134779008488,8.036933487957638,8.003043220557531,8.06819639999208,7.9726657963185055,0.9957831842890218,1.0014380765804527
ztf,77,4096,4096,7.395455224794625,0.14227370962306626,0.008117042775741143,78.7988158811769,4.495653911603395,8.036933487957638,8.034799241206239,8.06819639999208,7.9726657963185055,0.9997344451394804,1.0001505512269366
ztf,77,8192,8192,7.395455224794625,0.14227370962306626,0.008117042775741143,157.5976317623538,8.99130782320679,8.036933487957638,8.033731067746691,8.06819639999208,7.9726657963185055,0.9996015370519433,1.0000571764137547
ztf,78,original_auto,512,4.592875579728471,0.11807691931387881,0.015501183998685657,13.16286096569593,1.7280255189922358,10.067601570119189,10.04685539302475,10.085507238230766,9.57384010829482,0.9979393128591805,1.0028028623928007
ztf,78,1024,1024,4.592875579728471,0.11807691931387881,0.015501183998685657,26.32572193139186,3.4560510379844716,10.067601570119189,10.058955482263626,10.085507238230766,9.57384010829482,0.9991411968585224,1.0007533283508692
ztf,78,4096,4096,4.592875579728471,0.11807691931387881,0.015501183998685657,105.30288772556744,13.824204151937886,10.067601570119189,10.065103920593156,10.085507238230766,9.57384010829482,0.9997519121601469,1.0000444604934515
ztf,78,8192,8192,4.592875579728471,0.11807691931387881,0.015501183998685657,210.6057754511349,27.648408303875772,10.067601570119189,10.06874813505233,10.085507238230766,9.57384010829482,1.000113886602003,1.0000141083309346
ztf,79,original_auto,512,4.361179426466818,0.10632236163011007,0.017261577055368002,12.482185168592842,2.026499391131084,14.056176149981647,13.997532362146858,14.136874571920616,12.651127347421388,0.9958278989101267,1.0033890515280317
ztf,79,1024,1024,4.361179426466818,0.10632236163011007,0.017261577055368002,24.964370337185684,4.052998782262168,14.056176149981647,14.072391517655484,14.136874571920616,12.651127347421388,1.0011536115868793,1.0012334737877226
ztf,79,4096,4096,4.361179426466818,0.10632236163011007,0.017261577055368002,99.85748134874274,16.21199512904867,14.056176149981647,14.048956857794675,14.136874571920616,12.651127347421388,0.999486397145999,1.0000802730626146
ztf,79,8192,8192,4.361179426466818,0.10632236163011007,0.017261577055368002,199.71496269748548,32.42399025809734,14.056176149981647,14.052944117675619,14.136874571920616,12.651127347421388,0.9997700631899072,1.000025326553188
ztf,80,original_auto,512,3.8367315172171166,0.11999845576096023,0.006201384524248177,16.013424205969756,0.8275556582906425,6.092212447998241,6.093758023448253,6.108470256382903,5.939467152644827,1.0002536969062068,1.0020680064659189
ztf,80,1024,1024,3.8367315172171166,0.11999845576096023,0.006201384524248177,32.02684841193951,1.655111316581285,6.092212447998241,6.085811936470072,6.108470256382903,5.939467152644827,0.9989493945618603,1.0005311678900182
ztf,80,4096,4096,3.8367315172171166,0.11999845576096023,0.006201384524248177,128.10739364775804,6.62044526632514,6.092212447998241,6.092478948252606,6.108470256382903,5.939467152644827,1.0000437444125003,1.0000393170502953
ztf,80,8192,8192,3.8367315172171166,0.11999845576096023,0.006201384524248177,256.2147872955161,13.24089053265028,6.092212447998241,6.091841891228627,6.108470256382903,5.939467152644827,0.9999391753369113,1.0000145682160924
ztf,81,original_auto,256,0.9976648895202229,0.06457135202527069,0.011252393855736554,16.568956462343483,2.8873551202687353,8.089550889323524,8.068435761489829,8.176929250436498,7.453922511532227,0.9973898269356878,1.002908435353004
ztf,81,1024,1024,0.9976648895202229,0.06457135202527069,0.011252393855736554,66.27582584937393,11.549420481074941,8.089550889323524,8.090468166170819,8.176929250436498,7.453922511532227,1.000113390330297,1.0002124241004102
ztf,81,4096,4096,0.9976648895202229,0.06457135202527069,0.011252393855736554,265.1033033974957,46.197681924299765,8.089550889323524,8.089785923804838,8.176929250436498,7.453922511532227,1.0000290540827952,1.0000150869945192
ztf,81,8192,8192,0.9976648895202229,0.06457135202527069,0.011252393855736554,530.2066067949914,92.39536384859953,8.089550889323524,8.08993246189048,8.176929250436498,7.453922511532227,1.0000471685724186,1.0000061946126126
ztf,82,original_auto,256,1.8223255487274819,0.09607526898519672,0.004755758625645666,13.496638335222308,0.6680882068604289,10.21377345411067,10.182724972025428,10.226370413396785,9.993619385822226,0.996960136013909,1.0018521588383231
ztf,82,1024,1024,1.8223255487274819,0.09607526898519672,0.004755758625645666,53.98655334088923,2.6723528274417157,10.21377345411067,10.21291980686413,10.226370413396785,9.993619385822226,0.9999164219521438,1.0001230079596592
ztf,82,4096,4096,1.8223255487274819,0.09607526898519672,0.004755758625645666,215.94621336355692,10.689411309766863,10.21377345411067,10.214804478722591,10.226370413396785,9.993619385822226,1.000100944535,1.0000192118303115
ztf,82,8192,8192,1.8223255487274819,0.09607526898519672,0.004755758625645666,431.89242672711384,21.378822619533725,10.21377345411067,10.213728681894809,10.226370413396785,9.993619385822226,0.9999956164863003,1.000014058735112
ztf,83,original_auto,256,0.9405889664589341,0.07230693635925449,0.002043453665856537,19.679771258275032,0.5561665691536826,14.446187637559616,14.41205289749774,14.565368737517725,14.269141100109923,0.9976371108476311,1.0020716943364936
ztf,83,1024,1024,0.9405889664589341,0.07230693635925449,0.002043453665856537,78.71908503310013,2.2246662766147303,14.446187637559616,14.449052380640495,14.565368737517725,14.269141100109923,1.000198304435243,1.0003832938019828
ztf,83,4096,4096,0.9405889664589341,0.07230693635925449,0.002043453665856537,314.8763401324005,8.898665106458921,14.446187637559616,14.44687806949119,14.565368737517725,14.269141100109923,1.0000477933658967,1.0002699404432351
ztf,83,8192,8192,0.9405889664589341,0.07230693635925449,0.002043453665856537,629.752680264801,17.797330212917842,14.446187637559616,14.44645319627181,14.565368737517725,14.269141100109923,1.0000183826154592,1.0002650072819592
ztf,84,original_auto,256,1.9266409212259004,0.09797524026015017,0.004832748075449554,13.018337371677571,0.6421453492889997,6.150255451656513,6.120089548027477,6.166195481636723,6.023013656747998,0.9950951787505167,1.0048998738090684
ztf,84,1024,1024,1.9266409212259004,0.09797524026015017,0.004832748075449554,52.073349486710285,2.5685813971559988,6.150255451656513,6.146878749099922,6.166195481636723,6.023013656747998,0.9994509654788922,1.0002741053391715
ztf,84,4096,4096,1.9266409212259004,0.09797524026015017,0.004832748075449554,208.29339794684114,10.274325588623995,6.150255451656513,6.149238054488626,6.166195481636723,6.023013656747998,0.9998345764373717,1.0000203440687714
ztf,84,8192,8192,1.9266409212259004,0.09797524026015017,0.004832748075449554,416.5867958936823,20.54865117724799,6.150255451656513,6.150242669598631,6.166195481636723,6.023013656747998,0.9999979217029306,1.0000099051834719
ztf,85,original_auto,256,0.8584947814484807,0.07818842730131302,0.007706068516211473,23.315502693404937,2.2979214117314055,8.333689793189576,8.323510051558303,8.334961892159876,7.716016571244185,0.9987784832548493,1.0015905728199503
ztf,85,1024,1024,0.8584947814484807,0.07818842730131302,0.007706068516211473,93.26201077361975,9.191685646925622,8.333689793189576,8.333155830084113,8.334961892159876,7.716016571244185,0.9999359271680716,1.000110236717006
ztf,85,4096,4096,0.8584947814484807,0.07818842730131302,0.007706068516211473,373.048043094479,36.76674258770249,8.333689793189576,8.333579966029502,8.334961892159876,7.716016571244185,0.9999868213045122,1.0000100422318732
ztf,85,8192,8192,0.8584947814484807,0.07818842730131302,0.007706068516211473,746.096086188958,73.53348517540498,8.333689793189576,8.333692462447328,8.334961892159876,7.716016571244185,1.0000003202972294,1.0000050840662142
ztf,86,original_auto,512,5.948296244116775,0.14351695675843773,0.006898350019321237,12.35323172294873,0.5937759427139815,10.080259095033314,10.089294767444832,10.109644182951136,9.95502721738447,1.0008963730323133,1.002416445181795
ztf,86,1024,1024,5.948296244116775,0.14351695675843773,0.006898350019321237,24.70646344589746,1.187551885427963,10.080259095033314,10.1046938156253,10.109644182951136,9.95502721738447,1.0024240171171814,1.0006994532384972
ztf,86,4096,4096,5.948296244116775,0.14351695675843773,0.006898350019321237,98.82585378358984,4.750207541711852,10.080259095033314,10.085509991156627,10.109644182951136,9.95502721738447,1.000520908845081,1.0000621658033502
ztf,86,8192,8192,5.948296244116775,0.14351695675843773,0.006898350019321237,197.65170756717967,9.500415083423704,10.080259095033314,10.08092133073235,10.109644182951136,9.95502721738447,1.0000656962973662,1.000033642328989
ztf,87,original_auto,256,1.9339619004435091,0.0964790042845472,0.0049303050494198045,12.770998793295787,0.6526282096674311,14.255022200926845,14.25466340555261,14.298576966415983,13.844328754919188,0.999974830247952,1.0026966045556363
ztf,87,1024,1024,1.9339619004435091,0.0964790042845472,0.0049303050494198045,51.08399517318315,2.6105128386697243,14.255022200926845,14.26818218534599,14.298576966415983,13.844328754919188,1.0009231823166358,1.0002444244667772
ztf,87,4096,4096,1.9339619004435091,0.0964790042845472,0.0049303050494198045,204.3359806927326,10.442051354678897,14.255022200926845,14.256087675060991,14.298576966415983,13.844328754919188,1.000074743772344,1.0000416504286262
ztf,87,8192,8192,1.9339619004435091,0.0964790042845472,0.0049303050494198045,408.6719613854652,20.884102709357794,14.255022200926845,14.254443142648416,14.298576966415983,13.844328754919188,0.9999593786477308,1.0000318430744293
ztf,88,original_auto,256,3.6762929696792463,0.1276869767665584,0.011844482009262004,8.891529135962998,0.8247948189601518,6.065371007956691,6.0352480692538,6.065437612606623,5.4727773484725315,0.995033619763181,1.0055593755080772
ztf,88,1024,1024,3.6762929696792463,0.1276869767665584,0.011844482009262004,35.56611654385199,3.2991792758406073,6.065371007956691,6.06221027083465,6.065437612606623,5.4727773484725315,0.9994788880815544,1.0006948393020878
ztf,88,4096,4096,3.6762929696792463,0.1276869767665584,0.011844482009262004,142.26446617540796,13.19671710336243,6.065371007956691,6.065277342620011,6.065437612606623,5.4727773484725315,0.9999845573607027,1.000046541377081
ztf,88,8192,8192,3.6762929696792463,0.1276869767665584,0.011844482009262004,284.5289323508159,26.39343420672486,6.065371007956691,6.065257469966973,6.065437612606623,5.4727773484725315,0.9999812809489198,1.0000158366917864
ztf,89,original_auto,512,5.9067751666786075,0.13221771547522312,0.007525327560453689,11.460647885363741,0.6522963211275944,8.091692197702923,8.048949764427888,8.101004099555169,7.843873722914259,0.9947177386100811,1.0025989990222142
ztf,89,1024,1024,5.9067751666786075,0.13221771547522312,0.007525327560453689,22.921295770727482,1.3045926422551888,8.091692197702923,8.072198184019848,8.101004099555169,7.843873722914259,0.9975908606992481,1.00085792307929
ztf,89,4096,4096,5.9067751666786075,0.13221771547522312,0.007525327560453689,91.68518308290993,5.218370569020755,8.091692197702923,8.090594173062513,8.101004099555169,7.843873722914259,0.9998643022233692,1.0000729582155226
ztf,89,8192,8192,5.9067751666786075,0.13221771547522312,0.007525327560453689,183.37036616581986,10.43674113804151,8.091692197702923,8.090438366560834,8.101004099555169,7.843873722914259,0.9998450471036893,1.0000309279641615
ztf,90,original_auto,256,2.011076358193859,0.09710991223736282,0.0024440892637030698,12.361607967532215,0.31112038533927827,10.056692149498684,10.019804249946379,10.152763088630458,10.010050812586375,0.9963320046985684,1.005140957441462
ztf,90,1024,1024,2.011076358193859,0.09710991223736282,0.0024440892637030698,49.44643187012886,1.244481541357113,10.056692149498684,10.055449838035399,10.152763088630458,10.010050812586375,0.9998764691764631,1.000533847806543
ztf,90,4096,4096,2.011076358193859,0.09710991223736282,0.0024440892637030698,197.78572748051545,4.977926165428452,10.056692149498684,10.061662243592675,10.152763088630458,10.010050812586375,1.0004942076400578,1.0003128417530203
ztf,90,8192,8192,2.011076358193859,0.09710991223736282,0.0024440892637030698,395.5714549610309,9.955852330856905,10.056692149498684,10.05957730261895,10.152763088630458,10.010050812586375,1.0002868888773144,1.0003012417605137
ztf,91,original_auto,512,6.097128786643337,0.10574324948786824,0.010016163063214845,8.879678555649246,0.8410967961838443,14.130776191785058,14.061162308082416,14.131015131668104,13.646242737089436,0.9950735980276079,1.0054426832027068
ztf,91,1024,1024,6.097128786643337,0.10574324948786824,0.010016163063214845,17.759357111298492,1.6821935923676885,14.130776191785058,14.098963055054039,14.131015131668104,13.646242737089436,0.9977486631803345,1.0016839653818688
ztf,91,4096,4096,6.097128786643337,0.10574324948786824,0.010016163063214845,71.03742844519397,6.728774369470754,14.130776191785058,14.129148746774652,14.131015131668104,13.646242737089436,0.9998848297511532,1.0001880514547672
ztf,91,8192,8192,6.097128786643337,0.10574324948786824,0.010016163063214845,142.07485689038793,13.457548738941508,14.130776191785058,14.130682350678786,14.131015131668104,13.646242737089436,0.9999933590975472,1.0001129017622277
ztf,92,original_auto,256,2.592972195884331,0.10844935870920477,0.00529057879343308,10.707031827654388,0.5223303872168809,6.131141906761374,6.1077050804296995,6.147716418964871,5.8879708177773535,0.9961774125133479,1.0046403182030368
ztf,92,1024,1024,2.592972195884331,0.10844935870920477,0.00529057879343308,42.82812731061755,2.0893215488675234,6.131141906761374,6.1295146090912835,6.147716418964871,5.8879708177773535,0.9997345848954668,1.0002488819576234
ztf,92,4096,4096,2.592972195884331,0.10844935870920477,0.00529057879343308,171.3125092424702,8.357286195470094,6.131141906761374,6.13069237030862,6.147716418964871,5.8879708177773535,0.9999266798159967,1.0000212766897874
ztf,92,8192,8192,2.592972195884331,0.10844935870920477,0.00529057879343308,342.6250184849404,16.714572390940187,6.131141906761374,6.1311090613087496,6.147716418964871,5.8879708177773535,0.9999946428490608,1.0000094600297835
ztf,93,original_auto,256,2.7996441378122996,0.11107485762193257,0.0054314832133370294,10.156706406777316,0.49665587273560197,8.14715473510631,8.100436168808134,8.168739056007325,7.956231013051018,0.9942656586480597,1.0043649142711375
ztf,93,1024,1024,2.7996441378122996,0.11107485762193257,0.0054314832133370294,40.62682562710926,1.9866234909424079,8.14715473510631,8.148522240960464,8.168739056007325,7.956231013051018,1.0001678507280904,1.0003824781513082
ztf,93,4096,4096,2.7996441378122996,0.11107485762193257,0.0054314832133370294,162.50730250843705,7.9464939637696315,8.14715473510631,8.147825593736917,8.168739056007325,7.956231013051018,1.0000823426892478,1.0000339289112872
ztf,93,8192,8192,2.7996441378122996,0.11107485762193257,0.0054314832133370294,325.0146050168741,15.892987927539263,8.14715473510631,8.14614145536213,8.168739056007325,7.956231013051018,0.9998756277771657,1.0000152522922134
ztf,94,original_auto,256,2.5787707856354554,0.09034766613820674,0.006497060764687104,8.969002852140473,0.6449768878353586,10.177388487203098,10.153689143054722,10.189679463052478,9.535986811188332,0.9976713727516469,1.0066476619654996
ztf,94,1024,1024,2.5787707856354554,0.09034766613820674,0.006497060764687104,35.876011408561894,2.5799075513414342,10.177388487203098,10.165964614656321,10.189679463052478,9.535986811188332,0.9988775241741886,1.0006866304729856
ztf,94,4096,4096,2.5787707856354554,0.09034766613820674,0.006497060764687104,143.50404563424757,10.319630205365737,10.177388487203098,10.175622750635556,10.189679463052478,9.535986811188332,0.9998265039631963,1.0000656205527605
ztf,94,8192,8192,2.5787707856354554,0.09034766613820674,0.006497060764687104,287.00809126849515,20.639260410731474,10.177388487203098,10.177964161981672,10.189679463052478,9.535986811188332,1.000056564095917,1.0000313740923301
ztf,95,original_auto,256,0.8790998203261816,0.058988802728100864,0.01181964767507786,17.17795084156733,3.4419638530892054,14.266082462475328,14.272159632081152,14.38075548686531,13.689755790249801,1.000425987275891,1.0015202488650288
ztf,95,1024,1024,0.8790998203261816,0.058988802728100864,0.01181964767507786,68.71180336626932,13.767855412356822,14.266082462475328,14.256596458908776,14.38075548686531,13.689755790249801,0.9993350659796406,1.0000775374560396
ztf,95,4096,4096,0.8790998203261816,0.058988802728100864,0.01181964767507786,274.8472134650773,55.071421649427286,14.266082462475328,14.264315012586225,14.38075548686531,13.689755790249801,0.9998761082523003,1.0000078117426556
ztf,95,8192,8192,0.8790998203261816,0.058988802728100864,0.01181964767507786,549.6944269301546,110.14284329885457,14.266082462475328,14.265218157621781,14.38075548686531,13.689755790249801,0.9999394154032251,1.0000036349560886
ztf,96,original_auto,256,1.7881105089365266,0.10152123615065108,0.00930351351782474,14.534580678698553,1.3319643549210178,6.161920754471056,6.152476458141156,6.161934069090349,5.988445669813771,0.9984673129197504,1.0018911054933906
ztf,96,1024,1024,1.7881105089365266,0.10152123615065108,0.00930351351782474,58.138322714794214,5.327857419684071,6.161920754471056,6.161248615033241,6.161934069090349,5.988445669813771,0.9998909204670756,1.0000902395612838
ztf,96,4096,4096,1.7881105089365266,0.10152123615065108,0.00930351351782474,232.55329085917685,21.311429678736285,6.161920754471056,6.161884351894792,6.161934069090349,5.988445669813771,0.9999940923329407,1.0000070265333545
ztf,96,8192,8192,1.7881105089365266,0.10152123615065108,0.00930351351782474,465.1065817183537,42.62285935747257,6.161920754471056,6.161919228913379,6.161934069090349,5.988445669813771,0.9999997524217306,1.0000021766436893
ztf,97,original_auto,256,1.763736307083128,0.061636728260996136,0.003688048974635535,8.946350070272334,0.5353070828757385,8.078141137737951,8.047581901833233,8.089704260511393,7.767283461304737,0.9962170460525928,1.0077388808979675
ztf,97,1024,1024,1.763736307083128,0.061636728260996136,0.003688048974635535,35.78540028108934,2.141228331502954,8.078141137737951,8.077187737339566,8.089704260511393,7.767283461304737,0.9998819777493201,1.0008304037607307
ztf,97,4096,4096,1.763736307083128,0.061636728260996136,0.003688048974635535,143.14160112435735,8.564913326011816,8.078141137737951,8.080321905968441,8.089704260511393,7.767283461304737,1.0002699591642812,1.0004239410848152
ztf,97,8192,8192,1.763736307083128,0.061636728260996136,0.003688048974635535,286.2832022487147,17.12982665202363,8.078141137737951,8.078473249103643,8.089704260511393,7.767283461304737,1.0000411123499862,1.0004059003614518
ztf,98,original_auto,256,1.563712351221416,0.09371732965055306,0.009339730613146517,15.342742782457217,1.5290350780294857,10.303442786319305,10.292996723294683,10.304264713705845,9.944364326209556,0.9989861580016253,1.0013970313923364
ztf,98,1024,1024,1.563712351221416,0.09371732965055306,0.009339730613146517,61.37097112982887,6.116140312117943,10.303442786319305,10.301641470312429,10.304264713705845,9.944364326209556,0.9998251733867763,1.0001122709295505
ztf,98,4096,4096,1.563712351221416,0.09371732965055306,0.009339730613146517,245.48388451931547,24.46456124847177,10.303442786319305,10.303193346700915,10.304264713705845,9.944364326209556,0.9999757906533221,1.0000075372931863
ztf,98,8192,8192,1.563712351221416,0.09371732965055306,0.009339730613146517,490.96776903863093,48.92912249694354,10.303442786319305,10.303301384924662,10.304264713705845,9.944364326209556,0.999986276296421,1.0000008164587029
ztf,99,original_auto,256,3.1353574558555573,0.1146308805500567,0.005671693410772158,9.359540605492745,0.46309026437991013,14.240192451079837,14.244367296594454,14.305583776014192,13.619542680647273,1.000293173391368,1.0057651198482516
ztf,99,1024,1024,3.1353574558555573,0.1146308805500567,0.005671693410772158,37.43816242197098,1.8523610575196405,14.240192451079837,14.22821551759131,14.305583776014192,13.619542680647273,0.9991589345769257,1.0005076239524695
ztf,99,4096,4096,3.1353574558555573,0.1146308805500567,0.005671693410772158,149.75264968788392,7.409444230078562,14.240192451079837,14.24085330319746,14.305583776014192,13.619542680647273,1.0000464075271378,1.0000588730458617
ztf,99,8192,8192,3.1353574558555573,0.1146308805500567,0.005671693410772158,299.50529937576783,14.818888460157124,14.240192451079837,14.238729428306009,14.305583776014192,13.619542680647273,0.9998972610251684,1.0000353913113789
ztf,100,original_auto,256,1.5141790925592002,0.05903408506927128,0.007542763528834869,9.980804682879732,1.2752437758984787,6.103178006689538,6.080949206476825,6.11362657133358,5.809502340908769,0.9963578319052225,1.009416376466881
ztf,100,1024,1024,1.5141790925592002,0.05903408506927128,0.007542763528834869,39.92321873151893,5.100975103593915,6.103178006689538,6.103177133441737,6.11362657133358,5.809502340908769,0.9999998569191658,1.00072087406655
ztf,100,4096,4096,1.5141790925592002,0.05903408506927128,0.007542763528834869,159.69287492607572,20.40390041437566,6.103178006689538,6.102843899420368,6.11362657133358,5.809502340908769,0.9999452568368803,1.0000551350389375
ztf,100,8192,8192,1.5141790925592002,0.05903408506927128,0.007542763528834869,319.38574985215143,40.80780082875132,6.103178006689538,6.10311587158254,6.11362657133358,5.809502340908769,0.9999898192209159,1.000022223133197
ztf,101,original_auto,256,3.3659186357733826,0.1101289660171765,0.0030231732125112,8.376024007460689,0.2299319817708671,8.05452241341693,8.024042591386246,8.115012406207608,8.036479168115603,0.9962158126247298,1.0066747224440082
ztf,101,1024,1024,3.3659186357733826,0.1101289660171765,0.0030231732125112,33.504096029842756,0.9197279270834684,8.05452241341693,8.04013674806671,8.115012406207608,8.036479168115603,0.9982139642039785,1.0007805915974144
ztf,101,4096,4096,3.3659186357733826,0.1101289660171765,0.0030231732125112,134.01638411937103,3.6789117083338736,8.05452241341693,8.055867887444562,8.115012406207608,8.036479168115603,1.0001670457860283,1.0002334684870535
ztf,101,8192,8192,3.3659186357733826,0.1101289660171765,0.0030231732125112,268.03276823874205,7.357823416667747,8.05452241341693,8.057250667218325,8.115012406207608,8.036479168115603,1.0003387232242162,1.0002047210157545
ztf,102,original_auto,256,1.2801219066546266,0.07898808922804657,0.00467850353205182,15.79611343049649,0.9356115991602988,10.256843559979265,10.241937735506008,10.27734683640007,9.802839621647808,0.9985467435097268,1.0023512268819164
ztf,102,1024,1024,1.2801219066546266,0.07898808922804657,0.00467850353205182,63.18445372198596,3.742446396641195,10.256843559979265,10.261538837004329,10.27734683640007,9.802839621647808,1.0004577701704824,1.0001683519297833
ztf,102,4096,4096,1.2801219066546266,0.07898808922804657,0.00467850353205182,252.73781488794384,14.96978558656478,10.256843559979265,10.25583821811028,10.27734683640007,9.802839621647808,0.9999019833086948,1.0000223603961165
ztf,102,8192,8192,1.2801219066546266,0.07898808922804657,0.00467850353205182,505.4756297758877,29.93957117312956,10.256843559979265,10.256771764090534,10.27734683640007,9.802839621647808,0.9999930001965701,1.000016705457711
ztf,103,original_auto,512,4.407266759416484,0.1293627930774759,0.013328775325420532,15.028305222086649,1.5484274810537777,14.182008704773612,14.169610223062119,14.184807976027262,13.541805937354289,0.9991257598292603,1.002167255443484
ztf,103,1024,1024,4.407266759416484,0.1293627930774759,0.013328775325420532,30.056610444173298,3.0968549621075554,14.182008704773612,14.173892345388872,14.184807976027262,13.541805937354289,0.9994277002959384,1.000646707984688
ztf,103,4096,4096,4.407266759416484,0.1293627930774759,0.013328775325420532,120.22644177669319,12.387419848430222,14.182008704773612,14.181602874486861,14.184807976027262,13.541805937354289,0.999971384146266,1.000046569325534
ztf,103,8192,8192,4.407266759416484,0.1293627930774759,0.013328775325420532,240.45288355338639,24.774839696860443,14.182008704773612,14.181378591420874,14.184807976027262,13.541805937354289,0.9999555695271485,1.0000140422113186
ztf,104,original_auto,256,1.302468301611052,0.08185608930530985,0.009758247299028099,16.088805260165962,1.91798242265184,6.187088106265442,6.182046607991357,6.189945438084585,6.068691609984012,0.9991851581571985,1.0010897177187132
ztf,104,1024,1024,1.302468301611052,0.08185608930530985,0.009758247299028099,64.35522104066385,7.67192969060736,6.187088106265442,6.186547112954353,6.189945438084585,6.068691609984012,0.999912560916897,1.0000539443071155
ztf,104,4096,4096,1.302468301611052,0.08185608930530985,0.009758247299028099,257.4208841626554,30.68771876242944,6.187088106265442,6.186922775890451,6.189945438084585,6.068691609984012,0.9999732781605577,1.0000034808063176
ztf,104,8192,8192,1.302468301611052,0.08185608930530985,0.009758247299028099,514.8417683253108,61.37543752485888,6.187088106265442,6.186999104111242,6.189945438084585,6.068691609984012,0.9999856148558626,1.000001918249669
ztf,105,original_auto,512,5.243190934542872,0.13147873731328572,0.014877464048318356,12.838959012708802,1.4527911891507552,8.091898396248927,8.080766980995547,8.095296294962518,7.620021172564519,0.9986243753062272,1.0025186668695758
ztf,105,1024,1024,5.243190934542872,0.13147873731328572,0.014877464048318356,25.677918025417604,2.9055823783015104,8.091898396248927,8.090721747747654,8.095296294962518,7.620021172564519,0.9998545893134523,1.0004765316918842
ztf,105,4096,4096,5.243190934542872,0.13147873731328572,0.014877464048318356,102.71167210167042,11.622329513206042,8.091898396248927,8.091775617022293,8.095296294962518,7.620021172564519,0.9999848268946764,1.0000391257954186
ztf,105,8192,8192,5.243190934542872,0.13147873731328572,0.014877464048318356,205.42334420334083,23.244659026412084,8.091898396248927,8.091817619407808,8.095296294962518,7.620021172564519,0.9999900175660686,1.000011847658507
ztf,106,original_auto,256,1.7490566991254863,0.0903798980904044,0.0024049597455156613,13.22841845133549,0.3520009929694326,10.183506399288522,10.152875980511704,10.228468260641195,9.810787185765152,0.9969921540208432,1.0031160294430732
ztf,106,1024,1024,1.7490566991254863,0.0903798980904044,0.0024049597455156613,52.91367380534196,1.4080039718777304,10.183506399288522,10.19393174043432,10.228468260641195,9.810787185765152,1.0010237476893544,1.0003360588102759
ztf,106,4096,4096,1.7490566991254863,0.0903798980904044,0.0024049597455156613,211.65469522136783,5.632015887510922,10.183506399288522,10.184319974938818,10.228468260641195,9.810787185765152,1.000079891504792,1.0002081935693552
ztf,106,8192,8192,1.7490566991254863,0.0903798980904044,0.0024049597455156613,423.30939044273566,11.264031775021843,10.183506399288522,10.184133611520023,10.228468260641195,9.810787185765152,1.0000615909890866,1.0002015060266385
ztf,107,original_auto,256,0.9223436484391988,0.0496254672709924,0.0030811718143014255,13.773737850173438,0.8551909971906329,14.291184486738032,14.211224577499848,14.335498912364063,13.678201624013662,0.994404948777172,1.0043680486443882
ztf,107,1024,1024,0.9223436484391988,0.0496254672709924,0.0030811718143014255,55.09495140069375,3.4207639887625314,14.291184486738032,14.295959104409945,14.335498912364063,13.678201624013662,1.0003340953072395,1.0008200383135897
ztf,107,4096,4096,0.9223436484391988,0.0496254672709924,0.0030811718143014255,220.379805602775,13.683055955050126,14.291184486738032,14.292392933811387,14.335498912364063,13.678201624013662,1.0000845589163359,1.0006010356044794
ztf,107,8192,8192,0.9223436484391988,0.0496254672709924,0.0030811718143014255,440.75961120555,27.36611191010025,14.291184486738032,14.29151508427756,14.335498912364063,13.678201624013662,1.0000231329698273,1.0005907369206402
ztf,108,original_auto,256,2.341304824655897,0.07913567270272832,0.003378936286390681,8.652752942956024,0.36945539094557883,6.081974667625761,6.081730673369035,6.099429594123422,6.00826684536838,0.9999598823951003,1.0024132500101501
ztf,108,1024,1024,2.341304824655897,0.07913567270272832,0.003378936286390681,34.611011771824096,1.4778215637823153,6.081974667625761,6.0861448306994195,6.099429594123422,6.00826684536838,1.0006856593954356,1.000328768402148
ztf,108,4096,4096,2.341304824655897,0.07913567270272832,0.003378936286390681,138.44404708729638,5.911286255129261,6.081974667625761,6.08317834682766,6.099429594123422,6.00826684536838,1.0001979092757993,1.0001280346289698
ztf,108,8192,8192,2.341304824655897,0.07913567270272832,0.003378936286390681,276.88809417459277,11.822572510258523,6.081974667625761,6.082097141366038,6.099429594123422,6.00826684536838,1.000020137167116,1.0001171871439445
ztf,109,original_auto,256,3.274833568480754,0.090648432035531,0.003660118976213815,7.086161209670743,0.2861184968081969,8.045281244601517,7.957064268325795,8.11580200088043,8.009565219130183,0.9890349419002703,1.0100331176660553
ztf,109,1024,1024,3.274833568480754,0.090648432035531,0.003660118976213815,28.34464483868297,1.1444739872327876,8.045281244601517,8.028883781059541,8.11580200088043,8.009565219130183,0.9979618532847464,1.0011949000057543
ztf,109,4096,4096,3.274833568480754,0.090648432035531,0.003660118976213815,113.37857935473188,4.57789594893115,8.045281244601517,8.044274838404295,8.11580200088043,8.009565219130183,0.9998749072696623,1.0003205911200839
ztf,109,8192,8192,3.274833568480754,0.090648432035531,0.003660118976213815,226.75715870946377,9.1557918978623,8.045281244601517,8.046218772033928,8.11580200088043,8.009565219130183,1.0001165313435176,1.0002757010440235
ztf,110,original_auto,256,2.1198856270039945,0.09563682761135053,0.0025735575981569656,11.549221126192203,0.3107859861568568,10.130684690786783,10.143162685059703,10.216957618772673,10.112549947035,1.0012317029553066,1.0065367686214
ztf,110,1024,1024,2.1198856270039945,0.09563682761135053,0.0025735575981569656,46.19688450476881,1.2431439446274273,10.130684690786783,10.116720062599935,10.216957618772673,10.112549947035,0.9986215513942954,1.0005514416361938
ztf,110,4096,4096,2.1198856270039945,0.09563682761135053,0.0025735575981569656,184.78753801907524,4.972575778509709,10.130684690786783,10.132026182774068,10.216957618772673,10.112549947035,1.0001324186891833,1.0002471229936545
ztf,110,8192,8192,2.1198856270039945,0.09563682761135053,0.0025735575981569656,369.5750760381505,9.945151557019418,10.130684690786783,10.131225202267805,10.216957618772673,10.112549947035,1.0000533538943832,1.00023023572538
ztf,111,original_auto,256,2.044410182440653,0.09955552116490828,0.004943788312915316,12.466291567668984,0.6190586502535482,14.222748671494937,14.180907773500072,14.266138235467107,13.819553582260703,0.997058170754383,1.0038343331787898
ztf,111,1024,1024,2.044410182440653,0.09955552116490828,0.004943788312915316,49.865166270675935,2.476234601014193,14.222748671494937,14.21447074082647,14.266138235467107,13.819553582260703,0.999417979543922,1.0002825019471326
ztf,111,4096,4096,2.044410182440653,0.09955552116490828,0.004943788312915316,199.46066508270374,9.904938404056772,14.222748671494937,14.217478996999729,14.266138235467107,13.819553582260703,0.9996294897268507,1.0000475540019027
ztf,111,8192,8192,2.044410182440653,0.09955552116490828,0.004943788312915316,398.9213301654075,19.809876808113543,14.222748671494937,14.221088319111498,14.266138235467107,13.819553582260703,0.9998832607942537,1.0000365448303363
ztf,112,original_auto,256,3.1376094491341227,0.09610415800616832,0.015338211920690785,7.841213142817574,1.2514566632186963,6.080550873018466,6.06781844703058,6.106099923135299,5.716620049886588,0.9979060407101625,1.0075557766793803
ztf,112,1024,1024,3.1376094491341227,0.09610415800616832,0.015338211920690785,31.364852571270298,5.005826652874785,6.080550873018466,6.076599983771403,6.106099923135299,5.716620049886588,0.9993502415604161,1.0005551677240383
ztf,112,4096,4096,3.1376094491341227,0.09610415800616832,0.015338211920690785,125.45941028508119,20.02330661149914,6.080550873018466,6.078481531728844,6.106099923135299,5.716620049886588,0.9996596786487217,1.000039803090492
ztf,112,8192,8192,3.1376094491341227,0.09610415800616832,0.015338211920690785,250.91882057016238,40.04661322299828,6.080550873018466,6.080663852981859,6.106099923135299,5.716620049886588,1.0000185805473472,1.0000111951248127
ztf,113,original_auto,256,1.8759065306368357,0.09737476119269355,0.004778122568651164,13.28847597586164,0.6520577425355218,8.132434827115715,8.071870131755087,8.153353798454305,7.960901157965618,0.9925526983433438,1.003380004227897
ztf,113,1024,1024,1.8759065306368357,0.09737476119269355,0.004778122568651164,53.15390390344656,2.6082309701420874,8.132434827115715,8.12955948485416,8.153353798454305,7.960901157965618,0.9996464352530725,1.0002283213377245
ztf,113,4096,4096,1.8759065306368357,0.09737476119269355,0.004778122568651164,212.61561561378625,10.43292388056835,8.132434827115715,8.131730285088734,8.153353798454305,7.960901157965618,0.9999133664096967,1.000023255470386
ztf,113,8192,8192,1.8759065306368357,0.09737476119269355,0.004778122568651164,425.2312312275725,20.8658477611367,8.132434827115715,8.13180519294745,8.153353798454305,7.960901157965618,0.999922577409884,1.000014794646378
ztf,114,original_auto,256,2.5557724089049247,0.08110862019849564,0.0034906690444297325,8.124278475841118,0.34964430802228524,10.042306048778466,9.918981813244345,10.138091068299202,9.882974137297388,0.9877195302617647,1.0141795063203303
ztf,114,1024,1024,2.5557724089049247,0.08110862019849564,0.0034906690444297325,32.49711390336447,1.398577232089141,10.042306048778466,10.024703179398303,10.138091068299202,9.882974137297388,0.9982471287675699,1.0016858032618046
ztf,114,4096,4096,2.5557724089049247,0.08110862019849564,0.0034906690444297325,129.9884556134579,5.594308928356564,10.042306048778466,10.039750156760368,10.138091068299202,9.882974137297388,0.9997454875398456,1.0005632950252727
ztf,114,8192,8192,2.5557724089049247,0.08110862019849564,0.0034906690444297325,259.9769112269158,11.188617856713128,10.042306048778466,10.04218849531617,10.138091068299202,9.882974137297388,0.9999882941764845,1.000503260425664
ztf,115,original_auto,256,0.8012575116224129,0.06803658684190204,0.008868327569869976,21.737538779835788,2.8334110132580865,14.49648702839696,14.486764027312306,14.52721005387534,13.28380186633034,0.9993292857044878,1.001503431976042
ztf,115,1024,1024,0.8012575116224129,0.06803658684190204,0.008868327569869976,86.95015511934315,11.333644053032346,14.49648702839696,14.49764660926505,14.52721005387534,13.28380186633034,1.0000799904739555,1.000097238171328
ztf,115,4096,4096,0.8012575116224129,0.06803658684190204,0.008868327569869976,347.8006204773726,45.334576212129384,14.49648702839696,14.496117785724927,14.52721005387534,13.28380186633034,0.9999745288171328,1.0000080648275345
ztf,115,8192,8192,0.8012575116224129,0.06803658684190204,0.008868327569869976,695.6012409547452,90.66915242425877,14.49648702839696,14.496026209869791,14.52721005387534,13.28380186633034,0.9999682117104465,1.0000046571958043
ztf,116,original_auto,256,2.53449486882364,0.0654063717294622,0.004424017204790291,6.6064569191706015,0.4468536978936459,6.058240539826162,6.008643182277396,6.073910722079155,5.765379311028882,0.9918132406227982,1.0079193697733437
ztf,116,1024,1024,2.53449486882364,0.0654063717294622,0.004424017204790291,26.425827676682406,1.7874147915745835,6.058240539826162,6.046444909425601,6.073910722079155,5.765379311028882,0.9980529610333201,1.0011196453878863
ztf,116,4096,4096,2.53449486882364,0.0654063717294622,0.004424017204790291,105.70331070672962,7.149659166298334,6.058240539826162,6.059317370134686,6.073910722079155,5.765379311028882,1.0001777463772599,1.0002953577619405
ztf,116,8192,8192,2.53449486882364,0.0654063717294622,0.004424017204790291,211.40662141345925,14.299318332596668,6.058240539826162,6.058153724363767,6.073910722079155,5.765379311028882,0.9999856698554929,1.0002438288509317
ztf,117,original_auto,512,6.1801733572205935,0.0852690421324723,0.006112408927518409,7.064162612982106,0.5063860170253991,8.002594818080407,7.89322815092296,8.041626923976215,7.5317913374359025,0.9863335993332621,1.0266522244897864
ztf,117,1024,1024,6.1801733572205935,0.0852690421324723,0.006112408927518409,14.128325225964211,1.0127720340507982,8.002594818080407,7.921331536917713,8.041626923976215,7.5317913374359025,0.9898453835274661,1.0082462448135305
ztf,117,4096,4096,6.1801733572205935,0.0852690421324723,0.006112408927518409,56.513300903856845,4.051088136203193,8.002594818080407,7.986364382176545,8.041626923976215,7.5317913374359025,0.9979718533459682,1.0015706154897583
ztf,117,8192,8192,6.1801733572205935,0.0852690421324723,0.006112408927518409,113.02660180771369,8.102176272406385,8.002594818080407,7.995969982464724,8.041626923976215,7.5317913374359025,0.9991721640584982,1.0011397594994653
ztf,118,original_auto,256,0.9308716751241949,0.07695944500643484,0.008325182473055477,21.164698043926165,2.2895172020545753,10.358769453800129,10.34258196270015,10.363478394600113,9.907329030573043,0.9984373152455825,1.001304821146888
ztf,118,1024,1024,0.9308716751241949,0.07695944500643484,0.008325182473055477,84.65879217570466,9.158068808218301,10.358769453800129,10.358540429304046,10.363478394600113,9.907329030573043,0.9999778907623049,1.0000804417339038
ztf,118,4096,4096,0.9308716751241949,0.07695944500643484,0.008325182473055477,338.63516870281865,36.632275232873205,10.358769453800129,10.359157246627843,10.363478394600113,9.907329030573043,1.0000374361867443,1.0000069237847264
ztf,118,8192,8192,0.9308716751241949,0.07695944500643484,0.008325182473055477,677.2703374056373,73.26455046574641,10.358769453800129,10.35886060932,10.363478394600113,9.907329030573043,1.000008799840587,1.000003612853401
ztf,119,original_auto,256,0.9291148810482012,0.07014670256906183,0.0020965040457604223,19.3275947075787,0.5776519638875793,14.476567054057055,14.454264048970115,14.564458845245316,14.220890416868606,0.9984593719627273,1.001480910369745
ztf,119,1024,1024,0.9291148810482012,0.07014670256906183,0.0020965040457604223,77.3103788303148,2.3106078555503173,14.476567054057055,14.471966123007157,14.564458845245316,14.220890416868606,0.9996821807937809,1.0003306592038743
ztf,119,4096,4096,0.9291148810482012,0.07014670256906183,0.0020965040457604223,309.2415153212592,9.24243142220127,14.476567054057055,14.475775022559912,14.564458845245316,14.220890416868606,0.9999452887211322,1.0002555486594158
ztf,119,8192,8192,0.9291148810482012,0.07014670256906183,0.0020965040457604223,618.4830306425184,18.48486284440254,14.476567054057055,14.475788360584126,14.564458845245316,14.220890416868606,0.9999462100738371,1.0002531011743414
ztf,120,original_auto,512,5.13187500024078,0.09343505501991292,0.004828801205078108,9.321884918855368,0.48176275082382025,6.010537675981914,5.970767124707479,6.040906834016431,5.8639405911867835,0.9933831957441415,1.0123545161627168
ztf,120,1024,1024,5.13187500024078,0.09343505501991292,0.004828801205078108,18.643769837710735,0.9635255016476405,6.010537675981914,6.029997428040889,6.040906834016431,5.8639405911867835,1.0032376058695607,1.0023757634074295
ztf,120,4096,4096,5.13187500024078,0.09343505501991292,0.004828801205078108,74.57507935084294,3.854102006590562,6.010537675981914,6.013903494737784,6.040906834016431,5.8639405911867835,1.0005599863002805,1.0004981059816622
ztf,120,8192,8192,5.13187500024078,0.09343505501991292,0.004828801205078108,149.15015870168588,7.708204013181124,6.010537675981914,6.008840740628595,6.040906834016431,5.8639405911867835,0.9997176732856862,1.0003976991225272
ztf,121,original_auto,512,5.044717122026037,0.1400961488425466,0.013336045932588088,14.218681934454292,1.3535061237968578,8.107084794771197,8.08769955512955,8.107359550144492,7.888858605232289,0.9976088519939806,1.0021096961511662
ztf,121,1024,1024,5.044717122026037,0.1400961488425466,0.013336045932588088,28.437363868908584,2.7070122475937155,8.107084794771197,8.105969614406355,8.107359550144492,7.888858605232289,0.9998624437275454,1.000534279857273
ztf,121,4096,4096,5.044717122026037,0.1400961488425466,0.013336045932588088,113.74945547563433,10.828048990374862,8.107084794771197,8.107000985547971,8.107359550144492,7.888858605232289,0.9999896622244189,1.0000336667609393
ztf,121,8192,8192,5.044717122026037,0.1400961488425466,0.013336045932588088,227.49891095126867,21.656097980749724,8.107084794771197,8.107056316500067,8.107359550144492,7.888858605232289,0.9999964872365529,1.0000089984934182
ztf,122,original_auto,256,3.6059553477703226,0.09703662338045731,0.01694384931746152,6.888985910698336,1.20290602820477,10.054611550108602,9.9462603044201,10.099956622781285,9.252633711176008,0.9892237263320898,1.0142734703834915
ztf,122,1024,1024,3.6059553477703226,0.09703662338045731,0.01694384931746152,27.555943642793345,4.81162411281908,10.054611550108602,10.037806576467775,10.099956622781285,9.252633711176008,0.9983286302452286,1.0008309544783167
ztf,122,4096,4096,3.6059553477703226,0.09703662338045731,0.01694384931746152,110.22377457117338,19.24649645127632,10.054611550108602,10.050788775767435,10.099956622781285,9.252633711176008,0.9996197989030093,1.000060984831479
ztf,122,8192,8192,3.6059553477703226,0.09703662338045731,0.01694384931746152,220.44754914234676,38.49299290255264,10.054611550108602,10.052976271611616,10.099956622781285,9.252633711176008,0.9998373603506375,1.0000192123955103
ztf,123,original_auto,256,1.8436136830095453,0.08689567815415045,0.002598492834935906,12.0661360959032,0.360820800948757,14.128802264496272,14.035146145275744,14.276320261279979,13.830177268303121,0.9933712626543105,1.0065723434000664
ztf,123,1024,1024,1.8436136830095453,0.08689567815415045,0.002598492834935906,48.2645443836128,1.443283203795028,14.128802264496272,14.128658246378343,14.276320261279979,13.830177268303121,0.9999898067709326,1.000953417292469
ztf,123,4096,4096,1.8436136830095453,0.08689567815415045,0.002598492834935906,193.0581775344512,5.773132815180112,14.128802264496272,14.123147981648788,14.276320261279979,13.830177268303121,0.999599804516927,1.0005397579069208
ztf,123,8192,8192,1.8436136830095453,0.08689567815415045,0.002598492834935906,386.1163550689024,11.546265630360224,14.128802264496272,14.129392530117281,14.276320261279979,13.830177268303121,1.0000417774705852,1.000516704938298
ztf,124,original_auto,256,1.1551069186144878,0.06372866218654953,0.002680516075084908,14.123833263266594,0.5940680504665533,6.114858727319769,6.09316257177831,6.154600569930792,5.956258103933717,0.9964518958640001,1.0031244755210245
ztf,124,1024,1024,1.1551069186144878,0.06372866218654953,0.002680516075084908,56.495333053066375,2.3762722018662132,6.114858727319769,6.105836648933349,6.154600569930792,5.956258103933717,0.9985245647056225,1.000325569088663
ztf,124,4096,4096,1.1551069186144878,0.06372866218654953,0.002680516075084908,225.9813322122655,9.505088807464853,6.114858727319769,6.113505706322457,6.154600569930792,5.956258103933717,0.9997787322556994,1.0001047752938257
ztf,124,8192,8192,1.1551069186144878,0.06372866218654953,0.002680516075084908,451.962664424531,19.010177614929706,6.114858727319769,6.115062867923328,6.154600569930792,5.956258103933717,1.0000333843532063,1.0000929319967986
ztf,125,original_auto,256,2.095790634830513,0.10663051049417024,0.009818290207336822,13.024874829023716,1.1993002790001932,8.197150491601148,8.173193081858955,8.197186173910122,7.89077500301751,0.9970773490413846,1.0025834126568862
ztf,125,1024,1024,2.095790634830513,0.10663051049417024,0.009818290207336822,52.099499316094864,4.797201116000773,8.197150491601148,8.195660898048684,8.197186173910122,7.89077500301751,0.9998182791015012,1.000166662985167
ztf,125,4096,4096,2.095790634830513,0.10663051049417024,0.009818290207336822,208.39799726437946,19.18880446400309,8.197150491601148,8.197103816710397,8.197186173910122,7.89077500301751,0.9999943059614681,1.0000114211972366
ztf,125,8192,8192,2.095790634830513,0.10663051049417024,0.009818290207336822,416.7959945287589,38.37760892800618,8.197150491601148,8.197131849156639,8.197186173910122,7.89077500301751,0.9999977257408501,1.0000031231506528
ztf,126,original_auto,512,4.796225102633639,0.12781055560363247,0.0067537077981574475,13.643855963542418,0.7209624900127932,10.10621611114373,10.105282804155399,10.131955754138353,9.521404787580568,0.9999076502047782,1.0034137529869684
ztf,126,1024,1024,4.796225102633639,0.12781055560363247,0.0067537077981574475,27.287711927084835,1.4419249800255864,10.10621611114373,10.122575097838546,10.131955754138353,9.521404787580568,1.0016187054101067,1.0008232431592194
ztf,126,4096,4096,4.796225102633639,0.12781055560363247,0.0067537077981574475,109.15084770833934,5.767699920102346,10.10621611114373,10.10598151206973,10.131955754138353,9.521404787580568,0.9999767866557157,1.0000722728059879
ztf,126,8192,8192,4.796225102633639,0.12781055560363247,0.0067537077981574475,218.30169541667868,11.535399840204692,10.10621611114373,10.108813415534883,10.131955754138353,9.521404787580568,1.0002570006778588,1.0000334471548533
ztf,127,original_auto,512,5.468819261530853,0.12205971580558594,0.016980091389690935,11.427434607697435,1.589704536896353,14.154412868768558,14.13690298822732,14.171798841926902,13.275443456800014,0.9987629384063063,1.0036091956152415
ztf,127,1024,1024,5.468819261530853,0.12205971580558594,0.016980091389690935,22.85486921539487,3.179409073792706,14.154412868768558,14.149149324908434,14.171798841926902,13.275443456800014,0.9996281340731739,1.0009363953887696
ztf,127,4096,4096,5.468819261530853,0.12205971580558594,0.016980091389690935,91.41947686157948,12.717636295170824,14.154412868768558,14.154715361819378,14.171798841926902,13.275443456800014,1.0000213709359493,1.000050874975989
ztf,127,8192,8192,5.468819261530853,0.12205971580558594,0.016980091389690935,182.83895372315897,25.435272590341647,14.154412868768558,14.15486918036143,14.171798841926902,13.275443456800014,1.0000322381152156,1.0000156265771523
